scope,element,count_within_person,people_n,people_pct
full,木,0,873,0.1984090909090909
full,木,1,1790,0.4068181818181818
full,木,2,1368,0.3109090909090909
full,木,3,349,0.07931818181818182
full,木,4,20,0.004545454545454545
full,木,5,0,0.0
full,木,6,0,0.0
full,火,0,607,0.13795454545454544
full,火,1,1742,0.39590909090909093
full,火,2,1487,0.33795454545454545
full,火,3,497,0.11295454545454546
full,火,4,61,0.013863636363636364
full,火,5,6,0.0013636363636363637
full,火,6,0,0.0
full,土,0,652,0.1481818181818182
full,土,1,1298,0.295
full,土,2,1267,0.28795454545454546
full,土,3,789,0.17931818181818182
full,土,4,313,0.07113636363636364
full,土,5,68,0.015454545454545455
full,土,6,13,0.0029545454545454545
full,金,0,1995,0.45340909090909093
full,金,1,1691,0.38431818181818184
full,金,2,612,0.1390909090909091
full,金,3,98,0.022272727272727274
full,金,4,4,0.0009090909090909091
full,金,5,0,0.0
full,金,6,0,0.0
full,水,0,1987,0.4515909090909091
full,水,1,1750,0.3977272727272727
full,水,2,568,0.1290909090909091
full,水,3,94,0.021363636363636362
full,水,4,1,0.00022727272727272727
full,水,5,0,0.0
full,水,6,0,0.0
known,木,0,764,0.1992696922274387
known,木,1,1556,0.40584246218049036
known,木,2,1195,0.3116849243609807
known,木,3,301,0.07850808555033907
known,木,4,18,0.004694835680751174
known,木,5,0,0.0
known,木,6,0,0.0
known,火,0,523,0.1364110589462702
known,火,1,1527,0.3982785602503912
known,火,2,1292,0.3369848721961398
known,火,3,430,0.11215440792905582
known,火,4,57,0.01486697965571205
known,火,5,5,0.0013041210224308817
known,火,6,0,0.0
known,土,0,575,0.1499739175795514
known,土,1,1120,0.2921231090245175
known,土,2,1117,0.29134063641105895
known,土,3,684,0.1784037558685446
known,土,4,275,0.07172665623369849
known,土,5,53,0.013823682837767345
known,土,6,10,0.0026082420448617634
known,金,0,1712,0.44653103808033384
known,金,1,1492,0.38914971309337504
known,金,2,538,0.14032342201356285
known,金,3,89,0.023213354199269693
known,金,4,3,0.000782472613458529
known,金,5,0,0.0
known,金,6,0,0.0
known,水,0,1743,0.45461658841940533
known,水,1,1509,0.3935837245696401
known,水,2,505,0.13171622326551904
known,水,3,76,0.0198226395409494
known,水,4,1,0.0002608242044861763
known,水,5,0,0.0
known,水,6,0,0.0
north,木,0,709,0.2
north,木,1,1434,0.4045133991537377
north,木,2,1107,0.31227080394922424
north,木,3,280,0.07898448519040903
north,木,4,15,0.004231311706629055
north,木,5,0,0.0
north,木,6,0,0.0
north,火,0,477,0.13455571227080396
north,火,1,1412,0.3983074753173484
north,火,2,1213,0.34217207334273625
north,火,3,387,0.10916784203102962
north,火,4,53,0.014950634696755994
north,火,5,3,0.000846262341325811
north,火,6,0,0.0
north,土,0,532,0.15007052186177716
north,土,1,1034,0.29167842031029617
north,土,2,1036,0.2922425952045134
north,土,3,633,0.17856135401974613
north,土,4,250,0.07052186177715092
north,土,5,50,0.014104372355430184
north,土,6,10,0.0028208744710860366
north,金,0,1577,0.444851904090268
north,金,1,1384,0.39040902679830747
north,金,2,499,0.14076163610719322
north,金,3,82,0.0231311706629055
north,金,4,3,0.000846262341325811
north,金,5,0,0.0
north,金,6,0,0.0
north,水,0,1608,0.4535966149506347
north,水,1,1406,0.39661495063469676
north,水,2,459,0.1294781382228491
north,水,3,71,0.02002820874471086
north,水,4,1,0.00028208744710860365
north,水,5,0,0.0
north,水,6,0,0.0
