fide_id_1994,modern_fide_ids,name,all_names,cohorts,audit_reasons,dob_statuses_v2,olimpbase_profile_dobs,exact_dob_1994_repaired,wikidata_exact_dobs,exact_dob_final_v2,olimpbase_profile_urls,wikidata_qids,priority,resolution_status,final_dob_manual,source_1_url,source_2_url,source_level,resolution_note,exclude,decision_side
4107985,4107985,"Arbatskaia, N.","Arbatskaia, N.",1994_F_augmented,manual_review_v3,no_wikidata_match_on_modern_id,,,,,"https://olimpbase.org/Elo/player/A/Arbatskaia,%20N..html",,1,unresolved_exclude,,"https://olimpbase.org/Elo/player/A/Arbatskaia,%20N..html",,,No reliable day-level DOB found after targeted search; OlimpBase profile has no usable exact DOB.,True,unresolved
4119525,4119525,"Askhabova, A.","Askhabova, A.",1994_F_augmented,manual_review_v3,no_wikidata_match_on_modern_id,,,,,"https://olimpbase.org/Elo/player/A/Askhabova,%20A..html",,1,unresolved_exclude,,"https://olimpbase.org/Elo/player/A/Askhabova,%20A..html",,,Only partial biographical information/year (1974) could be corroborated; no reliable YYYY-MM-DD found.,True,unresolved
14400073,14400073,"Basagic, Vesna","Basagic, Vesna",1994_F_augmented,manual_review_v3,profile_conflict_wikidata_candidate,,,1964-11-27,,"https://olimpbase.org/Elo/player/B/Basagic,%20Vesna.html",Q7923258,1,resolved,1964-11-27,https://en.wikipedia.org/wiki/Vesna_Caselotti,https://www.perpetualcheck.com/show/oldp.php?job=a&lan=en,1.0,Resolved as Vesna Mišanović/Caselotti; independent chess-biographical sources agree on 27 Nov 1964.,False,wikidata_candidate
14100800,2806452,"Borsuk, Angela","Borsuk, Angela",1994_F_augmented,manual_review_v3,profile_conflict_wikidata_candidate,,,1967-08-29,,"https://olimpbase.org/Elo/player/B/Borsuk,%20Angela.html",Q634517,1,resolved,1967-08-29,https://en.wikipedia.org/wiki/Angela_Borsuk,,3.0,Public biographical source gives 29 Aug 1967; no contradictory day-level source found in targeted verification.,False,wikidata_candidate
4119312,4119312,"Chernova, Natalja","Chernova, Natalja",1994_F_augmented,manual_review_v3,no_wikidata_match_on_modern_id,,,,,"https://olimpbase.org/Elo/player/C/Chernova,%20Natalja.html",,1,unresolved_exclude,,"https://olimpbase.org/Elo/player/C/Chernova,%20Natalja.html",,,Only birth year (1947) could be corroborated; no reliable day-level DOB found.,True,unresolved
4101235,4101235,"Dvoretzky, Mark","Dvoretzky, Mark",1994_M_augmented,manual_review_v3,profile_conflict_manual_review,,,,,"https://olimpbase.org/Elo/player/D/Dvoretzky,%20Mark.html",,1,resolved,1947-12-09,https://www.chess.com/players/mark-dvoretsky,https://en.wikipedia.org/wiki/Mark_Dvoretsky,1.0,Independent mainstream chess/biographical sources agree on 9 Dec 1947.,False,external_resolution
306088,306088,"Hallerova, Eva","Hallerova, Eva",1994_F_augmented,manual_review_v3,no_wikidata_match_on_modern_id,,,,,"https://olimpbase.org/Elo/player/H/Hallerova,%20Eva.html",,1,resolved,1975-08-19,https://old.chess.cz/www/informace/elo/fide/_20040401/zebricky.html,,2.0,Czech Chess Federation historical rating list gives 19 Aug 1975.,False,external_resolution
2801485,2801485,"Har-Zvi, Ronen","Har-Zvi, Ronen",1994_M_augmented,manual_review_v3,profile_conflict_wikidata_candidate,,,1976-10-13,,"https://olimpbase.org/Elo/player/H/Har-Zvi,%20Ronen.html",Q2022678,1,resolved,1976-10-13,https://en.wikipedia.org/wiki/Ronen_Har-Zvi,https://www.mochess.org/Bulletin/MCB_Spring_Summer_13.pdf,1.0,Independent biographical/chess sources agree on 13 Oct 1976.,False,wikidata_candidate
14400545,14400545,"Kapetanovic, Armin","Kapetanovic, Armin",1994_M_augmented,manual_review_v3,wikidata_item_no_dob,,,,,"https://olimpbase.org/Elo/player/K/Kapetanovic,%20Armin.html",Q27579972,1,unresolved_exclude,,"https://olimpbase.org/Elo/player/K/Kapetanovic,%20Armin.html",https://www.wikidata.org/wiki/Q27579972,,OlimpBase has no exact DOB and Wikidata item has no day-level DOB; targeted search did not resolve it.,True,unresolved
8600520,8600520,"Lu, Xiaosha","Lu, Xiaosha",1994_F_augmented,manual_review_v3,wikidata_not_day_precision,,,,,"https://olimpbase.org/Elo/player/L/Lu,%20Xiaosha.html",Q27598364,1,unresolved_exclude,,"https://olimpbase.org/Elo/player/L/Lu,%20Xiaosha.html",https://www.wikidata.org/wiki/Q27598364,,Only birth year (1973) is available in the identity-matched structured record; no reliable YYYY-MM-DD found.,True,unresolved
4600258,4600258,"Mainka, Romuald","Mainka, Romuald",1994_M_augmented,manual_review_v3,profile_conflict_wikidata_candidate,,,1963-05-15,,"https://olimpbase.org/Elo/player/M/Mainka,%20Romuald.html",Q96634,1,resolved,1963-05-15,https://www.schachbund.de/gm-liste.html,https://info-gliwice.pl/slawni-ludzie/romuald-mainka,1.0,German Chess Federation GM list and independent local biography agree on 15 May 1963.,False,wikidata_candidate
4500024,4500024,"Oll, Lembit","Oll, Lembit",1994_M_augmented,manual_review_v3,profile_conflict_wikidata_candidate,,,1997-06-17,,"https://olimpbase.org/Elo/player/O/Oll,%20Lembit.html",Q16405443,1,resolved,1966-04-23,https://en.wikipedia.org/wiki/Lembit_Oll,https://www.wikidata.org/wiki/Q964813,2.0,Modern structured biographical sources identify Lembit Oll as born 23 Apr 1966; prior 1997 Wikidata candidate was a wrong-entity join.,False,external_resolution
4100905,2011271,"Orlov, Georgi","Orlov, Georgi",1994_M_augmented,manual_review_v3,wikidata_not_day_precision,,,,,"https://olimpbase.org/Elo/player/O/Orlov,%20Georgi.html",Q27529059,1,unresolved_exclude,,"https://olimpbase.org/Elo/player/O/Orlov,%20Georgi.html",https://www.wikidata.org/wiki/Q27529059,,Only partial DOB (November 1964 / year-month level) could be corroborated; exact day unresolved.,True,unresolved
100153,100153,"Panno, Oscar","Panno, Oscar",1994_M_augmented,manual_review_v3,profile_conflict_wikidata_candidate,,,1935-03-17,,"https://olimpbase.org/Elo/player/P/Panno,%20Oscar.html",Q293409,1,resolved,1935-03-17,https://ajedrezconpanno.com/nosotros,https://en.chessbase.com/post/oscar-panno-turns-90,1.0,Panno's own/official site and ChessBase agree on 17 Mar 1935.,False,wikidata_candidate
13700260,13700260,"Peregudov, Nickolai","Peregudov, Nickolai",1994_M_augmented,manual_review_v3,wikidata_not_day_precision,,,,,"https://olimpbase.org/Elo/player/P/Peregudov,%20Nickolai.html",Q27529793,1,unresolved_exclude,,"https://olimpbase.org/Elo/player/P/Peregudov,%20Nickolai.html",https://www.wikidata.org/wiki/Q27529793,,Structured sources do not provide day precision; targeted search did not yield a reliable exact DOB.,True,unresolved
4600215,4600215,"Podzielny, Karl-Heinz","Podzielny, Karl-Heinz",1994_M_augmented,manual_review_v3,profile_conflict_wikidata_candidate,,,1954-09-10,,"https://olimpbase.org/Elo/player/P/Podzielny,%20Karl-Heinz.html",Q1729954,1,resolved,1954-09-10,https://de.wikipedia.org/wiki/Karl-Heinz_Podzielny,"https://olimpbase.org/Elo/player/P/Podzielny,%20Karl-Heinz.html",3.0,"10 Sep 1954 is repeatedly used in modern biography and historical rating-list entries; OlimpBase profile flags historical DOB variation, so retained as level 3.",False,wikidata_candidate
4109791,4109791,"Putjatina, Nadezhda","Putjatina, Nadezhda",1994_F_augmented,manual_review_v3,no_wikidata_match_on_modern_id,,,,,"https://olimpbase.org/Elo/player/P/Putjatina,%20Nadezhda.html",,1,unresolved_exclude,,"https://olimpbase.org/Elo/player/P/Putjatina,%20Nadezhda.html",,,No reliable day-level DOB found after targeted search.,True,unresolved
3500039,3500039,"Rodriguez, Amador","Rodriguez, Amador",1994_M_augmented,manual_review_v3,profile_conflict_wikidata_candidate,,,1956-09-08,,"https://olimpbase.org/Elo/player/R/Rodriguez,%20Amador.html",Q658013,1,resolved,1956-09-08,https://www.wikidata.org/wiki/Q658013,https://es.wikipedia.org/wiki/Amador_Rodr%C3%ADguez_C%C3%A9spedes,2.0,Wikidata cites the Catalan Sports Encyclopedia; Spanish biography text also gives 8 Sep 1956.,False,wikidata_candidate
13700235,13700235,"Sergeeva, Tatyana","Sergeeva, Tatyana",1994_F_augmented,manual_review_v3,no_wikidata_match_on_modern_id,,,,,"https://olimpbase.org/Elo/player/S/Sergeeva,%20Tatyana.html",,1,resolved,1957-01-01,"https://ru.wikipedia.org/wiki/%D0%A1%D0%B5%D1%80%D0%B3%D0%B5%D0%B5%D0%B2%D0%B0,_%D0%A2%D0%B0%D1%82%D1%8C%D1%8F%D0%BD%D0%B0_%D0%98%D0%BB%D1%8C%D0%B8%D0%BD%D0%B8%D1%87%D0%BD%D0%B0",https://chess.stackexchange.com/questions/29681/unknown-women-international-masters,3.0,Russian biography gives 1 Jan 1957; secondary chess-source discussion quotes the Kazakhstan sports encyclopedia with the same date.,False,external_resolution
4116437,4116437,"Svechnikova, M.","Svechnikova, M.",1994_F_augmented,manual_review_v3,wikidata_not_day_precision,,,,,"https://olimpbase.org/Elo/player/S/Svechnikova,%20M..html",Q27598066,1,unresolved_exclude,,"https://olimpbase.org/Elo/player/S/Svechnikova,%20M..html",https://www.wikidata.org/wiki/Q27598066,,Wikidata/other structured data lack day precision; no reliable exact DOB found.,True,unresolved
8600570,8600570,"Xiao, Hong","Xiao, Hong",1994_F_augmented,manual_review_v3,no_wikidata_match_on_modern_id,,,,,"https://olimpbase.org/Elo/player/X/Xiao,%20Hong.html",,1,resolved,1967-12-15,https://fide.com/images/stories/NEWS_2011/fide_news/Agenda_and_Annexes_2011/Annex_23_-_Addition.pdf,,2.0,Official FIDE International Arbiter application/annex gives 15 Dec 1967.,False,external_resolution
4108868,4108868,"Alekhina, Natalia V.","Alekhina, Natalia V.",1994_F_augmented,profile_vs_wikidata_disagree,olimpbase_profile_confirms_1994_row,1954-11-03,1954-11-03,1954-02-03,1954-11-03,"https://olimpbase.org/Elo/player/A/Alekhina,%20Natalia%20V..html",Q7506069,2,resolved,1954-02-03,https://ruchess.ru/persons_of_day/natalya_alekhina_pd/?date=4.2026,https://ratings.ruchess.ru/people/287079,2.0,Russian Chess Federation biography explicitly states 3 Feb 1954; choose this over the old OlimpBase 3 Nov date.,False,wikidata_candidate
100536,100536,"Amura, Claudia N.","Amura, Claudia N.",1994_F_augmented,profile_vs_wikidata_disagree,olimpbase_profile_confirms_1994_row,1970-09-26,1970-09-26,1970-08-26,1970-09-26,"https://olimpbase.org/Elo/player/A/Amura,%20Claudia%20N..html",Q276395,2,resolved,1970-08-26,https://www.fundacionkonex.org/b1772-claudia-noemi-amura,,2.0,Fundación Konex biography explicitly states 26/08/1970; choose this over old OlimpBase 26 Sep.,False,wikidata_candidate
401510,401510,"Arkell, Susan","Arkell, Susan",1994_F_augmented,profile_vs_wikidata_disagree,olimpbase_profile_confirms_1994_row,1965-10-20,1965-10-20,1965-10-28,1965-10-20,"https://olimpbase.org/Elo/player/A/Arkell,%20Susan.html",Q5157522,2,resolved,1965-10-28,https://britishchessnews.com/event/birthday-of-im-susan-kathryn-lalic-28-xi-1965/,https://en.wikipedia.org/wiki/Susan_Lalic,1.0,Detailed British Chess News biography and modern biography agree on 28 Oct 1965; old OlimpBase 20 Oct is rejected.,False,wikidata_candidate
14100401,928615,"Chelushkina, Irina","Chelushkina, Irina",1994_F_augmented,profile_vs_wikidata_disagree,olimpbase_profile_confirms_1994_row,1962-02-01,1962-02-01,1961-02-01,1962-02-01,"https://olimpbase.org/Elo/player/C/Chelushkina,%20Irina.html",Q4508636,2,resolved,1961-02-01,https://ruchess.ru/persons_of_day/irina_chelushkina_pd/,,2.0,Russian Chess Federation biography gives 1 Feb 1961; old OlimpBase year 1962 is rejected.,False,wikidata_candidate
2201666,2201666,"Cuevas Rodriguez, Maria Luisa","Cuevas Rodriguez, Maria Luisa",1994_F_augmented,profile_vs_wikidata_disagree,olimpbase_profile_confirms_1994_row,1965-03-08,1965-03-08,1965-08-08,1965-03-08,"https://olimpbase.org/Elo/player/C/Cuevas%20Rodriguez,%20Maria%20Luisa.html",Q11691434,2,resolved,1965-03-08,https://en.wikipedia.org/wiki/Mar%C3%ADa_Luisa_Cuevas_Rodr%C3%ADguez,,3.0,Modern biography gives 8 Mar 1965; this supports OlimpBase day/month order and rejects Wikidata 8 Aug.,False,olimpbase_candidate
604011,604011,"Dorfman, Josif D.","Dorfman, Josif D.",1994_M_augmented,profile_vs_wikidata_disagree,olimpbase_profile_confirms_1994_row,1953-05-01,1953-05-01,1952-05-01,1953-05-01,"https://olimpbase.org/Elo/player/D/Dorfman,%20Josif%20D..html",Q1385250,2,resolved,1952-05-01,https://en.wikipedia.org/wiki/Josif_Dorfman,https://en.chessbase.com/post/taurus-and-their-strategy,1.0,Independent modern biographies agree on 1 May 1952; old OlimpBase 1953 is rejected.,False,wikidata_candidate
13500465,13500465,"Fedorov, Alexei","Fedorov, Alexei",1994_M_augmented,profile_vs_wikidata_disagree,olimpbase_profile_confirms_1994_row,1972-09-27,1972-09-27,1972-08-05,1972-09-27,"https://olimpbase.org/Elo/player/F/Fedorov,%20Alexei.html",Q1376746,2,resolved,1972-08-05,https://en.wikipedia.org/wiki/Alexei_Fedorov,https://commons.wikimedia.org/wiki/Category:Alexei_Fedorov,3.0,Modern identity-matched sources consistently give 5 Aug 1972; old OlimpBase 27 Sep is rejected.,False,wikidata_candidate
4100549,2019540,"Goldin, Alexander","Goldin, Alexander",1994_M_augmented,profile_vs_wikidata_disagree,olimpbase_profile_confirms_1994_row,1965-02-27,1965-02-27,1964-02-27,1965-02-27,"https://olimpbase.org/Elo/player/G/Goldin,%20Alexander.html",Q1275033,2,resolved,1964-02-27,https://en.wikipedia.org/wiki/Alexander_Goldin,https://www.chess.com/players/alexander-goldin,1.0,Independent modern chess biographies agree on 27 Feb 1964; old OlimpBase year 1965 is rejected.,False,wikidata_candidate
14101386,2804140,"Golod, Vitali","Golod, Vitali",1994_M_augmented,profile_vs_wikidata_disagree,olimpbase_profile_fills_missing,1971-06-26,1971-06-26,1971-06-23,1971-06-26,"https://olimpbase.org/Elo/player/G/Golod,%20Vitali.html",Q1561350,2,resolved,1971-06-23,https://en.wikipedia.org/wiki/Vitali_Golod,https://www.chess.com/players/vitali-golod,1.0,Modern biographies support 23 Jun 1971; old OlimpBase profile 26 Jun is rejected.,False,wikidata_candidate
13500201,13500201,"Lagvilava, Genrieta","Lagvilava, Genrieta",1994_F_augmented,profile_vs_wikidata_disagree,olimpbase_profile_fills_missing,1969-07-03,1969-07-03,1969-06-03,1969-07-03,"https://olimpbase.org/Elo/player/L/Lagvilava,%20Genrieta.html",Q4252336,2,resolved,1969-07-03,https://en.wikipedia.org/wiki/Genrieta_Lagvilava,,3.0,Modern biography gives 3 Jul 1969; choose this over Wikidata candidate 3 Jun.,False,olimpbase_candidate
4102924,4102924,"Novik, Maxim","Novik, Maxim",1994_M_augmented,profile_vs_wikidata_disagree,olimpbase_profile_fills_missing,1963-12-11,1963-12-11,1970-04-03,1963-12-11,"https://olimpbase.org/Elo/player/N/Novik,%20Maxim.html",Q4322600,2,resolved,1970-04-03,https://ratings.fide.com/profile/4102924,https://en.wikipedia.org/wiki/List_of_chess_grandmasters,2.0,FIDE profile confirms birth year 1970 and modern GM-list biography gives 3 Apr 1970; old OlimpBase 1963 DOB is rejected.,False,wikidata_candidate
1500058,1500058,"Ostenstad, Berge","Ostenstad, Berge",1994_M_augmented,profile_vs_wikidata_disagree,olimpbase_profile_confirms_1994_row,1964-09-16,1964-09-16,1964-09-15,1964-09-16,"https://olimpbase.org/Elo/player/O/Ostenstad,%20Berge.html",Q1152779,2,resolved,1964-09-15,https://www.astro.com/astro-databank/%C3%98stenstad%2C_Berge,https://en.wikipedia.org/wiki/Berge_%C3%98stenstad,1.0,Astro-Databank reports birth-certificate-level sourcing and biography agrees on 15 Sep 1964; old OlimpBase 16 Sep is rejected.,False,wikidata_candidate
4100131,4100131,"Polugaevsky, Lev","Polugaevsky, Lev",1994_M_augmented,profile_vs_wikidata_disagree,olimpbase_profile_confirms_1994_row,1934-11-20,1934-11-20,1997-11-17,1934-11-20,"https://olimpbase.org/Elo/player/P/Polugaevsky,%20Lev.html",Q109413163,2,resolved,1934-11-20,https://en.wikipedia.org/wiki/Lev_Polugaevsky,"https://www.olimpbase.org/Elo/player/P/Polugaevsky,%20Lev.html",1.0,Multiple established sources and the historical profile support 20 Nov 1934; the 1997 Wikidata candidate was clearly a wrong-entity join.,False,olimpbase_candidate
4115058,4115058,"Pugachov, Alexey","Pugachov, Alexey",1994_M_augmented,profile_vs_wikidata_disagree,olimpbase_profile_confirms_1994_row,1965-08-28,1965-08-28,1965-08-23,1965-08-28,"https://olimpbase.org/Elo/player/P/Pugachov,%20Alexey.html",Q27530171,2,resolved,1965-08-28,https://www.chessbase.ru/player/pugachov-alexey-4115058/,https://newstest.ru/%D0%9F%D1%83%D0%B3%D0%B0%D1%87%D1%91%D0%B2%2C_%D0%90%D0%BB%D0%B5%D0%BA%D1%81%D0%B5%D0%B9_%D0%92%D0%BB%D0%B0%D0%B4%D0%B8%D0%BC%D0%B8%D1%80%D0%BE%D0%B2%D0%B8%D1%87,1.0,ChessBase.ru and Russian biographical sources agree on 28 Aug 1965; reject Wikidata 23 Aug.,False,olimpbase_candidate
4117131,4117131,"Pushkov, Nikolai","Pushkov, Nikolai",1994_M_augmented,profile_vs_wikidata_disagree,olimpbase_profile_fills_missing,1946-11-28,1946-11-28,1946-11-26,1946-11-28,"https://olimpbase.org/Elo/player/P/Pushkov,%20Nikolai.html",Q4384827,2,resolved,1946-11-28,"https://www.olimpbase.org/Elo/player/P/Pushkov,%20Nikolai.html",https://www.czechtour.net/files/Czech_Tour_2017-18_standings.pdf,1.0,OlimpBase historical profile and independent tournament record support 28 Nov 1946; reject Wikidata 26 Nov.,False,olimpbase_candidate
1104446,1104446,"Sadkiewicz, Joanna","Sadkiewicz, Joanna",1994_F_augmented,profile_vs_wikidata_disagree,olimpbase_profile_confirms_1994_row,1966-10-01,1966-10-01,1966-01-01,1966-10-01,"https://olimpbase.org/Elo/player/J/Jagodzinska,%20Joanna.html",Q11727517,2,resolved,1966-01-01,https://en.wikipedia.org/wiki/Joanna_Sadkiewicz,,3.0,Modern biography gives 1 Jan 1966; old OlimpBase 1 Oct is rejected.,False,wikidata_candidate
2801990,2801990,"Smirin, Ilia","Smirin, Ilia",1994_M_augmented,profile_vs_wikidata_disagree,olimpbase_profile_confirms_1994_row,1968-01-21,1968-01-21,1968-01-12,1968-01-21,"https://olimpbase.org/Elo/player/S/Smirin,%20Ilia.html",Q535460,2,resolved,1968-01-12,https://ruchess.ru/en/persons_of_day/ilia_smirin/?date=11.2026,,2.0,Russian Chess Federation biography gives 12 Jan 1968; old OlimpBase 21 Jan is rejected.,False,wikidata_candidate
14100096,14100096,"Tukmakov, Vladimir B.","Tukmakov, Vladimir B.",1994_M_augmented,profile_vs_wikidata_disagree,olimpbase_profile_confirms_1994_row,1946-03-15,1946-03-15,1946-03-05,1946-03-15,"https://olimpbase.org/Elo/player/T/Tukmakov,%20Vladimir%20B..html",Q650941,2,resolved,1946-03-05,https://chessp.com/en/player-profile/tukmakov,https://commons.wikimedia.org/wiki/Category:Vladimir_Tukmakov,1.0,Independent modern profile/biographical sources agree on 5 Mar 1946; old OlimpBase 15 Mar is rejected.,False,wikidata_candidate
2900149,2900149,"Velikov, Petar","Velikov, Petar",1994_M_augmented,profile_vs_wikidata_disagree,olimpbase_profile_confirms_1994_row,1951-03-30,1951-03-30,1951-03-29,1951-03-30,"https://olimpbase.org/Elo/player/V/Velikov,%20Petar.html",Q2564094,2,resolved,1951-03-30,https://www.olimpbase.org/Elo/player/Velikov%2C%20Petar.html,,2.0,OlimpBase profile shows 30 Mar 1951 repeatedly across many historical FIDE lists; reject Wikidata 29 Mar.,False,olimpbase_candidate
2000130,2000130,"Wilder, Michael","Wilder, Michael",1994_M_augmented,profile_vs_wikidata_disagree,olimpbase_profile_confirms_1994_row,1962-09-17,1962-09-17,1962-08-17,1962-09-17,"https://olimpbase.org/Elo/player/W/Wilder,%20Michael.html",Q2563130,2,resolved,1962-08-17,https://en.wikipedia.org/wiki/Michael_Wilder,https://www.chesshere.com/masters/michael-wilder,1.0,Independent modern biographical/chess sources agree on 17 Aug 1962; old OlimpBase 17 Sep is rejected.,False,wikidata_candidate
13800019,13800019,"Yurtaev, Leonid","Yurtaev, Leonid",1994_M_augmented,profile_vs_wikidata_disagree,olimpbase_profile_confirms_1994_row,1959-05-01,1959-05-01,1959-04-03,1959-05-01,"https://olimpbase.org/Elo/player/Y/Yurtaev,%20Leonid.html",Q4535150,2,resolved,1959-04-03,https://en.wikipedia.org/wiki/Leonid_Yurtaev,https://gambiter.com/chess/players/Leonid_yurtaev.html,1.0,Independent modern sources agree on 3 Apr 1959; old OlimpBase 1 May is rejected.,False,wikidata_candidate
8600546,8600546,"Zhu, Chen","Zhu, Chen",1994_F_augmented,profile_vs_wikidata_disagree,olimpbase_profile_fills_missing,1976-03-16,1976-03-16,1976-03-13,1976-03-16,"https://olimpbase.org/Elo/player/Z/Zhu,%20Chen.html",Q198104,2,resolved,1976-03-13,https://en.wikipedia.org/wiki/Zhu_Chen,https://liquipedia.net/chess/Zhu_Chen,2.0,Current modern chess biographies converge on 13 Mar 1976; old historical list/profile 16 Mar is retained in provenance but rejected for the final DOB.,False,wikidata_candidate
