snapshot,source,source_url,zip_member,fide_id,name,title,wtitle,other_title,fed,sex,rating,games,k_factor,birth_year,active,flag_raw,rank_overall,rank_within_sex,cohort,wikidata_qids,wikidata_dob_candidates,wikidata_precisions,source_birth_year,existing_exact_dob,exact_dob_final,dob_status,needs_manual_review,exact_dob_frozen,dob_freeze_status,dob_source_conflict,analysis_sex,analysis_rank_within_sex,elo_z_within_snapshot_sex,rank_percentile_within_snapshot_sex
2013-01,FIDE official January 2013 standard rating list,http://ratings.fide.com/download/standard_jan13frl.zip,standard_jan13frl.txt,700070,"Polgar, Judit",GM,,,HUN,F,2696,8,10,1976,True,w,51,1,2013_F,Q183250,1976-07-23,11,1976,,1976-07-23,wikidata_exact_filled,False,1976-07-23,primary_clean_wikidata_exact,False,F,1,4.2137411856108375,1.0
2013-01,FIDE official January 2013 standard rating list,http://ratings.fide.com/download/standard_jan13frl.zip,standard_jan13frl.txt,8602980,"Hou, Yifan",GM,WGM,,CHN,F,2603,4,10,1994,True,w,208,2,2013_F,Q234011,1994-02-27,11,1994,,1994-02-27,wikidata_exact_filled,False,1994-02-27,primary_clean_wikidata_exact,False,F,2,2.9860651481829765,0.9948979591836735
2013-01,FIDE official January 2013 standard rating list,http://ratings.fide.com/download/standard_jan13frl.zip,standard_jan13frl.txt,5008123,"Koneru, Humpy",GM,WGM,,IND,F,2597,4,10,1987,True,w,233,3,2013_F,Q255044,1987-03-31,11,1987,,1987-03-31,wikidata_exact_filled,False,1987-03-31,primary_clean_wikidata_exact,False,F,3,2.906860242542469,0.9897959183673469
2013-01,FIDE official January 2013 standard rating list,http://ratings.fide.com/download/standard_jan13frl.zip,standard_jan13frl.txt,14111330,"Muzychuk, Anna",GM,WGM,,SLO,F,2582,8,10,1990,True,w,275,4,2013_F,Q241258,1990-02-28,11,1990,,1990-02-28,wikidata_exact_filled,False,1990-02-28,primary_clean_wikidata_exact,False,F,4,2.708847978441201,0.9846938775510204
2013-01,FIDE official January 2013 standard rating list,http://ratings.fide.com/download/standard_jan13frl.zip,standard_jan13frl.txt,13601903,"Dzagnidze, Nana",GM,WGM,,GEO,F,2555,0,10,1987,True,w,395,5,2013_F,Q239796,1987-01-01,11,1987,,1987-01-01,wikidata_exact_filled,False,1987-01-01,primary_clean_wikidata_exact,False,F,5,2.352425903058919,0.9795918367346939
2013-01,FIDE official January 2013 standard rating list,http://ratings.fide.com/download/standard_jan13frl.zip,standard_jan13frl.txt,8601283,"Zhao, Xue",GM,WGM,,CHN,F,2554,12,10,1985,True,w,399,6,2013_F,Q197466,1985-04-06,11,1985,,1985-04-06,wikidata_exact_filled,False,1985-04-06,primary_clean_wikidata_exact,False,F,6,2.3392250854521675,0.9744897959183674
2013-01,FIDE official January 2013 standard rating list,http://ratings.fide.com/download/standard_jan13frl.zip,standard_jan13frl.txt,14109336,"Lagno, Kateryna",GM,WGM,,UKR,F,2547,4,10,1989,True,w,432,7,2013_F,Q200408,1989-12-27,11,1989,,1989-12-27,wikidata_exact_filled,False,1989-12-27,primary_clean_wikidata_exact,False,F,7,2.246819362204909,0.9693877551020408
2013-01,FIDE official January 2013 standard rating list,http://ratings.fide.com/download/standard_jan13frl.zip,standard_jan13frl.txt,4134974,"Kosintseva, Nadezhda",GM,WGM,,RUS,F,2531,8,10,1985,True,w,533,8,2013_F,Q269410,1985-01-14,11,1985,,1985-01-14,wikidata_exact_filled,False,1985-01-14,primary_clean_wikidata_exact,False,F,8,2.03560628049689,0.9642857142857143
2013-01,FIDE official January 2013 standard rating list,http://ratings.fide.com/download/standard_jan13frl.zip,standard_jan13frl.txt,617822,"Sebag, Marie",GM,WGM,,FRA,F,2530,8,10,1986,True,w,543,9,2013_F,Q266155,1986-10-15,11,1986,,1986-10-15,wikidata_exact_filled,False,1986-10-15,primary_clean_wikidata_exact,False,F,9,2.022405462890139,0.9591836734693877
2013-01,FIDE official January 2013 standard rating list,http://ratings.fide.com/download/standard_jan13frl.zip,standard_jan13frl.txt,1700030,"Cramling, Pia",GM,,,SWE,F,2518,4,10,1963,True,w,616,10,2013_F,Q202015,1963-04-23,11,1963,,1963-04-23,wikidata_exact_filled,False,1963-04-23,primary_clean_wikidata_exact,False,F,10,1.8639956516091245,0.9540816326530612
2013-01,FIDE official January 2013 standard rating list,http://ratings.fide.com/download/standard_jan13frl.zip,standard_jan13frl.txt,4133471,"Kosintseva, Tatiana",GM,WGM,,RUS,F,2517,6,10,1986,True,w,626,11,2013_F,Q269321,1986-04-11,11,1986,,1986-04-11,wikidata_exact_filled,False,1986-04-11,primary_clean_wikidata_exact,False,F,11,1.8507948340023734,0.9489795918367347
2013-01,FIDE official January 2013 standard rating list,http://ratings.fide.com/download/standard_jan13frl.zip,standard_jan13frl.txt,2902257,"Stefanova, Antoaneta",GM,,FT,BUL,F,2516,14,10,1979,True,w,638,12,2013_F,Q238810,1979-04-19,11,1979,,1979-04-19,wikidata_exact_filled,False,1979-04-19,primary_clean_wikidata_exact,False,F,12,1.8375940163956221,0.9438775510204082
2013-01,FIDE official January 2013 standard rating list,http://ratings.fide.com/download/standard_jan13frl.zip,standard_jan13frl.txt,12801259,"Cmilyte, Viktorija",GM,WGM,,LTU,F,2515,4,10,1983,True,w,648,13,2013_F,Q270330,1983-08-06,11,1983,,1983-08-06,wikidata_exact_filled,False,1983-08-06,primary_clean_wikidata_exact,False,F,13,1.824393198788871,0.9387755102040817
2013-01,FIDE official January 2013 standard rating list,http://ratings.fide.com/download/standard_jan13frl.zip,standard_jan13frl.txt,5015197,"Harika, Dronavalli",GM,WGM,,IND,F,2514,10,10,1991,True,w,658,14,2013_F,Q109147059,1991-01-12,11,1991,,1991-01-12,wikidata_exact_filled,False,1991-01-12,primary_clean_wikidata_exact,False,F,14,1.8111923811821198,0.9336734693877551
2013-01,FIDE official January 2013 standard rating list,http://ratings.fide.com/download/standard_jan13frl.zip,standard_jan13frl.txt,8603006,"Ju, Wenjun",WGM,WGM,,CHN,F,2505,14,10,1991,True,w,736,15,2013_F,Q468045,1991-01-31,11,1991,,1991-01-31,wikidata_exact_filled,False,1991-01-31,primary_clean_wikidata_exact,False,F,15,1.692385022721359,0.9285714285714286
2013-01,FIDE official January 2013 standard rating list,http://ratings.fide.com/download/standard_jan13frl.zip,standard_jan13frl.txt,8602727,"Ruan, Lufei",WGM,WGM,,CHN,F,2501,0,10,1987,True,w,764,16,2013_F,Q385149,1987-10-02,11,1987,,1987-10-02,wikidata_exact_filled,False,1987-10-02,primary_clean_wikidata_exact,False,F,16,1.6395817522943543,0.923469387755102
2013-01,FIDE official January 2013 standard rating list,http://ratings.fide.com/download/standard_jan13frl.zip,standard_jan13frl.txt,13602640,"Khotenashvili, Bela",IM,WGM,,GEO,F,2498,2,10,1988,True,w,786,17,2013_F,Q9168427,1988-06-01,11,1988,,1988-06-01,wikidata_exact_filled,False,1988-06-01,primary_clean_wikidata_exact,False,F,17,1.5999792994741007,0.9183673469387755
2013-01,FIDE official January 2013 standard rating list,http://ratings.fide.com/download/standard_jan13frl.zip,standard_jan13frl.txt,4128125,"Kosteniuk, Alexandra",GM,WGM,,RUS,F,2495,4,10,1984,True,w,811,18,2013_F,Q620950,1984-04-23,11,1984,,1984-04-23,wikidata_exact_filled,False,1984-04-23,primary_clean_wikidata_exact,False,F,18,1.560376846653847,0.9132653061224489
2013-01,FIDE official January 2013 standard rating list,http://ratings.fide.com/download/standard_jan13frl.zip,standard_jan13frl.txt,14101572,"Zatonskih, Anna",IM,WGM,,USA,F,2491,4,10,1978,True,w,849,19,2013_F,Q436927,1978-07-17,11,1978,,1978-07-17,wikidata_exact_filled,False,1978-07-17,primary_clean_wikidata_exact,False,F,19,1.5075735762268423,0.9081632653061225
2013-01,FIDE official January 2013 standard rating list,http://ratings.fide.com/download/standard_jan13frl.zip,standard_jan13frl.txt,4167570,"Gunina, Valentina",IM,WGM,,RUS,F,2490,16,10,1989,True,w,859,20,2013_F,Q163256,1989-02-04,11,1989,,1989-02-04,wikidata_exact_filled,False,1989-02-04,primary_clean_wikidata_exact,False,F,20,1.494372758620091,0.9030612244897959
2013-01,FIDE official January 2013 standard rating list,http://ratings.fide.com/download/standard_jan13frl.zip,standard_jan13frl.txt,4641833,"Paehtz, Elisabeth",IM,WGM,,GER,F,2482,0,10,1985,True,w,933,21,2013_F,Q62319,1985-01-08,11,1985,,1985-01-08,wikidata_exact_filled,False,1985-01-08,primary_clean_wikidata_exact,False,F,21,1.3887662177660816,0.8979591836734694
2013-01,FIDE official January 2013 standard rating list,http://ratings.fide.com/download/standard_jan13frl.zip,standard_jan13frl.txt,8602689,"Huang, Qian",WGM,WGM,,CHN,F,2478,11,10,1986,True,w,970,22,2013_F,Q5925658,1986-07-18,11,1986,,1986-07-18,wikidata_exact_filled,False,1986-07-18,primary_clean_wikidata_exact,False,F,22,1.3359629473390766,0.8928571428571429
2013-01,FIDE official January 2013 standard rating list,http://ratings.fide.com/download/standard_jan13frl.zip,standard_jan13frl.txt,14110911,"Ushenina, Anna",GM,WGM,,UKR,F,2477,14,10,1985,True,w,975,23,2013_F,Q82655,1985-08-30,11,1985,,1985-08-30,wikidata_exact_filled,False,1985-08-30,primary_clean_wikidata_exact,False,F,23,1.3227621297323255,0.8877551020408163
2013-01,FIDE official January 2013 standard rating list,http://ratings.fide.com/download/standard_jan13frl.zip,standard_jan13frl.txt,4147855,"Pogonina, Natalija",WGM,WGM,,RUS,F,2475,6,10,1985,True,w,995,24,2013_F,Q436685,1985-03-09,11,1985,,1985-03-09,wikidata_exact_filled,False,1985-03-09,primary_clean_wikidata_exact,False,F,24,1.2963604945188232,0.8826530612244898
2013-01,FIDE official January 2013 standard rating list,http://ratings.fide.com/download/standard_jan13frl.zip,standard_jan13frl.txt,14114550,"Muzychuk, Mariya",IM,WGM,,UKR,F,2471,6,10,1992,True,w,1040,25,2013_F,Q439881,1992-09-21,11,1992,,1992-09-21,wikidata_exact_filled,False,1992-09-21,primary_clean_wikidata_exact,False,F,25,1.2435572240918182,0.8775510204081632
2013-01,FIDE official January 2013 standard rating list,http://ratings.fide.com/download/standard_jan13frl.zip,standard_jan13frl.txt,14101513,"Zhukova, Natalia",GM,WGM,,UKR,F,2471,6,10,1979,True,w,1040,25,2013_F,Q265680,1979-06-05,11,1979,,1979-06-05,wikidata_exact_filled,False,1979-06-05,primary_clean_wikidata_exact,False,F,25,1.2435572240918182,0.8775510204081632
2013-01,FIDE official January 2013 standard rating list,http://ratings.fide.com/download/standard_jan13frl.zip,standard_jan13frl.txt,12400149,"Hoang, Thanh Trang",GM,WGM,,HUN,F,2469,4,10,1980,True,w,1067,27,2013_F,Q284978,1980-04-25,11,1980,,1980-04-25,wikidata_exact_filled,False,1980-04-25,primary_clean_wikidata_exact,False,F,27,1.2171555888783159,0.8673469387755102
2013-01,FIDE official January 2013 standard rating list,http://ratings.fide.com/download/standard_jan13frl.zip,standard_jan13frl.txt,13300210,"Danielian, Elina",GM,WGM,,ARM,F,2466,8,10,1978,True,w,1100,28,2013_F,Q433358,1978-08-16,11,1978,,1978-08-16,wikidata_exact_filled,False,1978-08-16,primary_clean_wikidata_exact,False,F,28,1.1775531360580622,0.8622448979591837
2013-01,FIDE official January 2013 standard rating list,http://ratings.fide.com/download/standard_jan13frl.zip,standard_jan13frl.txt,8603642,"Tan, Zhongyi",WGM,WGM,,CHN,F,2466,3,10,1991,True,w,1100,28,2013_F,Q7682163,1991-05-29,11,1991,,1991-05-29,wikidata_exact_filled,False,1991-05-29,primary_clean_wikidata_exact,False,F,28,1.1775531360580622,0.8622448979591837
2013-01,FIDE official January 2013 standard rating list,http://ratings.fide.com/download/standard_jan13frl.zip,standard_jan13frl.txt,4130189,"Atalik, Ekaterina",IM,WGM,,TUR,F,2461,0,10,1982,True,w,1143,30,2013_F,Q271541,1982-11-14,11,1982,,1982-11-14,wikidata_exact_filled,False,1982-11-14,primary_clean_wikidata_exact,False,F,30,1.1115490480243064,0.8520408163265306
2013-01,FIDE official January 2013 standard rating list,http://ratings.fide.com/download/standard_jan13frl.zip,standard_jan13frl.txt,13601458,"Javakhishvili, Lela",IM,WGM,,GEO,F,2461,10,10,1984,True,w,1143,30,2013_F,Q1816602,1984-04-23,11,1984,,1984-04-23,wikidata_exact_filled,False,1984-04-23,primary_clean_wikidata_exact,False,F,30,1.1115490480243064,0.8520408163265306
2013-01,FIDE official January 2013 standard rating list,http://ratings.fide.com/download/standard_jan13frl.zip,standard_jan13frl.txt,4129725,"Galliamova, Alisa",IM,WGM,,RUS,F,2459,6,10,1972,True,w,1165,32,2013_F,Q466286,1972-01-18,11,1972,,1972-01-18,wikidata_exact_filled,False,1972-01-18,primary_clean_wikidata_exact,False,F,32,1.0851474128108038,0.8418367346938775
2013-01,FIDE official January 2013 standard rating list,http://ratings.fide.com/download/standard_jan13frl.zip,standard_jan13frl.txt,2012782,"Krush, Irina",IM,WGM,,USA,F,2458,6,10,1983,True,w,1172,33,2013_F,Q271436,1983-12-24,11,1983,,1983-12-24,wikidata_exact_filled,False,1983-12-24,primary_clean_wikidata_exact,False,F,33,1.0719465952040528,0.8367346938775511
2013-01,FIDE official January 2013 standard rating list,http://ratings.fide.com/download/standard_jan13frl.zip,standard_jan13frl.txt,13300601,"Mkrtchian, Lilit",IM,WGM,,ARM,F,2458,8,10,1982,True,w,1172,33,2013_F,Q468769,1982-08-09,11,1982,,1982-08-09,wikidata_exact_filled,False,1982-08-09,primary_clean_wikidata_exact,False,F,33,1.0719465952040528,0.8367346938775511
2013-01,FIDE official January 2013 standard rating list,http://ratings.fide.com/download/standard_jan13frl.zip,standard_jan13frl.txt,4900758,"Munguntuul, Batkhuyag",IM,WGM,,MGL,F,2453,0,10,1987,True,w,1220,35,2013_F,Q444506,1987-10-08,11,1987,,1987-10-08,wikidata_exact_filled,False,1987-10-08,primary_clean_wikidata_exact,False,F,35,1.0059425071702968,0.826530612244898
2013-01,FIDE official January 2013 standard rating list,http://ratings.fide.com/download/standard_jan13frl.zip,standard_jan13frl.txt,403512,"Hunt, Harriet V",IM,WGM,,ENG,F,2450,0,10,1978,True,w,1250,36,2013_F,Q274794,1978-02-04,11,1978,,1978-02-04,wikidata_exact_filled,False,1978-02-04,primary_clean_wikidata_exact,False,F,36,0.9663400543500432,0.8214285714285714
2013-01,FIDE official January 2013 standard rating list,http://ratings.fide.com/download/standard_jan13frl.zip,standard_jan13frl.txt,723916,"Dembo, Yelena",IM,WGM,,GRE,F,2448,2,10,1983,True,w,1273,37,2013_F,Q465876,1983-12-08,11,1983,,1983-12-08,wikidata_exact_filled,False,1983-12-08,primary_clean_wikidata_exact,False,F,37,0.9399384191365407,0.8163265306122449
2013-01,FIDE official January 2013 standard rating list,http://ratings.fide.com/download/standard_jan13frl.zip,standard_jan13frl.txt,1106619,"Socko, Monika",GM,WGM,,POL,F,2445,6,10,1978,True,w,1310,38,2013_F,Q261896,1978-03-24,11,1978,,1978-03-24,wikidata_exact_filled,False,1978-03-24,primary_clean_wikidata_exact,False,F,38,0.9003359663162872,0.8112244897959183
2013-01,FIDE official January 2013 standard rating list,http://ratings.fide.com/download/standard_jan13frl.zip,standard_jan13frl.txt,1201930,"Peptan, Corina-Isabela",IM,WGM,,ROU,F,2443,7,10,1978,True,w,1339,39,2013_F,Q453765,1978-03-17,11,1978,,1978-03-17,wikidata_exact_filled,False,1978-03-17,primary_clean_wikidata_exact,False,F,39,0.8739343311027848,0.8061224489795918
2013-01,FIDE official January 2013 standard rating list,http://ratings.fide.com/download/standard_jan13frl.zip,standard_jan13frl.txt,4195752,"Girya, Olga",WGM,WGM,,RUS,F,2441,14,10,1991,True,w,1378,41,2013_F,Q2019607,1991-06-04,11,1991,,1991-06-04,wikidata_exact_filled,False,1991-06-04,primary_clean_wikidata_exact,False,F,40,0.8475326958892824,0.8010204081632653
2013-01,FIDE official January 2013 standard rating list,http://ratings.fide.com/download/standard_jan13frl.zip,standard_jan13frl.txt,13900145,"Skripchenko, Almira",IM,WGM,,FRA,F,2436,2,10,1976,True,w,1452,43,2013_F,Q440144,1976-02-17,11,1976,,1976-02-17,wikidata_exact_filled,False,1976-02-17,primary_clean_wikidata_exact,False,F,41,0.7815286078555265,0.7959183673469388
2013-01,FIDE official January 2013 standard rating list,http://ratings.fide.com/download/standard_jan13frl.zip,standard_jan13frl.txt,3801934,"Cori T., Deysi",WGM,WGM,,PER,F,2434,2,10,1993,True,w,1473,44,2013_F,Q2469954,1993-07-02,11,1993,,1993-07-02,wikidata_exact_filled,False,1993-07-02,primary_clean_wikidata_exact,False,F,42,0.755126972642024,0.7908163265306123
2013-01,FIDE official January 2013 standard rating list,http://ratings.fide.com/download/standard_jan13frl.zip,standard_jan13frl.txt,8604002,"Guo, Qi",WGM,WGM,,CHN,F,2431,6,10,1995,True,w,1522,45,2013_F,Q11702909,1995-01-27,11,1995,,1995-01-27,wikidata_exact_filled,False,1995-01-27,primary_clean_wikidata_exact,False,F,43,0.7155245198217705,0.7857142857142857
2013-01,FIDE official January 2013 standard rating list,http://ratings.fide.com/download/standard_jan13frl.zip,standard_jan13frl.txt,4181751,"Bodnaruk, Anastasia",IM,WGM,,RUS,F,2430,2,10,1992,True,w,1536,46,2013_F,Q9150572,1992-03-30,11,1992,,1992-03-30,wikidata_exact_filled,False,1992-03-30,primary_clean_wikidata_exact,False,F,44,0.7023237022150193,0.7806122448979592
2013-01,FIDE official January 2013 standard rating list,http://ratings.fide.com/download/standard_jan13frl.zip,standard_jan13frl.txt,14102463,"Alexandrova, Olga",IM,WGM,,ESP,F,2427,0,10,1978,True,w,1579,47,2013_F,Q555424,1978-01-28,11,1978,,1978-01-28,wikidata_exact_filled,False,1978-01-28,primary_clean_wikidata_exact,False,F,45,0.6627212493947656,0.7755102040816326
2013-01,FIDE official January 2013 standard rating list,http://ratings.fide.com/download/standard_jan13frl.zip,standard_jan13frl.txt,8602972,"Ding, Yixin",WGM,WGM,,CHN,F,2427,4,10,1991,True,w,1579,47,2013_F,Q5278150,1991-04-26,11,1991,,1991-04-26,wikidata_exact_filled,False,1991-04-26,primary_clean_wikidata_exact,False,F,45,0.6627212493947656,0.7755102040816326
2013-01,FIDE official January 2013 standard rating list,http://ratings.fide.com/download/standard_jan13frl.zip,standard_jan13frl.txt,4139518,"Zaiatz, Elena",IM,WGM,,RUS,F,2427,0,10,1969,True,w,1579,47,2013_F,Q2364132,1969-06-16,11,1969,,1969-06-16,wikidata_exact_filled,False,1969-06-16,primary_clean_wikidata_exact,False,F,45,0.6627212493947656,0.7755102040816326
2013-01,FIDE official January 2013 standard rating list,http://ratings.fide.com/download/standard_jan13frl.zip,standard_jan13frl.txt,12401226,"Pham, Le Thao Nguyen",IM,WGM,,VIE,F,2426,4,10,1987,True,w,1589,50,2013_F,Q2089653,1987-12-07,11,1987,,1987-12-07,wikidata_exact_filled,False,1987-12-07,primary_clean_wikidata_exact,False,F,48,0.6495204317880144,0.7602040816326531
2013-01,FIDE official January 2013 standard rating list,http://ratings.fide.com/download/standard_jan13frl.zip,standard_jan13frl.txt,405094,"Houska, Jovanka",IM,WGM,,ENG,F,2416,9,10,1980,True,w,1749,51,2013_F,Q439685,1980-06-10,11,1980,,1980-06-10,wikidata_exact_filled,False,1980-06-10,primary_clean_wikidata_exact,False,F,49,0.5175122557205025,0.7551020408163265
2013-01,FIDE official January 2013 standard rating list,http://ratings.fide.com/download/standard_jan13frl.zip,standard_jan13frl.txt,8603162,"Shen, Yang",IM,WGM,,CHN,F,2415,6,10,1989,True,w,1777,52,2013_F,Q440378,1989-01-23,11,1989,,1989-01-23,wikidata_exact_filled,False,1989-01-23,primary_clean_wikidata_exact,False,F,50,0.5043114381137513,0.75
2013-01,FIDE official January 2013 standard rating list,http://ratings.fide.com/download/standard_jan13frl.zip,standard_jan13frl.txt,13602888,"Guramishvili, Sopiko",IM,WGM,,GEO,F,2414,9,10,1991,True,w,1799,53,2013_F,Q4152234,1991-01-01,11,1991,,1991-01-01,wikidata_exact_filled,False,1991-01-01,primary_clean_wikidata_exact,False,F,51,0.4911106205070001,0.7448979591836735
2013-01,FIDE official January 2013 standard rating list,http://ratings.fide.com/download/standard_jan13frl.zip,standard_jan13frl.txt,4116704,"Kovalevskaya, Ekaterina",IM,WGM,,RUS,F,2411,2,10,1974,True,w,1851,54,2013_F,Q448996,1974-04-17,11,1974,,1974-04-17,wikidata_exact_filled,False,1974-04-17,primary_clean_wikidata_exact,False,F,52,0.4515081676867465,0.7397959183673469
2013-01,FIDE official January 2013 standard rating list,http://ratings.fide.com/download/standard_jan13frl.zip,standard_jan13frl.txt,13601377,"Matnadze, Ana",IM,WGM,,ESP,F,2408,22,10,1983,True,w,1909,55,2013_F,Q482971,1983-02-20,11,1983,,1983-02-20,wikidata_exact_filled,False,1983-02-20,primary_clean_wikidata_exact,False,F,53,0.4119057148664929,0.7346938775510204
2013-01,FIDE official January 2013 standard rating list,http://ratings.fide.com/download/standard_jan13frl.zip,standard_jan13frl.txt,13602993,"Batsiashvili, Nino",WGM,WGM,,GEO,F,2407,18,10,1987,True,w,1928,56,2013_F,Q11792327,1987-01-01,11,1987,,1987-01-01,wikidata_exact_filled,False,1987-01-01,primary_clean_wikidata_exact,False,F,54,0.39870489725974173,0.7295918367346939
2013-01,FIDE official January 2013 standard rating list,http://ratings.fide.com/download/standard_jan13frl.zip,standard_jan13frl.txt,1108166,"Rajlich, Iweta",IM,WGM,,POL,F,2407,2,10,1981,True,w,1928,56,2013_F,Q275303,1981-03-16,11,1981,,1981-03-16,wikidata_exact_filled,False,1981-03-16,primary_clean_wikidata_exact,False,F,54,0.39870489725974173,0.7295918367346939
2013-01,FIDE official January 2013 standard rating list,http://ratings.fide.com/download/standard_jan13frl.zip,standard_jan13frl.txt,13600168,"Arakhamia-Grant, Ketevan",GM,WGM,,SCO,F,2405,2,10,1968,True,w,1978,58,2013_F,Q451654,1968-07-19,11,1968,,1968-07-19,wikidata_exact_filled,False,1968-07-19,primary_clean_wikidata_exact,False,F,56,0.3723032620462393,0.7193877551020408
2013-01,FIDE official January 2013 standard rating list,http://ratings.fide.com/download/standard_jan13frl.zip,standard_jan13frl.txt,14101181,"Gaponenko, Inna",IM,WGM,,UKR,F,2405,0,10,1976,True,w,1978,58,2013_F,Q445102,1976-06-22,11,1976,,1976-06-22,wikidata_exact_filled,False,1976-06-22,primary_clean_wikidata_exact,False,F,56,0.3723032620462393,0.7193877551020408
2013-01,FIDE official January 2013 standard rating list,http://ratings.fide.com/download/standard_jan13frl.zip,standard_jan13frl.txt,14101610,"Vasilevich, Tatjana",IM,WGM,,UKR,F,2404,0,10,1977,True,w,1996,60,2013_F,Q9355843,1977-01-14,11,1977,,1977-01-14,wikidata_exact_filled,False,1977-01-14,primary_clean_wikidata_exact,False,F,58,0.35910244443948813,0.7091836734693877
2013-01,FIDE official January 2013 standard rating list,http://ratings.fide.com/download/standard_jan13frl.zip,standard_jan13frl.txt,908550,"Bojkovic, Natasa",IM,WGM,,SRB,F,2403,0,10,1971,True,w,2013,61,2013_F,Q1558686,1971-09-03,11,1971,,1971-09-03,wikidata_exact_filled,False,1971-09-03,primary_clean_wikidata_exact,False,F,59,0.3459016268327369,0.7040816326530612
2013-01,FIDE official January 2013 standard rating list,http://ratings.fide.com/download/standard_jan13frl.zip,standard_jan13frl.txt,13602446,"Melia, Salome",IM,WGM,,GEO,F,2403,0,10,1987,True,w,2013,61,2013_F,Q918597,1987-04-14,11,1987,,1987-04-14,wikidata_exact_filled,False,1987-04-14,primary_clean_wikidata_exact,False,F,59,0.3459016268327369,0.7040816326530612
2013-01,FIDE official January 2013 standard rating list,http://ratings.fide.com/download/standard_jan13frl.zip,standard_jan13frl.txt,623725,"Milliet, Sophie",IM,WGM,,FRA,F,2403,4,10,1983,True,w,2013,61,2013_F,Q449567,1983-11-02,11,1983,,1983-11-02,wikidata_exact_filled,False,1983-11-02,primary_clean_wikidata_exact,False,F,59,0.3459016268327369,0.7040816326530612
2013-01,FIDE official January 2013 standard rating list,http://ratings.fide.com/download/standard_jan13frl.zip,standard_jan13frl.txt,5007844,"Tania, Sachdev",IM,WGM,,IND,F,2403,19,10,1986,True,w,2013,61,2013_F,Q453607,1986-08-20,11,1986,,1986-08-20,wikidata_exact_filled,False,1986-08-20,primary_clean_wikidata_exact,False,F,59,0.3459016268327369,0.7040816326530612
2013-01,FIDE official January 2013 standard rating list,http://ratings.fide.com/download/standard_jan13frl.zip,standard_jan13frl.txt,4147103,"Goryachkina, Aleksandra",WGM,WGM,,RUS,F,2402,6,10,1998,True,w,2038,65,2013_F,Q4146345,1998-09-28,11,1998,,1998-09-28,wikidata_exact_filled,False,1998-09-28,primary_clean_wikidata_exact,False,F,63,0.3327008092259857,0.6836734693877551
2013-01,FIDE official January 2013 standard rating list,http://ratings.fide.com/download/standard_jan13frl.zip,standard_jan13frl.txt,1004786,"Peng, Zhaoqin",GM,WGM,FI,NED,F,2398,1,10,1968,True,w,2116,66,2013_F,Q271811,1968-05-08,11,1968,,1968-05-08,wikidata_exact_filled,False,1968-05-08,primary_clean_wikidata_exact,False,F,64,0.27989753879898094,0.6785714285714286
2013-01,FIDE official January 2013 standard rating list,http://ratings.fide.com/download/standard_jan13frl.zip,standard_jan13frl.txt,8600643,"Li, Ruofan",IM,WGM,,SIN,F,2396,2,10,1978,True,w,2159,67,2013_F,Q379462,1978-04-30,11,1978,,1978-04-30,wikidata_exact_filled,False,1978-04-30,primary_clean_wikidata_exact,False,F,65,0.2534959035854785,0.673469387755102
2013-01,FIDE official January 2013 standard rating list,http://ratings.fide.com/download/standard_jan13frl.zip,standard_jan13frl.txt,5013623,"Gomes, Mary Ann",WGM,WGM,,IND,F,2394,22,15,1989,True,w,2200,68,2013_F,Q590606,1989-09-19,11,1989,,1989-09-19,wikidata_exact_filled,False,1989-09-19,primary_clean_wikidata_exact,False,F,66,0.22709426837197616,0.6683673469387755
2013-01,FIDE official January 2013 standard rating list,http://ratings.fide.com/download/standard_jan13frl.zip,standard_jan13frl.txt,5004098,"Vijayalakshmi, Subbaraman",IM,WGM,,IND,F,2393,11,10,1979,True,w,2214,69,2013_F,Q275263,1979-03-25,11,1979,,1979-03-25,wikidata_exact_filled,False,1979-03-25,primary_clean_wikidata_exact,False,F,67,0.21389345076522495,0.6632653061224489
2013-01,FIDE official January 2013 standard rating list,http://ratings.fide.com/download/standard_jan13frl.zip,standard_jan13frl.txt,5012600,"Karavade, Eesha",IM,WGM,,IND,F,2391,11,10,1987,True,w,2257,70,2013_F,Q511053,1987-11-21,11,1987,,1987-11-21,wikidata_exact_filled,False,1987-11-21,primary_clean_wikidata_exact,False,F,68,0.18749181555172256,0.6581632653061225
2013-01,FIDE official January 2013 standard rating list,http://ratings.fide.com/download/standard_jan13frl.zip,standard_jan13frl.txt,13603620,"Paikidze, Nazi",IM,WGM,,GEO,F,2391,0,10,1993,True,w,2257,70,2013_F,Q517307,1993-10-27,11,1993,,1993-10-27,wikidata_exact_filled,False,1993-10-27,primary_clean_wikidata_exact,False,F,68,0.18749181555172256,0.6581632653061225
2013-01,FIDE official January 2013 standard rating list,http://ratings.fide.com/download/standard_jan13frl.zip,standard_jan13frl.txt,1122320,"Zawadzka, Jolanta",WGM,WGM,,POL,F,2391,12,10,1987,True,w,2257,70,2013_F,Q3817025,1987-02-08,11,1987,,1987-02-08,wikidata_exact_filled,False,1987-02-08,primary_clean_wikidata_exact,False,F,68,0.18749181555172256,0.6581632653061225
2013-01,FIDE official January 2013 standard rating list,http://ratings.fide.com/download/standard_jan13frl.zip,standard_jan13frl.txt,4164083,"Kovanova, Baira",WGM,WGM,,RUS,F,2387,4,10,1987,True,w,2340,74,2013_F,Q2658117,1987-05-12,11,1987,,1987-05-12,wikidata_exact_filled,False,1987-05-12,primary_clean_wikidata_exact,False,F,71,0.13468854512471778,0.6428571428571429
2013-01,FIDE official January 2013 standard rating list,http://ratings.fide.com/download/standard_jan13frl.zip,standard_jan13frl.txt,13602055,"Khukhashvili, Sopiko",IM,WGM,,GEO,F,2386,2,10,1985,True,w,2367,75,2013_F,Q7563163,1985-01-04,11,1985,,1985-01-04,wikidata_exact_filled,False,1985-01-04,primary_clean_wikidata_exact,False,F,72,0.12148772751796658,0.6377551020408163
2013-01,FIDE official January 2013 standard rating list,http://ratings.fide.com/download/standard_jan13frl.zip,standard_jan13frl.txt,1121979,"Majdan-Gajewska, Joanna",WGM,WGM,,POL,F,2383,0,15,1988,True,w,2435,76,2013_F,Q511240,1988-06-09,11,1988,,1988-06-09,wikidata_exact_filled,False,1988-06-09,primary_clean_wikidata_exact,False,F,73,0.08188527469771299,0.6326530612244898
2013-01,FIDE official January 2013 standard rating list,http://ratings.fide.com/download/standard_jan13frl.zip,standard_jan13frl.txt,1106686,"Michna, Marta",WGM,WGM,,GER,F,2383,0,10,1978,True,w,2435,76,2013_F,Q98568,1978-01-30,11,1978,,1978-01-30,wikidata_exact_filled,False,1978-01-30,primary_clean_wikidata_exact,False,F,73,0.08188527469771299,0.6326530612244898
2013-01,FIDE official January 2013 standard rating list,http://ratings.fide.com/download/standard_jan13frl.zip,standard_jan13frl.txt,4119827,"Matveeva, Svetlana",IM,WGM,,RUS,F,2380,2,10,1969,True,w,2495,78,2013_F,Q2079533,1969-07-04,11,1969,,1969-07-04,wikidata_exact_filled,False,1969-07-04,primary_clean_wikidata_exact,False,F,75,0.042282821877459395,0.6224489795918368
2013-01,FIDE official January 2013 standard rating list,http://ratings.fide.com/download/standard_jan13frl.zip,standard_jan13frl.txt,1122681,"Szczepkowska-Horowska, Karina",WGM,WGM,,POL,F,2378,0,15,1987,True,w,2525,79,2013_F,Q6371012,1987-10-28,11,1987,,1987-10-28,wikidata_exact_filled,False,1987-10-28,primary_clean_wikidata_exact,False,F,76,0.015881186663957002,0.6173469387755102
2013-01,FIDE official January 2013 standard rating list,http://ratings.fide.com/download/standard_jan13frl.zip,standard_jan13frl.txt,1210246,"L'Ami, Alina",WGM,WGM,,ROU,F,2376,6,15,1985,True,w,2565,80,2013_F,Q2132105,1985-06-01,11,1985,,1985-06-01,wikidata_exact_filled,False,1985-06-01,primary_clean_wikidata_exact,False,F,77,-0.010520448549545392,0.6122448979591837
2013-01,FIDE official January 2013 standard rating list,http://ratings.fide.com/download/standard_jan13frl.zip,standard_jan13frl.txt,8603219,"Zhang, Xiaowen",WGM,WGM,,CHN,F,2376,0,10,1989,True,w,2565,80,2013_F,Q9390854,1989-02-24,11,1989,,1989-02-24,wikidata_exact_filled,False,1989-02-24,primary_clean_wikidata_exact,False,F,77,-0.010520448549545392,0.6122448979591837
2013-01,FIDE official January 2013 standard rating list,http://ratings.fide.com/download/standard_jan13frl.zip,standard_jan13frl.txt,8604070,"Wang, Jue",WGM,WGM,,CHN,F,2375,4,15,1995,True,w,2595,82,2013_F,Q16924414,1995-10-17,11,1995,,1995-10-17,wikidata_exact_filled,False,1995-10-17,primary_clean_wikidata_exact,False,F,79,-0.023721266156296588,0.6020408163265306
2013-01,FIDE official January 2013 standard rating list,http://ratings.fide.com/download/standard_jan13frl.zip,standard_jan13frl.txt,4119118,"Shadrina, Tatiana",WGM,WGM,,RUS,F,2372,0,10,1974,True,w,2665,83,2013_F,Q16215094,1974-04-20,11,1974,,1974-04-20,wikidata_exact_filled,False,1974-04-20,primary_clean_wikidata_exact,False,F,80,-0.06332371897655018,0.5969387755102041
2013-01,FIDE official January 2013 standard rating list,http://ratings.fide.com/download/standard_jan13frl.zip,standard_jan13frl.txt,3506940,"Ordaz Valdes, Lisandra Teresa",WGM,WGM,,CUB,F,2371,16,15,1988,True,w,2688,84,2013_F,Q622933,1988-11-25,11,1988,,1988-11-25,wikidata_exact_filled,False,1988-11-25,primary_clean_wikidata_exact,False,F,81,-0.07652453658330137,0.5918367346938775
2013-01,FIDE official January 2013 standard rating list,http://ratings.fide.com/download/standard_jan13frl.zip,standard_jan13frl.txt,4141296,"Vasilevich, Irina",IM,WGM,,RUS,F,2370,0,10,1985,True,w,2716,85,2013_F,Q2261396,1985-04-19,11,1985,,1985-04-19,wikidata_exact_filled,False,1985-04-19,primary_clean_wikidata_exact,False,F,82,-0.08972535419005258,0.5867346938775511
2013-01,FIDE official January 2013 standard rating list,http://ratings.fide.com/download/standard_jan13frl.zip,standard_jan13frl.txt,6302920,"Yildiz, Betul Cemre",WGM,WGM,,TUR,F,2370,9,15,1989,True,w,2716,85,2013_F,Q513707,1989-05-16,11,1989,,1989-05-16,wikidata_exact_filled,False,1989-05-16,primary_clean_wikidata_exact,False,F,82,-0.08972535419005258,0.5867346938775511
2013-01,FIDE official January 2013 standard rating list,http://ratings.fide.com/download/standard_jan13frl.zip,standard_jan13frl.txt,14102145,"Melamed, Tatjana",WGM,WGM,,GER,F,2368,0,15,1974,True,w,2765,87,2013_F,Q108199,1974-02-03,11,1974,,1974-02-03,wikidata_exact_filled,False,1974-02-03,primary_clean_wikidata_exact,False,F,84,-0.11612698940355497,0.576530612244898
2013-01,FIDE official January 2013 standard rating list,http://ratings.fide.com/download/standard_jan13frl.zip,standard_jan13frl.txt,14900440,"Repkova, Eva",IM,WGM,,SVK,F,2368,0,10,1975,True,w,2765,87,2013_F,Q543492,1975-01-16,11,1975,,1975-01-16,wikidata_exact_filled,False,1975-01-16,primary_clean_wikidata_exact,False,F,84,-0.11612698940355497,0.576530612244898
2013-01,FIDE official January 2013 standard rating list,http://ratings.fide.com/download/standard_jan13frl.zip,standard_jan13frl.txt,4623614,"Kachiani-Gersinska, Ketino",IM,WGM,,GER,F,2366,0,10,1971,True,w,2810,89,2013_F,Q89044,1971-09-11,11,1971,,1971-09-11,wikidata_exact_filled,False,1971-09-11,primary_clean_wikidata_exact,False,F,86,-0.14252862461705737,0.5663265306122449
2013-01,FIDE official January 2013 standard rating list,http://ratings.fide.com/download/standard_jan13frl.zip,standard_jan13frl.txt,14102358,"Kononenko, Tatiana",IM,WGM,,UKR,F,2364,0,10,1978,True,w,2864,90,2013_F,Q2395547,1978-12-05,11,1978,,1978-12-05,wikidata_exact_filled,False,1978-12-05,primary_clean_wikidata_exact,False,F,87,-0.16893025983055976,0.5612244897959183
2013-01,FIDE official January 2013 standard rating list,http://ratings.fide.com/download/standard_jan13frl.zip,standard_jan13frl.txt,13505211,"Ziaziulkina, Nastassia",WGM,WGM,,BLR,F,2364,11,15,1995,True,w,2864,90,2013_F,Q9150557,1995-10-06,11,1995,,1995-10-06,wikidata_exact_filled,False,1995-10-06,primary_clean_wikidata_exact,False,F,87,-0.16893025983055976,0.5612244897959183
2013-01,FIDE official January 2013 standard rating list,http://ratings.fide.com/download/standard_jan13frl.zip,standard_jan13frl.txt,13403508,"Mammadova, Gulnar",WGM,WGM,,AZE,F,2363,0,15,1991,True,w,2891,92,2013_F,Q9283967,1991-05-11,11,1991,,1991-05-11,wikidata_exact_filled,False,1991-05-11,primary_clean_wikidata_exact,False,F,89,-0.18213107743731094,0.5510204081632653
2013-01,FIDE official January 2013 standard rating list,http://ratings.fide.com/download/standard_jan13frl.zip,standard_jan13frl.txt,7101937,"Sukandar, Irine Kharisma",WGM,WGM,,INA,F,2362,4,15,1992,True,w,2920,93,2013_F,Q11713880,1992-04-07,11,1992,,1992-04-07,wikidata_exact_filled,False,1992-04-07,primary_clean_wikidata_exact,False,F,90,-0.19533189504406215,0.5459183673469388
2013-01,FIDE official January 2013 standard rating list,http://ratings.fide.com/download/standard_jan13frl.zip,standard_jan13frl.txt,723894,"Vajda, Szidonia",IM,WGM,,HUN,F,2362,0,10,1979,True,w,2920,93,2013_F,Q519274,1979-01-20,11,1979,,1979-01-20,wikidata_exact_filled,False,1979-01-20,primary_clean_wikidata_exact,False,F,90,-0.19533189504406215,0.5459183673469388
2013-01,FIDE official January 2013 standard rating list,http://ratings.fide.com/download/standard_jan13frl.zip,standard_jan13frl.txt,4131827,"Ovod, Evgenija",IM,WGM,,RUS,F,2361,10,10,1982,True,w,2950,95,2013_F,Q11725993,1982-11-10,11,1982,,1982-11-10,wikidata_exact_filled,False,1982-11-10,primary_clean_wikidata_exact,False,F,92,-0.20853271265081336,0.5357142857142857
2013-01,FIDE official January 2013 standard rating list,http://ratings.fide.com/download/standard_jan13frl.zip,standard_jan13frl.txt,4137582,"Ubiennykh, Ekaterina",WIM,WIM,,RUS,F,2360,0,15,1983,True,w,2974,96,2013_F,Q11723981,1983-02-22,11,1983,,1983-02-22,wikidata_exact_filled,False,1983-02-22,primary_clean_wikidata_exact,False,F,93,-0.22173353025756454,0.5306122448979592
2013-01,FIDE official January 2013 standard rating list,http://ratings.fide.com/download/standard_jan13frl.zip,standard_jan13frl.txt,8601097,"Wang, Yu A.",IM,WGM,,CHN,F,2359,0,10,1982,True,w,2999,97,2013_F,Q7967738,1982-11-19,11,1982,,1982-11-19,wikidata_exact_filled,False,1982-11-19,primary_clean_wikidata_exact,False,F,94,-0.23493434786431575,0.5255102040816326
2013-01,FIDE official January 2013 standard rating list,http://ratings.fide.com/download/standard_jan13frl.zip,standard_jan13frl.txt,3504794,"Linares Napoles, Oleiny",WGM,WGM,,CUB,F,2358,0,15,1983,True,w,3020,98,2013_F,Q6049755,1983-05-09,11,1983,,1983-05-09,wikidata_exact_filled,False,1983-05-09,primary_clean_wikidata_exact,False,F,95,-0.24813516547106693,0.5204081632653061
2013-01,FIDE official January 2013 standard rating list,http://ratings.fide.com/download/standard_jan13frl.zip,standard_jan13frl.txt,322750,"Nemcova, Katerina",WGM,WGM,,CZE,F,2357,0,15,1990,True,w,3044,99,2013_F,Q436695,1990-11-14,11,1990,,1990-11-14,wikidata_exact_filled,False,1990-11-14,primary_clean_wikidata_exact,False,F,96,-0.26133598307781813,0.5153061224489796
2013-01,FIDE official January 2013 standard rating list,http://ratings.fide.com/download/standard_jan13frl.zip,standard_jan13frl.txt,4671660,"Schleining, Zoya",WGM,WGM,,GER,F,2357,0,10,1961,True,w,3044,99,2013_F,Q227082,1961-09-06,11,1961,,1961-09-06,wikidata_exact_filled,False,1961-09-06,primary_clean_wikidata_exact,False,F,96,-0.26133598307781813,0.5153061224489796
2013-01,FIDE official January 2013 standard rating list,http://ratings.fide.com/download/standard_jan13frl.zip,standard_jan13frl.txt,13604040,"Arabidze, Meri",WGM,WGM,,GEO,F,2355,0,15,1994,True,w,3102,101,2013_F,Q1921654,1994-02-25,11,1994,,1994-02-25,wikidata_exact_filled,False,1994-02-25,primary_clean_wikidata_exact,False,F,98,-0.28773761829132055,0.5051020408163265
2013-01,FIDE official January 2013 standard rating list,http://ratings.fide.com/download/standard_jan13frl.zip,standard_jan13frl.txt,13903063,"Bulmaga, Irina",WGM,WGM,,ROU,F,2355,9,15,1993,True,w,3102,101,2013_F,Q15149603,1993-11-11,11,1993,,1993-11-11,wikidata_exact_filled,False,1993-11-11,primary_clean_wikidata_exact,False,F,98,-0.28773761829132055,0.5051020408163265
2013-01,FIDE official January 2013 standard rating list,http://ratings.fide.com/download/standard_jan13frl.zip,standard_jan13frl.txt,12800619,"Ciuksyte, Dagne",IM,WGM,,ENG,F,2354,0,10,1977,True,w,3126,103,2013_F,Q1157347,1977-01-01,11,1977,,1977-01-01,wikidata_exact_filled,False,1977-01-01,primary_clean_wikidata_exact,False,F,100,-0.30093843589807173,0.49489795918367346
2013-01,FIDE official January 2013 standard rating list,http://ratings.fide.com/download/standard_jan13frl.zip,standard_jan13frl.txt,2907763,"Videnova, Iva",WGM,WGM,,BUL,F,2354,17,15,1987,True,w,3126,103,2013_F,Q1621887,1987-10-17,11,1987,,1987-10-17,wikidata_exact_filled,False,1987-10-17,primary_clean_wikidata_exact,False,F,100,-0.30093843589807173,0.49489795918367346
2013-01,FIDE official January 2013 standard rating list,http://ratings.fide.com/download/standard_jan13frl.zip,standard_jan13frl.txt,13601431,"Charkhalashvili, Inga",WGM,WGM,,GEO,F,2353,0,15,1983,True,w,3151,105,2013_F,Q11712491,1983-04-23,11,1983,,1983-04-23,wikidata_exact_filled,False,1983-04-23,primary_clean_wikidata_exact,False,F,102,-0.3141392535048229,0.4846938775510204
2013-01,FIDE official January 2013 standard rating list,http://ratings.fide.com/download/standard_jan13frl.zip,standard_jan13frl.txt,14902052,"Pokorna, Regina",WGM,WGM,,SVK,F,2352,0,10,1982,True,w,3172,106,2013_F,Q440813,1982-01-18,11,1982,,1982-01-18,wikidata_exact_filled,False,1982-01-18,primary_clean_wikidata_exact,False,F,103,-0.3273400711115741,0.47959183673469385
2013-01,FIDE official January 2013 standard rating list,http://ratings.fide.com/download/standard_jan13frl.zip,standard_jan13frl.txt,14900866,"Stockova, Zuzana",IM,WGM,,SVK,F,2352,0,10,1977,True,w,3172,106,2013_F,Q231246,1977-01-01;1977-11-25,9;11,1977,,1977-11-25,wikidata_exact_filled,False,1977-11-25,primary_clean_wikidata_exact,False,F,103,-0.3273400711115741,0.47959183673469385
2013-01,FIDE official January 2013 standard rating list,http://ratings.fide.com/download/standard_jan13frl.zip,standard_jan13frl.txt,2219026,"Vega Gutierrez, Sabrina",WGM,WGM,,ESP,F,2352,0,15,1987,True,w,3172,106,2013_F,Q9072507,1987-02-28,11,1987,,1987-02-28,wikidata_exact_filled,False,1987-02-28,primary_clean_wikidata_exact,False,F,103,-0.3273400711115741,0.47959183673469385
2013-01,FIDE official January 2013 standard rating list,http://ratings.fide.com/download/standard_jan13frl.zip,standard_jan13frl.txt,4129709,"Kursova, Maria",WGM,WGM,,ARM,F,2351,0,15,1986,True,w,3210,109,2013_F,Q11769931,1986-01-03,11,1986,,1986-01-03,wikidata_exact_filled,False,1986-01-03,primary_clean_wikidata_exact,False,F,106,-0.34054088871832533,0.4642857142857143
2013-01,FIDE official January 2013 standard rating list,http://ratings.fide.com/download/standard_jan13frl.zip,standard_jan13frl.txt,14102110,"Zozulia, Anna",IM,WGM,,BEL,F,2351,0,10,1980,True,w,3210,109,2013_F,Q563689,1980-03-10,11,1980,,1980-03-10,wikidata_exact_filled,False,1980-03-10,primary_clean_wikidata_exact,False,F,106,-0.34054088871832533,0.4642857142857143
2013-01,FIDE official January 2013 standard rating list,http://ratings.fide.com/download/standard_jan13frl.zip,standard_jan13frl.txt,717444,"Gara, Ticia",WGM,WGM,,HUN,F,2350,17,15,1984,True,w,3236,111,2013_F,Q519335,1984-10-25,11,1984,,1984-10-25,wikidata_exact_filled,False,1984-10-25,primary_clean_wikidata_exact,False,F,108,-0.3537417063250765,0.45408163265306123
2013-01,FIDE official January 2013 standard rating list,http://ratings.fide.com/download/standard_jan13frl.zip,standard_jan13frl.txt,4198026,"Kashlinskaya, Alina",WGM,WGM,,RUS,F,2350,8,15,1993,True,w,3236,111,2013_F,Q4218235,1993-10-28,11,1993,,1993-10-28,wikidata_exact_filled,False,1993-10-28,primary_clean_wikidata_exact,False,F,108,-0.3537417063250765,0.45408163265306123
2013-01,FIDE official January 2013 standard rating list,http://ratings.fide.com/download/standard_jan13frl.zip,standard_jan13frl.txt,14107449,"Kostiuk, Tatiana",WGM,WGM,,UKR,F,2349,2,15,1982,True,w,3266,113,2013_F,Q7688085,1982-11-21,11,1982,,1982-11-21,wikidata_exact_filled,False,1982-11-21,primary_clean_wikidata_exact,False,F,110,-0.3669425239318277,0.44387755102040816
2013-01,FIDE official January 2013 standard rating list,http://ratings.fide.com/download/standard_jan13frl.zip,standard_jan13frl.txt,4149351,"Romanko, Marina",IM,WGM,,RUS,F,2349,2,10,1986,True,w,3266,113,2013_F,Q6763901,1986-08-05,11,1986,,1986-08-05,wikidata_exact_filled,False,1986-08-05,primary_clean_wikidata_exact,False,F,110,-0.3669425239318277,0.44387755102040816
2013-01,FIDE official January 2013 standard rating list,http://ratings.fide.com/download/standard_jan13frl.zip,standard_jan13frl.txt,812153,"Sedina, Elena",IM,WGM,,ITA,F,2349,0,10,1968,True,w,3266,113,2013_F,Q465448,1968-06-01,11,1968,,1968-06-01,wikidata_exact_filled,False,1968-06-01,primary_clean_wikidata_exact,False,F,110,-0.3669425239318277,0.44387755102040816
2013-01,FIDE official January 2013 standard rating list,http://ratings.fide.com/download/standard_jan13frl.zip,standard_jan13frl.txt,4148827,"Karnaukhova, Elmira",WGM,WGM,,RUS,F,2348,2,15,1985,True,w,3298,116,2013_F,Q4215526,1985-07-10,11,1985,,1985-07-10,wikidata_exact_filled,False,1985-07-10,primary_clean_wikidata_exact,False,F,113,-0.3801433415385789,0.42857142857142855
2013-01,FIDE official January 2013 standard rating list,http://ratings.fide.com/download/standard_jan13frl.zip,standard_jan13frl.txt,639370,"Guichard, Pauline",WGM,WGM,,FRA,F,2347,0,15,1988,True,w,3318,117,2013_F,Q11813816,1988-11-14,11,1988,,1988-11-14,wikidata_exact_filled,False,1988-11-14,primary_clean_wikidata_exact,False,F,114,-0.3933441591453301,0.42346938775510207
2013-01,FIDE official January 2013 standard rating list,http://ratings.fide.com/download/standard_jan13frl.zip,standard_jan13frl.txt,13600656,"Lomineishvili, Maia",IM,WGM,,GEO,F,2345,0,10,1977,True,w,3359,118,2013_F,Q599880,1977-11-11,11,1977,,1977-11-11,wikidata_exact_filled,False,1977-11-11,primary_clean_wikidata_exact,False,F,115,-0.41974579435883247,0.41836734693877553
2013-01,FIDE official January 2013 standard rating list,http://ratings.fide.com/download/standard_jan13frl.zip,standard_jan13frl.txt,14201526,"Muminova, Nafisa",WGM,WGM,,UZB,F,2343,9,15,1990,True,w,3403,119,2013_F,Q1963433,1990-02-01,11,1990,,1990-02-01,wikidata_exact_filled,False,1990-02-01,primary_clean_wikidata_exact,False,F,116,-0.4461474295723349,0.413265306122449
2013-01,FIDE official January 2013 standard rating list,http://ratings.fide.com/download/standard_jan13frl.zip,standard_jan13frl.txt,12401005,"Le, Thanh Tu",WGM,WGM,,VIE,F,2341,8,15,1985,True,w,3453,120,2013_F,Q18459487,1985-11-27,11,1985,,1985-11-27,wikidata_exact_filled,False,1985-11-27,primary_clean_wikidata_exact,False,F,117,-0.4725490647858373,0.40816326530612246
2013-01,FIDE official January 2013 standard rating list,http://ratings.fide.com/download/standard_jan13frl.zip,standard_jan13frl.txt,4132190,"Zimina, Olga",IM,WGM,,ITA,F,2341,9,10,1982,True,w,3453,120,2013_F,Q526780,1982-05-14,11,1982,,1982-05-14,wikidata_exact_filled,False,1982-05-14,primary_clean_wikidata_exact,False,F,117,-0.4725490647858373,0.40816326530612246
2013-01,FIDE official January 2013 standard rating list,http://ratings.fide.com/download/standard_jan13frl.zip,standard_jan13frl.txt,14104652,"Gritsayeva, Oksana",WF,WF,,UKR,F,2340,0,15,1980,True,w,3477,122,2013_F,Q28479340,1980-03-17,11,1980,,1980-03-17,wikidata_exact_filled,False,1980-03-17,primary_clean_wikidata_exact,False,F,119,-0.4857498823925885,0.3979591836734694
2013-01,FIDE official January 2013 standard rating list,http://ratings.fide.com/download/standard_jan13frl.zip,standard_jan13frl.txt,4129903,"Sudakova, Irina",WGM,WGM,,RUS,F,2340,0,15,1982,True,w,3477,122,2013_F,Q11714010,1982-09-05,11,1982,,1982-09-05,wikidata_exact_filled,False,1982-09-05,primary_clean_wikidata_exact,False,F,119,-0.4857498823925885,0.3979591836734694
2013-01,FIDE official January 2013 standard rating list,http://ratings.fide.com/download/standard_jan13frl.zip,standard_jan13frl.txt,13601440,"Gvetadze, Sofio",IM,WGM,,GEO,F,2339,9,10,1983,True,w,3513,124,2013_F,Q28312812,1983-11-15,11,1983,,1983-11-15,wikidata_exact_filled,False,1983-11-15,primary_clean_wikidata_exact,False,F,121,-0.49895069999933966,0.3877551020408163
2013-01,FIDE official January 2013 standard rating list,http://ratings.fide.com/download/standard_jan13frl.zip,standard_jan13frl.txt,4196872,"Savina, Anastasia",IM,WGM,,RUS,F,2339,9,10,1992,True,w,3513,124,2013_F,Q487160,1992-03-18,11,1992,,1992-03-18,wikidata_exact_filled,False,1992-03-18,primary_clean_wikidata_exact,False,F,121,-0.49895069999933966,0.3877551020408163
2013-01,FIDE official January 2013 standard rating list,http://ratings.fide.com/download/standard_jan13frl.zip,standard_jan13frl.txt,927007,"Manakova, Maria",WGM,WGM,,SRB,F,2338,0,15,1974,True,w,3543,126,2013_F,Q545025,1974-03-01,11,1974,,1974-03-01,wikidata_exact_filled,False,1974-03-01,primary_clean_wikidata_exact,False,F,123,-0.5121515176060909,0.37755102040816324
2013-01,FIDE official January 2013 standard rating list,http://ratings.fide.com/download/standard_jan13frl.zip,standard_jan13frl.txt,13704788,"Nakhbayeva, Guliskhan",WGM,WGM,,KAZ,F,2338,8,15,1991,True,w,3543,126,2013_F,Q16225599,1991-06-20,11,1991,,1991-06-20,wikidata_exact_filled,False,1991-06-20,primary_clean_wikidata_exact,False,F,123,-0.5121515176060909,0.37755102040816324
2013-01,FIDE official January 2013 standard rating list,http://ratings.fide.com/download/standard_jan13frl.zip,standard_jan13frl.txt,4200446,"Botsari, Anna-Maria",WGM,WGM,,GRE,F,2337,0,15,1972,True,w,3575,128,2013_F,Q9150296,1972-10-05,11,1972,,1972-10-05,wikidata_exact_filled,False,1972-10-05,primary_clean_wikidata_exact,False,F,125,-0.5253523352128421,0.3673469387755102
2013-01,FIDE official January 2013 standard rating list,http://ratings.fide.com/download/standard_jan13frl.zip,standard_jan13frl.txt,704458,"Grabics, Monika",WGM,WGM,,HUN,F,2335,0,15,1976,True,w,3634,129,2013_F,Q1957793,1976-08-31,11,1976,,1976-08-31,wikidata_exact_filled,False,1976-08-31,primary_clean_wikidata_exact,False,F,126,-0.5517539704263444,0.3622448979591837
2013-01,FIDE official January 2013 standard rating list,http://ratings.fide.com/download/standard_jan13frl.zip,standard_jan13frl.txt,5004330,"Mohota, Nisha",IM,WGM,,IND,F,2335,22,10,1980,True,w,3634,129,2013_F,Q11792343,1980-10-13,11,1980,,1980-10-13,wikidata_exact_filled,False,1980-10-13,primary_clean_wikidata_exact,False,F,126,-0.5517539704263444,0.3622448979591837
2013-01,FIDE official January 2013 standard rating list,http://ratings.fide.com/download/standard_jan13frl.zip,standard_jan13frl.txt,4180917,"Charochkina, Daria",WGM,WGM,,RUS,F,2332,4,10,1990,True,w,3733,131,2013_F,Q24450327,1990-10-07,11,1990,,1990-10-07,wikidata_exact_filled,False,1990-10-07,primary_clean_wikidata_exact,False,F,128,-0.5913564232465981,0.3520408163265306
2013-01,FIDE official January 2013 standard rating list,http://ratings.fide.com/download/standard_jan13frl.zip,standard_jan13frl.txt,1201590,"Cosma, Elena-Luminita",WGM,WGM,,ROU,F,2332,0,10,1972,True,w,3733,131,2013_F,Q9252595,1972-01-22,11,1972,,1972-01-22,wikidata_exact_filled,False,1972-01-22,primary_clean_wikidata_exact,False,F,128,-0.5913564232465981,0.3520408163265306
2013-01,FIDE official January 2013 standard rating list,http://ratings.fide.com/download/standard_jan13frl.zip,standard_jan13frl.txt,3503151,"Pina Vega, Sulennis",WGM,WGM,,CUB,F,2332,0,15,1981,True,w,3733,131,2013_F,Q720629,1981-01-08,11,1981,,1981-01-08,wikidata_exact_filled,False,1981-01-08,primary_clean_wikidata_exact,False,F,128,-0.5913564232465981,0.3520408163265306
2013-01,FIDE official January 2013 standard rating list,http://ratings.fide.com/download/standard_jan13frl.zip,standard_jan13frl.txt,4000510,"Berend, Elvira",WGM,WGM,,LUX,F,2331,0,15,1965,True,w,3765,134,2013_F,Q3247101,1965-09-19,11,1965,,1965-09-19,wikidata_exact_filled,False,1965-09-19,primary_clean_wikidata_exact,False,F,131,-0.6045572408533493,0.336734693877551
2013-01,FIDE official January 2013 standard rating list,http://ratings.fide.com/download/standard_jan13frl.zip,standard_jan13frl.txt,13600125,"Gaprindashvili, Nona",GM,WIM,,GEO,F,2329,0,10,1941,True,w,3821,135,2013_F,Q231630,1941-05-03,11,1941,,1941-05-03,wikidata_exact_filled,False,1941-05-03,primary_clean_wikidata_exact,False,F,132,-0.6309588760668516,0.33163265306122447
2013-01,FIDE official January 2013 standard rating list,http://ratings.fide.com/download/standard_jan13frl.zip,standard_jan13frl.txt,705136,"Medvegy, Nora Dr.",IM,WGM,,HUN,F,2328,0,10,1977,True,w,3844,136,2013_F,Q2006623,1977-03-29,11,1977,,1977-03-29,wikidata_exact_filled,False,1977-03-29,primary_clean_wikidata_exact,False,F,133,-0.6441596936736028,0.32653061224489793
2013-01,FIDE official January 2013 standard rating list,http://ratings.fide.com/download/standard_jan13frl.zip,standard_jan13frl.txt,12502014,"Pourkashiyan, Atousa",WGM,WGM,,IRI,F,2328,2,15,1988,True,w,3844,136,2013_F,Q4817454,1988-05-16,11,1988,,1988-05-16,wikidata_exact_filled,False,1988-05-16,primary_clean_wikidata_exact,False,F,133,-0.6441596936736028,0.32653061224489793
2013-01,FIDE official January 2013 standard rating list,http://ratings.fide.com/download/standard_jan13frl.zip,standard_jan13frl.txt,2802015,"Klinova, Masha",IM,WGM,FT,ISR,F,2327,0,10,1968,True,w,3883,138,2013_F,Q1922932,1968-11-18,11,1968,,1968-11-18,wikidata_exact_filled,False,1968-11-18,primary_clean_wikidata_exact,False,F,135,-0.657360511280354,0.3163265306122449
2013-01,FIDE official January 2013 standard rating list,http://ratings.fide.com/download/standard_jan13frl.zip,standard_jan13frl.txt,13301314,"Galojan, Lilit",IM,WGM,,ARM,F,2326,0,10,1983,True,w,3914,139,2013_F,Q16222185,1983-06-17,11,1983,,1983-06-17,wikidata_exact_filled,False,1983-06-17,primary_clean_wikidata_exact,False,F,136,-0.6705613288871053,0.3112244897959184
2013-01,FIDE official January 2013 standard rating list,http://ratings.fide.com/download/standard_jan13frl.zip,standard_jan13frl.txt,14400073,"Misanovic, Vesna",WGM,WGM,,BIH,F,2326,0,15,1964,True,w,3914,139,2013_F,Q7923258,1964-11-27,11,1964,,1964-11-27,wikidata_exact_filled,False,1964-11-27,primary_clean_wikidata_exact,False,F,136,-0.6705613288871053,0.3112244897959184
2013-01,FIDE official January 2013 standard rating list,http://ratings.fide.com/download/standard_jan13frl.zip,standard_jan13frl.txt,13601105,"Goletiani, Rusudan",IM,WGM,,USA,F,2325,0,10,1980,True,w,3942,141,2013_F,Q275873,1980-09-08,11,1980,,1980-09-08,wikidata_exact_filled,False,1980-09-08,primary_clean_wikidata_exact,False,F,138,-0.6837621464938565,0.3010204081632653
2013-01,FIDE official January 2013 standard rating list,http://ratings.fide.com/download/standard_jan13frl.zip,standard_jan13frl.txt,4900839,"Batchimeg, Tuvshintugs",WGM,WGM,FA,MGL,F,2323,0,15,1986,True,w,3992,142,2013_F,Q526325,1986-05-03,11,1986,,1986-05-03,wikidata_exact_filled,False,1986-05-03,primary_clean_wikidata_exact,False,F,139,-0.7101637817073588,0.29591836734693877
2013-01,FIDE official January 2013 standard rating list,http://ratings.fide.com/download/standard_jan13frl.zip,standard_jan13frl.txt,4108752,"Grabuzova, Tatiana",WGM,WGM,,RUS,F,2323,0,10,1967,True,w,3992,142,2013_F,Q27559996,1967-02-09,11,1967,,1967-02-09,wikidata_exact_filled,False,1967-02-09,primary_clean_wikidata_exact,False,F,139,-0.7101637817073588,0.29591836734693877
2013-01,FIDE official January 2013 standard rating list,http://ratings.fide.com/download/standard_jan13frl.zip,standard_jan13frl.txt,936286,"Rakic, Marija",WIM,WIM,,SRB,F,2323,0,15,1990,True,w,3992,142,2013_F,Q27598440,1990-03-08,11,1990,,1990-03-08,wikidata_exact_filled,False,1990-03-08,primary_clean_wikidata_exact,False,F,139,-0.7101637817073588,0.29591836734693877
2013-01,FIDE official January 2013 standard rating list,http://ratings.fide.com/download/standard_jan13frl.zip,standard_jan13frl.txt,12401102,"Hoang, Thi Bao Tram",WGM,WGM,,VIE,F,2322,9,15,1987,True,w,4025,145,2013_F,Q27577432,1987-01-09,11,1987,,1987-01-09,wikidata_exact_filled,False,1987-01-09,primary_clean_wikidata_exact,False,F,142,-0.72336459931411,0.28061224489795916
2013-01,FIDE official January 2013 standard rating list,http://ratings.fide.com/download/standard_jan13frl.zip,standard_jan13frl.txt,4690745,"Ohme, Melanie",WGM,WGM,,GER,F,2322,0,15,1990,True,w,4025,145,2013_F,Q1476950,1990-06-23,11,1990,,1990-06-23,wikidata_exact_filled,False,1990-06-23,primary_clean_wikidata_exact,False,F,142,-0.72336459931411,0.28061224489795916
2013-01,FIDE official January 2013 standard rating list,http://ratings.fide.com/download/standard_jan13frl.zip,standard_jan13frl.txt,700550,"Madl, Ildiko",IM,WGM,,HUN,F,2321,0,10,1969,True,w,4061,147,2013_F,Q469065,1969-11-05,11,1969,,1969-11-05,wikidata_exact_filled,False,1969-11-05,primary_clean_wikidata_exact,False,F,144,-0.7365654169208612,0.27040816326530615
2013-01,FIDE official January 2013 standard rating list,http://ratings.fide.com/download/standard_jan13frl.zip,standard_jan13frl.txt,13701037,"Sergeyeva, Mariya",WGM,WGM,,KAZ,F,2320,0,15,1983,True,w,4080,148,2013_F,Q27560202,1983-04-12,11,1983,,1983-04-12,wikidata_exact_filled,False,1983-04-12,primary_clean_wikidata_exact,False,F,145,-0.7497662345276124,0.2653061224489796
2013-01,FIDE official January 2013 standard rating list,http://ratings.fide.com/download/standard_jan13frl.zip,standard_jan13frl.txt,11600209,"Safranska, Anda",WGM,WGM,,FRA,F,2319,5,15,1960,True,w,4112,149,2013_F,Q2600515,1960-12-02,11,1960,,1960-12-02,wikidata_exact_filled,False,1960-12-02,primary_clean_wikidata_exact,False,F,146,-0.7629670521343637,0.2602040816326531
2013-01,FIDE official January 2013 standard rating list,http://ratings.fide.com/download/standard_jan13frl.zip,standard_jan13frl.txt,1212915,"Foisor, Sabina-Francesca",WGM,WGM,NI,USA,F,2317,0,15,1989,True,w,4176,150,2013_F,Q9332568,1989-08-30,11,1989,,1989-08-30,wikidata_exact_filled,False,1989-08-30,primary_clean_wikidata_exact,False,F,147,-0.789368687347866,0.25510204081632654
2013-01,FIDE official January 2013 standard rating list,http://ratings.fide.com/download/standard_jan13frl.zip,standard_jan13frl.txt,14110563,"Gutsko, Anastasia",WGM,WGM,,UKR,F,2317,0,15,1985,True,w,4176,150,2013_F,Q21683881,1985-07-27,11,1985,,1985-07-27,wikidata_exact_filled,False,1985-07-27,primary_clean_wikidata_exact,False,F,147,-0.789368687347866,0.25510204081632654
2013-01,FIDE official January 2013 standard rating list,http://ratings.fide.com/download/standard_jan13frl.zip,standard_jan13frl.txt,4152280,"Iljushina, Olga",WGM,WGM,,RUS,F,2317,16,15,1981,True,w,4176,150,2013_F,Q27560008,1981-11-02,11,1981,,1981-11-02,wikidata_exact_filled,False,1981-11-02,primary_clean_wikidata_exact,False,F,147,-0.789368687347866,0.25510204081632654
2013-01,FIDE official January 2013 standard rating list,http://ratings.fide.com/download/standard_jan13frl.zip,standard_jan13frl.txt,4108558,"Strutinskaya, Galina N",WGM,WGM,IA,RUS,F,2317,0,15,1957,True,w,4176,150,2013_F,Q15238271,1957-07-01,11,1957,,1957-07-01,wikidata_exact_filled,False,1957-07-01,primary_clean_wikidata_exact,False,F,147,-0.789368687347866,0.25510204081632654
2013-01,FIDE official January 2013 standard rating list,http://ratings.fide.com/download/standard_jan13frl.zip,standard_jan13frl.txt,1107445,"Dworakowska, Joanna",IM,WGM,,POL,F,2316,0,10,1978,True,w,4217,154,2013_F,Q437434,1978-10-21,11,1978,,1978-10-21,wikidata_exact_filled,False,1978-10-21,primary_clean_wikidata_exact,False,F,151,-0.8025695049546172,0.23469387755102042
2013-01,FIDE official January 2013 standard rating list,http://ratings.fide.com/download/standard_jan13frl.zip,standard_jan13frl.txt,3503950,"Marrero Lopez, Yaniet",WGM,WGM,,CUB,F,2316,16,15,1983,True,w,4217,154,2013_F,Q720164,1983-04-04,11,1983,,1983-04-04,wikidata_exact_filled,False,1983-04-04,primary_clean_wikidata_exact,False,F,151,-0.8025695049546172,0.23469387755102042
2013-01,FIDE official January 2013 standard rating list,http://ratings.fide.com/download/standard_jan13frl.zip,standard_jan13frl.txt,13603108,"Mikadze, Miranda",WIM,WIM,,GEO,F,2314,0,15,1989,True,w,4277,156,2013_F,Q23754528,1989-09-18,11,1989,,1989-09-18,wikidata_exact_filled,False,1989-09-18,primary_clean_wikidata_exact,False,F,153,-0.8289711401681196,0.22448979591836735
2013-01,FIDE official January 2013 standard rating list,http://ratings.fide.com/download/standard_jan13frl.zip,standard_jan13frl.txt,24108065,"Severiukhina, Zoja",WGM,WGM,,RUS,F,2314,11,15,1990,True,w,4277,156,2013_F,Q27560233,1990-04-27,11,1990,,1990-04-27,wikidata_exact_filled,False,1990-04-27,primary_clean_wikidata_exact,False,F,153,-0.8289711401681196,0.22448979591836735
2013-01,FIDE official January 2013 standard rating list,http://ratings.fide.com/download/standard_jan13frl.zip,standard_jan13frl.txt,13602659,"Purtseladze, Maka",IM,WGM,,GEO,F,2313,9,15,1988,True,w,4315,158,2013_F,Q11766480,1988-02-18,11,1988,,1988-02-18,wikidata_exact_filled,False,1988-02-18,primary_clean_wikidata_exact,False,F,155,-0.8421719577748707,0.21428571428571427
2013-01,FIDE official January 2013 standard rating list,http://ratings.fide.com/download/standard_jan13frl.zip,standard_jan13frl.txt,722855,"Rudolf, Anna",WGM,WGM,,HUN,F,2312,9,15,1987,True,w,4353,159,2013_F,Q433980,1987-11-12,11,1987,,1987-11-12,wikidata_exact_filled,False,1987-11-12,primary_clean_wikidata_exact,False,F,156,-0.855372775381622,0.20918367346938777
2013-01,FIDE official January 2013 standard rating list,http://ratings.fide.com/download/standard_jan13frl.zip,standard_jan13frl.txt,13700090,"Saduakassova, Dinara",WGM,WGM,,KAZ,F,2312,9,15,1996,True,w,4353,159,2013_F,Q18388576,1996-10-31,11,1996,,1996-10-31,wikidata_exact_filled,False,1996-10-31,primary_clean_wikidata_exact,False,F,156,-0.855372775381622,0.20918367346938777
2013-01,FIDE official January 2013 standard rating list,http://ratings.fide.com/download/standard_jan13frl.zip,standard_jan13frl.txt,1008498,"Muhren, Bianca",WGM,WGM,,NED,F,2311,1,15,1986,True,w,4410,161,2013_F,Q4021160,1986-02-28,11,1986,,1986-02-28,wikidata_exact_filled,False,1986-02-28,primary_clean_wikidata_exact,False,F,158,-0.8685735929883732,0.1989795918367347
2013-01,FIDE official January 2013 standard rating list,http://ratings.fide.com/download/standard_jan13frl.zip,standard_jan13frl.txt,14113414,"Dolzhykova, Kateryna",WIM,WIM,,UKR,F,2309,0,15,1988,True,w,4481,162,2013_F,Q13742178,1988-09-25,11,1988,,1988-09-25,wikidata_exact_filled,False,1988-09-25,primary_clean_wikidata_exact,False,F,159,-0.8949752282018756,0.19387755102040816
2013-01,FIDE official January 2013 standard rating list,http://ratings.fide.com/download/standard_jan13frl.zip,standard_jan13frl.txt,7101570,"Medina, Warda Aulia",WIM,WIM,,INA,F,2309,13,15,1997,True,w,4481,162,2013_F,Q12497727,1997-07-07,11,1997,,1997-07-07,wikidata_exact_filled,False,1997-07-07,primary_clean_wikidata_exact,False,F,159,-0.8949752282018756,0.19387755102040816
2013-01,FIDE official January 2013 standard rating list,http://ratings.fide.com/download/standard_jan13frl.zip,standard_jan13frl.txt,24606812,"Hoolt, Sarah",WGM,WGM,,GER,F,2308,0,15,1988,True,w,4527,164,2013_F,Q1642557,1988-04-30,11,1988,,1988-04-30,wikidata_exact_filled,False,1988-04-30,primary_clean_wikidata_exact,False,F,161,-0.9081760458086268,0.1836734693877551
2013-01,FIDE official January 2013 standard rating list,http://ratings.fide.com/download/standard_jan13frl.zip,standard_jan13frl.txt,14105551,"Cherednichenko, Svetlana",WGM,WGM,,UKR,F,2307,0,15,1984,True,w,4568,165,2013_F,Q9348627,1984-05-02,11,1984,,1984-05-02,wikidata_exact_filled,False,1984-05-02,primary_clean_wikidata_exact,False,F,162,-0.921376863415378,0.17857142857142858
2013-01,FIDE official January 2013 standard rating list,http://ratings.fide.com/download/standard_jan13frl.zip,standard_jan13frl.txt,4139690,"Kochetkova, Julia",WGM,WGM,,SVK,F,2306,0,15,1981,True,w,4614,167,2013_F,Q518957,1981-11-26,11,1981,,1981-11-26,wikidata_exact_filled,False,1981-11-26,primary_clean_wikidata_exact,False,F,163,-0.9345776810221291,0.17346938775510204
2013-01,FIDE official January 2013 standard rating list,http://ratings.fide.com/download/standard_jan13frl.zip,standard_jan13frl.txt,11601876,"Rogule, Laura",WGM,WGM,,LAT,F,2306,0,15,1988,True,w,4614,167,2013_F,Q465579,1988-02-05,11,1988,,1988-02-05,wikidata_exact_filled,False,1988-02-05,primary_clean_wikidata_exact,False,F,163,-0.9345776810221291,0.17346938775510204
2013-01,FIDE official January 2013 standard rating list,http://ratings.fide.com/download/standard_jan13frl.zip,standard_jan13frl.txt,13601717,"Maisuradze, Nino",WGM,WGM,,FRA,F,2305,18,15,1982,True,w,4659,169,2013_F,Q543367,1982-06-13,11,1982,,1982-06-13,wikidata_exact_filled,False,1982-06-13,primary_clean_wikidata_exact,False,F,165,-0.9477784986288804,0.16326530612244897
2013-01,FIDE official January 2013 standard rating list,http://ratings.fide.com/download/standard_jan13frl.zip,standard_jan13frl.txt,8600376,"Ning, Chunhong",WGM,WGM,FA,CHN,F,2305,4,10,1968,True,w,4659,169,2013_F,Q11792314,1968-01-21,11,1968,,1968-01-21,wikidata_exact_filled,False,1968-01-21,primary_clean_wikidata_exact,False,F,165,-0.9477784986288804,0.16326530612244897
2013-01,FIDE official January 2013 standard rating list,http://ratings.fide.com/download/standard_jan13frl.zip,standard_jan13frl.txt,13601040,"Tammert, Iamze",WF,WF,,GER,F,2305,0,15,1971,True,w,4659,169,2013_F,Q27597824,1971-01-04,11,1971,,1971-01-04,wikidata_exact_filled,False,1971-01-04,primary_clean_wikidata_exact,False,F,165,-0.9477784986288804,0.16326530612244897
2013-01,FIDE official January 2013 standard rating list,http://ratings.fide.com/download/standard_jan13frl.zip,standard_jan13frl.txt,13301918,"Abrahamyan, Tatev",WGM,WGM,,USA,F,2304,2,15,1988,True,w,4701,172,2013_F,Q1878892,1988-01-13,11,1988,,1988-01-13,wikidata_exact_filled,False,1988-01-13,primary_clean_wikidata_exact,False,F,168,-0.9609793162356316,0.14795918367346939
2013-01,FIDE official January 2013 standard rating list,http://ratings.fide.com/download/standard_jan13frl.zip,standard_jan13frl.txt,709751,"Gara, Anita",IM,WGM,,HUN,F,2302,0,10,1983,True,w,4784,173,2013_F,Q518749,1983-03-04,11,1983,,1983-03-04,wikidata_exact_filled,False,1983-03-04,primary_clean_wikidata_exact,False,F,169,-0.987380951449134,0.14285714285714285
2013-01,FIDE official January 2013 standard rating list,http://ratings.fide.com/download/standard_jan13frl.zip,standard_jan13frl.txt,13700081,"Khasanova, Flyura",WGM,WGM,IA,KAZ,F,2301,0,15,1964,True,w,4819,174,2013_F,Q1429004,1964-12-31,11,1964,,1964-12-31,wikidata_exact_filled,False,1964-12-31,primary_clean_wikidata_exact,False,F,170,-1.0005817690558851,0.1377551020408163
2013-01,FIDE official January 2013 standard rating list,http://ratings.fide.com/download/standard_jan13frl.zip,standard_jan13frl.txt,4682920,"Klink, Tamara",WGM,WGM,,GER,F,2301,0,15,1967,True,w,4819,174,2013_F,Q2391190,1967-04-27,11,1967,,1967-04-27,wikidata_exact_filled,False,1967-04-27,primary_clean_wikidata_exact,False,F,170,-1.0005817690558851,0.1377551020408163
2013-01,FIDE official January 2013 standard rating list,http://ratings.fide.com/download/standard_jan13frl.zip,standard_jan13frl.txt,1119907,"Toma, Katarzyna",WGM,WGM,,POL,F,2301,4,15,1985,True,w,4819,174,2013_F,Q11737083,1985-09-16,11,1985,,1985-09-16,wikidata_exact_filled,False,1985-09-16,primary_clean_wikidata_exact,False,F,170,-1.0005817690558851,0.1377551020408163
2013-01,FIDE official January 2013 standard rating list,http://ratings.fide.com/download/standard_jan13frl.zip,standard_jan13frl.txt,5016193,"Soumya, Swaminathan",WGM,WGM,,IND,F,2300,24,15,1989,True,w,4855,177,2013_F,Q7653304,1989-03-21,11,1989,,1989-03-21,wikidata_exact_filled,False,1989-03-21,primary_clean_wikidata_exact,False,F,173,-1.0137825866626364,0.12244897959183673
2013-01,FIDE official January 2013 standard rating list,http://ratings.fide.com/download/standard_jan13frl.zip,standard_jan13frl.txt,309672,"Havlikova, Kristyna",WIM,WIM,,CZE,F,2299,8,15,1992,True,w,4900,178,2013_F,Q1230518,1992-07-22,11,1992,,1992-07-22,wikidata_exact_filled,False,1992-07-22,primary_clean_wikidata_exact,False,F,174,-1.0269834042693875,0.11734693877551021
2013-01,FIDE official January 2013 standard rating list,http://ratings.fide.com/download/standard_jan13frl.zip,standard_jan13frl.txt,721530,"Schneider, Veronika",WGM,WGM,,HUN,F,2299,9,15,1987,True,w,4900,178,2013_F,Q187788,1987-07-17,11,1987,,1987-07-17,wikidata_exact_filled,False,1987-07-17,primary_clean_wikidata_exact,False,F,174,-1.0269834042693875,0.11734693877551021
2013-01,FIDE official January 2013 standard rating list,http://ratings.fide.com/download/standard_jan13frl.zip,standard_jan13frl.txt,8602425,"Gong, Qianyun",WIM,WIM,FT,CHN,F,2298,12,15,1985,True,w,4948,180,2013_F,Q5581695,1985-03-11,11,1985,,1985-03-11,wikidata_exact_filled,False,1985-03-11,primary_clean_wikidata_exact,False,F,176,-1.0401842218761388,0.10714285714285714
2013-01,FIDE official January 2013 standard rating list,http://ratings.fide.com/download/standard_jan13frl.zip,standard_jan13frl.txt,1123009,"Przezdziecka, Marta",WGM,WGM,,POL,F,2298,4,15,1988,True,w,4948,180,2013_F,Q11770619,1988-05-20,11,1988,,1988-05-20,wikidata_exact_filled,False,1988-05-20,primary_clean_wikidata_exact,False,F,176,-1.0401842218761388,0.10714285714285714
2013-01,FIDE official January 2013 standard rating list,http://ratings.fide.com/download/standard_jan13frl.zip,standard_jan13frl.txt,1118080,"Worek, Joanna",WIM,WIM,,POL,F,2298,4,15,1986,True,w,4948,180,2013_F,Q6206012,1986-01-23,11,1986,,1986-01-23,wikidata_exact_filled,False,1986-01-23,primary_clean_wikidata_exact,False,F,176,-1.0401842218761388,0.10714285714285714
2013-01,FIDE official January 2013 standard rating list,http://ratings.fide.com/download/standard_jan13frl.zip,standard_jan13frl.txt,13401521,"Mamedjarova, Zeinab",WGM,WGM,,AZE,F,2296,0,15,1983,True,w,5009,183,2013_F,Q2041993,1983-10-03,11,1983,,1983-10-03,wikidata_exact_filled,False,1983-10-03,primary_clean_wikidata_exact,False,F,179,-1.0665858570896412,0.09183673469387756
2013-01,FIDE official January 2013 standard rating list,http://ratings.fide.com/download/standard_jan13frl.zip,standard_jan13frl.txt,4132203,"Molchanova, Tatjana",WGM,WGM,,RUS,F,2296,0,15,1980,True,w,5009,183,2013_F,Q27560076,1980-12-28,11,1980,,1980-12-28,wikidata_exact_filled,False,1980-12-28,primary_clean_wikidata_exact,False,F,179,-1.0665858570896412,0.09183673469387756
2013-01,FIDE official January 2013 standard rating list,http://ratings.fide.com/download/standard_jan13frl.zip,standard_jan13frl.txt,14107503,"Rohonyan, Katerina",WGM,WGM,,USA,F,2296,0,15,1984,True,w,5009,183,2013_F,Q527815,1984-04-25,11,1984,,1984-04-25,wikidata_exact_filled,False,1984-04-25,primary_clean_wikidata_exact,False,F,179,-1.0665858570896412,0.09183673469387756
2013-01,FIDE official January 2013 standard rating list,http://ratings.fide.com/download/standard_jan13frl.zip,standard_jan13frl.txt,1005308,"Lanchava, Tea",IM,WGM,,NED,F,2295,1,15,1974,True,w,5044,186,2013_F,Q2044099,1974-09-11,11,1974,,1974-09-11,wikidata_exact_filled,False,1974-09-11,primary_clean_wikidata_exact,False,F,182,-1.0797866746963924,0.07653061224489796
2013-01,FIDE official January 2013 standard rating list,http://ratings.fide.com/download/standard_jan13frl.zip,standard_jan13frl.txt,1019481,"Schut, Lisa",WIM,WIM,,NED,F,2295,0,15,1994,True,w,5044,186,2013_F,Q1298717,1994-07-06,11,1994,,1994-07-06,wikidata_exact_filled,False,1994-07-06,primary_clean_wikidata_exact,False,F,182,-1.0797866746963924,0.07653061224489796
2013-01,FIDE official January 2013 standard rating list,http://ratings.fide.com/download/standard_jan13frl.zip,standard_jan13frl.txt,4193172,"Timofeeva, Ekaterina",WIM,WIM,,RUS,F,2295,2,15,1989,True,w,5044,186,2013_F,Q27598200,1989-01-25,11,1989,,1989-01-25,wikidata_exact_filled,False,1989-01-25,primary_clean_wikidata_exact,False,F,182,-1.0797866746963924,0.07653061224489796
2013-01,FIDE official January 2013 standard rating list,http://ratings.fide.com/download/standard_jan13frl.zip,standard_jan13frl.txt,4166299,"Ambartsumova, Karina",WGM,WGM,,RUS,F,2294,0,15,1989,True,w,5086,189,2013_F,Q27559845,1989-08-17,11,1989,,1989-08-17,wikidata_exact_filled,False,1989-08-17,primary_clean_wikidata_exact,False,F,185,-1.0929874923031435,0.061224489795918366
2013-01,FIDE official January 2013 standard rating list,http://ratings.fide.com/download/standard_jan13frl.zip,standard_jan13frl.txt,4616057,"Manakov, Marina",WIM,WIM,,GER,F,2294,0,15,1969,True,w,5086,189,2013_F,Q1898264,1969-04-17,11,1969,,1969-04-17,wikidata_exact_filled,False,1969-04-17,primary_clean_wikidata_exact,False,F,185,-1.0929874923031435,0.061224489795918366
2013-01,FIDE official January 2013 standard rating list,http://ratings.fide.com/download/standard_jan13frl.zip,standard_jan13frl.txt,4617304,"Belic, Jordanka",WGM,WGM,,SRB,F,2292,0,15,1964,True,w,5166,191,2013_F,Q1703697,1964-01-12,11,1964,,1964-01-12,wikidata_exact_filled,False,1964-01-12,primary_clean_wikidata_exact,False,F,187,-1.1193891275166459,0.05102040816326531
2013-01,FIDE official January 2013 standard rating list,http://ratings.fide.com/download/standard_jan13frl.zip,standard_jan13frl.txt,11601345,"Berzina, Ilze",WGM,WGM,,LAT,F,2292,0,15,1984,True,w,5166,191,2013_F,Q4084868,1984-01-04,11,1984,,1984-01-04,wikidata_exact_filled,False,1984-01-04,primary_clean_wikidata_exact,False,F,187,-1.1193891275166459,0.05102040816326531
2013-01,FIDE official January 2013 standard rating list,http://ratings.fide.com/download/standard_jan13frl.zip,standard_jan13frl.txt,4190360,"Fatianova, Tatiana",WGM,WGM,,RUS,F,2292,3,15,1984,True,w,5166,191,2013_F,Q27559984,1984-05-04,11,1984,,1984-05-04,wikidata_exact_filled,False,1984-05-04,primary_clean_wikidata_exact,False,F,187,-1.1193891275166459,0.05102040816326531
2013-01,FIDE official January 2013 standard rating list,http://ratings.fide.com/download/standard_jan13frl.zip,standard_jan13frl.txt,24605611,"Fuchs, Judith",WIM,WIM,,GER,F,2292,0,15,1990,True,w,5166,191,2013_F,Q1711027,1990-01-23,11,1990,,1990-01-23,wikidata_exact_filled,False,1990-01-23,primary_clean_wikidata_exact,False,F,187,-1.1193891275166459,0.05102040816326531
2013-01,FIDE official January 2013 standard rating list,http://ratings.fide.com/download/standard_jan13frl.zip,standard_jan13frl.txt,2900602,"Voiska, Margarita",WGM,WGM,,BUL,F,2291,0,15,1963,True,w,5209,195,2013_F,Q2064795,1963-04-03,11,1963,,1963-04-03,wikidata_exact_filled,False,1963-04-03,primary_clean_wikidata_exact,False,F,191,-1.1325899451233972,0.030612244897959183
2013-01,FIDE official January 2013 standard rating list,http://ratings.fide.com/download/standard_jan13frl.zip,standard_jan13frl.txt,2806819,"Gesser, Bella",WGM,WGM,,ISR,F,2290,0,15,1985,True,w,5259,196,2013_F,Q262251,1985-06-02,11,1985,,1985-06-02,wikidata_exact_filled,False,1985-06-02,primary_clean_wikidata_exact,False,F,192,-1.1457907627301482,0.025510204081632654
2013-01,FIDE official January 2013 standard rating list,http://ratings.fide.com/download/standard_jan13frl.zip,standard_jan13frl.txt,1107453,"Jaracz, Barbara",WGM,WGM,,POL,F,2290,4,15,1977,True,w,5259,196,2013_F,Q510440,1977-06-08,11,1977,,1977-06-08,wikidata_exact_filled,False,1977-06-08,primary_clean_wikidata_exact,False,F,192,-1.1457907627301482,0.025510204081632654
2013-01,FIDE official January 2013 standard rating list,http://ratings.fide.com/download/standard_jan13frl.zip,standard_jan13frl.txt,13600419,"Khurtsilava, Inga",WIM,WIM,,GEO,F,2290,9,15,1975,True,w,5259,196,2013_F,Q27560017,1975-04-17,11,1975,,1975-04-17,wikidata_exact_filled,False,1975-04-17,primary_clean_wikidata_exact,False,F,192,-1.1457907627301482,0.025510204081632654
2013-01,FIDE official January 2013 standard rating list,http://ratings.fide.com/download/standard_jan13frl.zip,standard_jan13frl.txt,705128,"Lakos, Nikoletta",WGM,WGM,,HUN,F,2290,0,10,1978,True,w,5259,196,2013_F,Q1753641,1978-12-14,11,1978,,1978-12-14,wikidata_exact_filled,False,1978-12-14,primary_clean_wikidata_exact,False,F,192,-1.1457907627301482,0.025510204081632654
2013-01,FIDE official January 2013 standard rating list,http://ratings.fide.com/download/standard_jan13frl.zip,standard_jan13frl.txt,13503189,"Sharevich, Anna",WGM,WGM,,BLR,F,2290,0,15,1985,True,w,5259,196,2013_F,Q467203,1985-12-18,11,1985,,1985-12-18,wikidata_exact_filled,False,1985-12-18,primary_clean_wikidata_exact,False,F,192,-1.1457907627301482,0.025510204081632654
2013-01,FIDE official January 2013 standard rating list,http://ratings.fide.com/download/standard_jan13frl.zip,standard_jan13frl.txt,4162340,"Tomilova, Elena",WIM,WIM,,RUS,F,2290,0,15,1986,True,w,5259,196,2013_F,Q22957179,1986-08-19,11,1986,,1986-08-19,wikidata_exact_filled,False,1986-08-19,primary_clean_wikidata_exact,False,F,192,-1.1457907627301482,0.025510204081632654
