scope,relation_score,n_dates,n_people,music,music_rate
gregorian_1986,0,88,4015,272,0.06774595267745953
gregorian_1986,1,140,6206,486,0.07831131163390267
gregorian_1986,2,93,4205,340,0.08085612366230678
gregorian_1986,3,30,1343,96,0.07148175725986597
gregorian_1986,4,3,102,8,0.0784313725490196
bazi_year_丙寅,0,75,3419,231,0.0675636150921322
bazi_year_丙寅,1,127,5517,435,0.07884719956498097
bazi_year_丙寅,2,86,3864,312,0.08074534161490683
bazi_year_丙寅,3,29,1289,93,0.0721489526764934
bazi_year_丙寅,4,3,102,8,0.0784313725490196
