analysis,category,observed_n,observed_pct,expected_n,expected_pct,enrichment,p_lower,p_upper_enrichment,p_two_sided,p_holm_family,scope
Day Master / 10 stems,甲,413,0.10474258179051484,393.93959128677295,0.09990859530478645,1.0483840901874515,0.8504376750959454,0.16207933175887804,0.3241586635177561,1.0,known
Day Master / 10 stems,乙,413,0.10474258179051484,396.77086608279063,0.10062664622946757,1.040903038263457,0.812502955380099,0.201901604190378,0.403803208380756,1.0,known
Day Master / 10 stems,丙,397,0.10068475779863048,394.14346882251664,0.09996030150203312,1.0072474400908307,0.5734079190663145,0.44746035911859106,0.8949207182371821,1.0,known
Day Master / 10 stems,丁,370,0.09383717981232564,394.14346882251664,0.09996030150203312,0.9387444655758372,0.10390494633046668,0.9055271606773685,0.20780989266093336,1.0,known
Day Master / 10 stems,戊,392,0.09941668780116662,394.14346882251664,0.09996030150203312,0.9945617040695356,0.46802944516157696,0.5530616382461709,0.9360588903231539,1.0,known
Day Master / 10 stems,己,389,0.09865584580268831,394.14346882251664,0.09996030150203312,0.9869502624567585,0.4052141267052271,0.6153042393892821,0.8104282534104542,1.0,known
Day Master / 10 stems,庚,419,0.10626426578747147,393.8968934800509,0.0998977665432541,1.0637301459733917,0.9121321804880995,0.09648205642107238,0.19296411284214476,1.0,known
Day Master / 10 stems,辛,374,0.09485163581029672,393.93959128677295,0.09990859530478645,0.949384139782341,0.15082050348497306,0.8614477580229457,0.3016410069699461,1.0,known
Day Master / 10 stems,壬,386,0.09789500380421,393.93959128677295,0.09990859530478645,0.9798456629839136,0.3486041875244357,0.6709419069506761,0.6972083750488715,1.0,known
Day Master / 10 stems,癸,390,0.09890945980218108,393.93959128677295,0.09990859530478645,0.9899995040511044,0.43022398514793536,0.5905907748185144,0.8604479702958707,1.0,known
