fide_id,name,fed,sex,title,wtitle,otitle,foa,rating,games,kfactor,birth_year,flag,active,identity_bridge_modern_fide_id,exact_dob_frozen,dob_status_2023,birthplace_hemisphere,hemisphere_status,wikidata_person_qids,birthplace_qids,birthplace_labels,birthplace_latitudes,birthplace_longitudes,eligible_north_2023,exclusion_reason_2023,snapshot,analysis_sex,seen_in_1994_2013,analysis_rank_within_sex,elo_z_within_2023_sex_cohort
8602980,"Hou, Yifan",CHN,F,GM,WGM,,,2638,0,10,1994,w,True,8602980,1994-02-27,wikidata_exact_year_agrees,north,resolved_unique_birthplace,Q234011,Q1028116,Xinghua,32.93868,119.84036,True,,2023-01,F,True,1,3.605784429091529
4147103,"Goryachkina, Aleksandra",RUS,F,GM,WGM,,,2576,8,10,1998,w,True,4147103,1998-09-28,wikidata_exact_year_agrees,north,resolved_unique_birthplace,Q4146345,Q47166,Orsk,51.229,58.4681,True,,2023-01,F,True,2,2.825137834741814
5008123,"Koneru, Humpy",IND,F,GM,WGM,,,2572,0,10,1987,w,True,5008123,1987-03-31,wikidata_exact_year_agrees,north,resolved_unique_birthplace,Q255044,Q200017,Vijayawada,16.51666667,80.61666667,True,,2023-01,F,True,3,2.774773538332155
14109336,"Lagno, Kateryna",RUS,F,GM,WGM,,,2560,4,10,1989,w,True,14109336,1989-12-27,wikidata_exact_year_agrees,north,resolved_unique_birthplace,Q200408,Q36036,Lviv,49.838055;49.841952,24.023055;24.0315921,True,,2023-01,F,True,4,2.6236806491031777
8603006,"Ju, Wenjun",CHN,F,GM,WGM,,,2555,0,10,1991,w,True,8603006,1991-01-31,wikidata_exact_year_agrees,north,resolved_unique_birthplace,Q468045,Q8686,Shanghai,31.2325,121.46916667,True,,2023-01,F,True,5,2.560725278591104
8605114,"Lei, Tingjie",CHN,F,GM,WGM,,,2545,0,10,1997,w,True,8605114,1997-03-03,wikidata_exact_year_agrees,north,resolved_unique_birthplace,Q16845654,Q11725,Chongqing,29.55,106.50694444,True,,2023-01,F,False,6,2.4348145375669565
8603642,"Tan, Zhongyi",CHN,F,GM,WGM,FST,,2530,8,10,1991,w,True,8603642,1991-05-29,wikidata_exact_year_agrees,north,resolved_unique_birthplace,Q7682163,Q11725,Chongqing,29.55,106.50694444,True,,2023-01,F,True,7,2.245948426030735
14114550,"Muzychuk, Mariya",UKR,F,GM,WGM,,,2523,0,10,1992,w,True,14114550,1992-09-21,wikidata_exact_year_agrees,north,resolved_unique_birthplace,Q439881,Q36036,Lviv,49.838055;49.841952,24.023055;24.0315921,True,,2023-01,F,True,8,2.1578109073138316
14111330,"Muzychuk, Anna",UKR,F,GM,WGM,,,2522,0,10,1990,w,True,14111330,1990-02-28,wikidata_exact_year_agrees,north,resolved_unique_birthplace,Q241258,Q36036,Lviv,49.838055;49.841952,24.023055;24.0315921,True,,2023-01,F,True,9,2.145219833211417
4128125,"Kosteniuk, Alexandra",FID,F,GM,WGM,,,2519,4,10,1984,w,True,4128125,1984-04-23,wikidata_exact_year_agrees,north,resolved_unique_birthplace,Q620950,Q915,Perm,58.01388889,56.24888889,True,,2023-01,F,True,10,2.107446610904173
13601903,"Dzagnidze, Nana",GEO,F,GM,WGM,,,2517,0,10,1987,w,True,13601903,1987-01-01,wikidata_exact_year_agrees,north,resolved_unique_birthplace,Q239796,Q172415,Kutaisi,42.27166667,42.70555556,True,,2023-01,F,True,11,2.082264462699343
5015197,"Harika, Dronavalli",IND,F,GM,WGM,,,2507,0,10,1991,w,True,5015197,1991-01-12,wikidata_exact_year_agrees,north,resolved_unique_birthplace,Q109147059,Q3120966,Guntur,16.3,80.45,True,,2023-01,F,True,12,1.9563537216751956
24171760,"Shuvalova, Polina",RUS,F,IM,WGM,,,2498,2,10,2001,w,True,24171760,2001-03-12,wikidata_exact_year_agrees,north,resolved_unique_birthplace,Q27597944,Q47166,Orsk,51.229,58.4681,True,,2023-01,F,False,13,1.8430340547534627
13703544,"Abdumalik, Zhansaya",KAZ,F,GM,WGM,,,2496,0,10,2000,w,True,13703544,2000-01-12,wikidata_exact_year_agrees,north,resolved_unique_birthplace,Q7492278,Q35493,Almaty,43.24,76.915,True,,2023-01,F,False,14,1.8178519065486334
13602993,"Batsiashvili, Nino",GEO,F,GM,WGM,,,2493,0,10,1987,w,True,13602993,1987-01-01,wikidata_exact_year_agrees,north,resolved_unique_birthplace,Q11792327,Q25475,Batumi,41.64583333,41.64166667,True,,2023-01,F,True,15,1.780078684241389
4198026,"Kashlinskaya, Alina",POL,F,IM,WGM,,,2491,0,10,1993,w,True,4198026,1993-10-28,wikidata_exact_year_agrees,north,resolved_unique_birthplace,Q4218235,Q649,Moscow,55.75055556,37.6175,True,,2023-01,F,True,16,1.7548965360365596
12512214,"Khademalsharieh, Sarasadat",IRI,F,IM,WGM,,,2490,0,10,1997,w,True,12512214,1997-03-10,wikidata_exact_year_agrees,north,resolved_unique_birthplace,Q18338211,Q3616,Tehran,35.68888889,51.38972222,True,,2023-01,F,True,17,1.7423054619341447
4167570,"Gunina, Valentina",RUS,F,GM,WGM,,,2476,0,10,1989,w,True,4167570,1989-02-04,wikidata_exact_year_agrees,north,resolved_unique_birthplace,Q163256,Q1763,Murmansk,68.96666667,33.08333333,True,,2023-01,F,True,18,1.566030424500338
13403729,"Mammadzada, Gunay",AZE,F,IM,WGM,,,2472,0,10,2000,w,True,13403729,2000-06-19,wikidata_exact_year_agrees,north,resolved_unique_birthplace,Q18578182,Q9248,Baku,40.36665556,49.83518333,True,,2023-01,F,False,19,1.5156661280906791
4641833,"Paehtz, Elisabeth",GER,F,GM,WGM,,,2464,0,10,1985,w,True,4641833,1985-01-08,wikidata_exact_year_agrees,north,resolved_unique_birthplace,Q62319,Q1729,Erfurt,50.97805556,11.02888889,True,,2023-01,F,True,20,1.4149375352713611
13600079,"Ioseliani, Nana",GEO,F,IM,WGM,,,2462,0,10,1962,w,True,13600079,1962-02-12,wikidata_exact_year_agrees,north,resolved_unique_birthplace,Q259851,Q994,Tbilisi,41.7225,44.7925,True,,2023-01,F,True,21,1.3897553870665316
1700030,"Cramling, Pia",SWE,F,GM,,,,2458,1,10,1963,w,True,1700030,1963-04-23,wikidata_exact_year_agrees,north,resolved_unique_birthplace,Q202015,Q1754,Stockholm,59.32944444,18.06861111,True,,2023-01,F,True,22,1.3393910906568725
2810964,"Efroimski, Marsel",ISR,F,IM,WGM,,,2456,9,10,1995,w,True,2810964,1995-02-13,wikidata_exact_year_agrees,north,resolved_unique_birthplace,Q441176,Q188785,Central District,31.93333333,34.86666667,True,,2023-01,F,False,23,1.314208942452043
14110911,"Ushenina, Anna",UKR,F,GM,WGM,,,2454,0,10,1985,w,True,14110911,1985-08-30,wikidata_exact_year_agrees,north,resolved_unique_birthplace,Q82655,Q42308,Kharkiv,49.9925,36.23111111,True,,2023-01,F,True,24,1.2890267942472133
1106619,"Socko, Monika",POL,F,GM,WGM,,,2450,0,10,1978,w,True,1106619,1978-03-24,wikidata_exact_year_agrees,north,resolved_unique_birthplace,Q261896,Q270,Warsaw,52.23,21.01111111,True,,2023-01,F,True,25,1.2386624978375544
14101602,"Osmak, Yuliia",UKR,F,IM,WGM,,,2449,1,10,1998,w,True,14101602,1998-03-06,wikidata_exact_year_agrees,north,resolved_unique_birthplace,Q19356178,Q1899,Kyiv,50.45,30.52361111,True,,2023-01,F,False,26,1.2260714237351396
13708694,"Assaubayeva, Bibisara",KAZ,F,IM,WGM,,,2440,0,10,2004,w,True,13708694,2004-02-26,wikidata_exact_year_agrees,north,resolved_unique_birthplace,Q28479507,Q486545,Taraz,42.88333333,71.36666667,True,,2023-01,F,False,27,1.1127517568134069
13601458,"Javakhishvili, Lela",GEO,F,IM,WGM,,,2440,0,10,1984,w,True,13601458,1984-04-23,wikidata_exact_year_agrees,north,resolved_unique_birthplace,Q1816602,Q209009,Telavi,41.91694444;41.91978,45.47315;45.47638889,True,,2023-01,F,True,27,1.1127517568134069
13700090,"Saduakassova, Dinara",KAZ,F,IM,WGM,,,2434,0,10,1996,w,True,13700090,1996-10-31,wikidata_exact_year_agrees,north,resolved_unique_birthplace,Q18388576,Q1520,Astana,51.13333333,71.43333333,True,,2023-01,F,True,29,1.0372053121989182
2902257,"Stefanova, Antoaneta",BUL,F,GM,,,,2433,9,10,1979,w,True,2902257,1979-04-19,wikidata_exact_year_agrees,north,resolved_unique_birthplace,Q238810,Q472,Sofia,42.697886,23.321726,True,,2023-01,F,True,30,1.0246142380965035
2012782,"Krush, Irina",USA,F,GM,WGM,,,2432,0,10,1983,w,True,2012782,1983-12-24,wikidata_exact_year_agrees,north,resolved_unique_birthplace,Q271436,Q1874,Odesa,46.47747,30.73262,True,,2023-01,F,True,31,1.0120231639940886
4147855,"Pogonina, Natalija",RUS,F,WGM,WGM,,,2432,0,10,1985,w,True,4147855,1985-03-09,wikidata_exact_year_agrees,north,resolved_unique_birthplace,Q436685,Q959,Vladivostok,43.115,131.88527778,True,,2023-01,F,True,31,1.0120231639940886
13300210,"Danielian, Elina",ARM,F,GM,WGM,,,2431,0,10,1978,w,True,13300210,1978-08-16,wikidata_exact_year_agrees,north,resolved_unique_birthplace,Q433358,Q9248,Baku,40.36665556,49.83518333,True,,2023-01,F,True,33,0.999432089891674
617822,"Sebag, Marie",FRA,F,GM,WGM,,,2430,0,10,1986,w,True,617822,1986-10-15,wikidata_exact_year_agrees,north,resolved_unique_birthplace,Q266155,Q90,Paris,48.85666667,2.35222222,True,,2023-01,F,True,34,0.9868410157892592
13903063,"Bulmaga, Irina",ROU,F,IM,WGM,,,2428,10,10,1993,w,True,13903063,1993-11-11,wikidata_exact_year_agrees,north,resolved_unique_birthplace,Q15149603,Q21197,Chișinău,47.02277778,28.83527778,True,,2023-01,F,True,35,0.9616588675844296
13604040,"Arabidze, Meri",GEO,F,IM,WGM,,,2427,0,10,1994,w,True,13604040,1994-02-25,wikidata_exact_year_agrees,north,resolved_unique_birthplace,Q1921654,Q513727,Samtredia,42.1625,42.34166667,True,,2023-01,F,True,36,0.949067793482015
13403052,"Fataliyeva, Ulviyya",AZE,F,IM,WGM,,,2427,10,10,1996,w,True,13403052,1996-08-03,wikidata_exact_year_agrees,north,resolved_unique_birthplace,Q42296431,Q131290,Ganja,40.68277778,46.36055556,True,,2023-01,F,False,36,0.949067793482015
8602689,"Huang, Qian",CHN,F,WGM,WGM,,,2426,0,10,1986,w,True,8602689,1986-07-18,wikidata_exact_year_agrees,north,resolved_unique_birthplace,Q5925658,Q11725,Chongqing,29.55,106.50694444,True,,2023-01,F,True,38,0.9364767193796002
5091756,"Vaishali, Rameshbabu",IND,F,IM,WGM,,,2425,0,10,2001,w,True,5091756,2001-06-21,wikidata_exact_year_agrees,north,resolved_unique_birthplace,Q22002931,Q1352,Chennai,13.0825,80.275,True,,2023-01,F,False,39,0.9238856452771854
13509926,"Badelka, Olga",FID,F,IM,WGM,,,2416,0,10,2002,w,True,13509926,2002-07-08,wikidata_exact_year_agrees,north,resolved_unique_birthplace,Q47543955,Q154835,Mahilyow,53.90894,30.34296,True,,2023-01,F,False,40,0.8105659783554526
24157570,"Wagner, Dinara",GER,F,WGM,WGM,,,2413,0,10,1999,w,True,24157570,1999-05-25,wikidata_exact_year_agrees,north,resolved_unique_birthplace,Q27597914,Q3977,Elista,46.31666667,44.26666667,True,,2023-01,F,False,41,0.7727927560482083
35061887,Savitha Shri B,IND,F,WIM,WIM,,,2411,0,10,2007,w,True,35061887,2007-01-25,wikidata_exact_year_agrees,north,resolved_unique_birthplace,Q95189623,Q1352,Chennai,13.0825,80.275,True,,2023-01,F,False,42,0.7476106078433787
4129725,"Galliamova, Alisa",RUS,F,IM,WGM,,,2410,0,10,1972,w,True,4129725,1972-01-18,wikidata_exact_year_agrees,north,resolved_unique_birthplace,Q466286,Q900,Kazan,55.79083333,49.11444444,True,,2023-01,F,True,43,0.7350195337409641
1154613,"Kiolbasa, Oliwia",POL,F,IM,WIM,,,2410,0,10,2000,w,True,1154613,2000-04-26,wikidata_exact_year_agrees,north,resolved_unique_birthplace,Q11798067,Q464763,Augustów,53.85,22.96666667,True,,2023-01,F,False,43,0.7350195337409641
4900758,"Munguntuul, Batkhuyag",MGL,F,IM,WGM,,,2408,0,10,1987,w,True,4900758,1987-10-08,wikidata_exact_year_agrees,north,resolved_unique_birthplace,Q444506,Q23430,Ulaanbaatar,47.921357,106.905515,True,,2023-01,F,True,45,0.7098373855361345
14123622,"Buksa, Nataliya",UKR,F,IM,WGM,,,2405,0,10,1996,w,True,14123622,1996-11-06,wikidata_exact_year_agrees,north,resolved_unique_birthplace,Q21683575,Q36036,Lviv,49.838055;49.841952,24.023055;24.0315921,True,,2023-01,F,False,46,0.6720641632288903
4130189,"Atalik, Ekaterina",TUR,F,IM,WGM,,,2403,0,10,1982,w,True,4130189,1982-11-14,wikidata_exact_year_agrees,north,resolved_unique_birthplace,Q271541,Q5384,Kirov,58.6,49.65,True,,2023-01,F,True,47,0.6468820150240607
4195752,"Girya, Olga",RUS,F,GM,WGM,,,2402,6,10,1991,w,True,4195752,1991-06-04,wikidata_exact_year_agrees,north,resolved_unique_birthplace,Q2019607,Q157395,Langepas,61.25;61.25439,75.16666667;75.2124,True,,2023-01,F,True,48,0.634290940921646
4166299,"Ambartsumova, Karina",RUS,F,IM,WGM,,,2399,0,20,1989,w,True,4166299,1989-08-17,wikidata_exact_year_agrees,north,resolved_unique_birthplace,Q27559845,Q900,Kazan,55.79083333,49.11444444,True,,2023-01,F,True,49,0.5965177186144017
8604002,"Guo, Qi",CHN,F,IM,WGM,,,2392,0,10,1995,w,True,8604002,1995-01-27,wikidata_exact_year_agrees,north,resolved_unique_birthplace,Q11702909,Q1028116,Xinghua,32.93868,119.84036,True,,2023-01,F,True,50,0.5083801998974984
24174041,"Maltsevskaya, Aleksandra",POL,F,IM,WGM,,,2392,9,10,2002,w,True,24174041,2002-07-05,wikidata_exact_year_agrees,north,resolved_unique_birthplace,Q47543969,Q914,Volgograd,48.70861111,44.51472222,True,,2023-01,F,False,50,0.5083801998974984
13601377,"Matnadze Bujiashvili, Ann",ESP,F,IM,WGM,,,2392,0,10,1983,w,True,13601377,1983-02-20,wikidata_exact_year_agrees,north,resolved_unique_birthplace,Q482971,Q209009,Telavi,41.91694444;41.91978,45.47315;45.47638889,True,,2023-01,F,True,50,0.5083801998974984
4500512,"Narva, Mai",EST,F,IM,WGM,,,2389,0,10,1999,w,True,4500512,1999-10-22,wikidata_exact_year_agrees,north,resolved_unique_birthplace,Q22582519,Q1770,Tallinn,59.43722222,24.745,True,,2023-01,F,False,53,0.4706069775902541
5007844,"Tania, Sachdev",IND,F,IM,WGM,,,2389,0,10,1986,w,True,5007844,1986-08-20,wikidata_exact_year_agrees,north,resolved_unique_birthplace,Q453607,Q1353,Delhi,28.66666667,77.21666667,True,,2023-01,F,True,53,0.4706069775902541
13413015,"Beydullayeva, Govhar",AZE,F,WGM,WGM,,,2387,0,20,2003,w,True,13413015,2003-04-23,wikidata_exact_year_agrees,north,resolved_unique_birthplace,Q47543957,Q3543321,Al Zulfi governorate,26.2833,44.8,True,,2023-01,F,False,55,0.4454248293854246
12400149,"Hoang, Thanh Trang",HUN,F,GM,WGM,,,2387,1,10,1980,w,True,12400149,1980-04-25,wikidata_exact_year_agrees,north,resolved_unique_birthplace,Q284978,Q1858,Hanoi,21.0245,105.84117,True,,2023-01,F,True,55,0.4454248293854246
8614750,"Ning, Kaiyu",CHN,F,WIM,WIM,,,2387,0,20,2004,w,True,8614750,2004-09-10,wikidata_exact_year_agrees,north,resolved_unique_birthplace,Q69046127,Q208471,Kaifeng,34.795,114.345,True,,2023-01,F,False,55,0.4454248293854246
2915138,"Salimova, Nurgyul",BUL,F,IM,WGM,,,2387,10,10,2003,w,True,2915138,2003-06-02,wikidata_exact_year_agrees,north,resolved_unique_birthplace,Q28479765,Q2016313,Krepcha,43.483636,26.135153,True,,2023-01,F,False,55,0.4454248293854246
1122320,"Zawadzka, Jolanta",POL,F,WGM,WGM,,,2386,0,10,1987,w,True,1122320,1987-02-08,wikidata_exact_year_agrees,north,resolved_unique_birthplace,Q3817025,Q1799,Wrocław,51.11,17.0325,True,,2023-01,F,True,59,0.4328337552830098
13900145,"Skripchenko, Almira",FRA,F,IM,WGM,,,2384,1,10,1976,w,True,13900145,1976-02-17,wikidata_exact_year_agrees,north,resolved_unique_birthplace,Q440144,Q21197,Chișinău,47.02277778,28.83527778,True,,2023-01,F,True,60,0.4076516070781803
932400,"Injac, Teodora",SRB,F,WGM,WGM,,,2383,19,10,2000,w,True,932400,2000-05-26,wikidata_exact_year_agrees,north,resolved_unique_birthplace,Q65200486,Q3711,Belgrade,44.81777778,20.45694444,True,,2023-01,F,False,61,0.39506053297576554
4900782,"Nomin-Erdene, Davaademberel",MGL,F,IM,WGM,,,2383,2,10,2000,w,True,4900782,2000-02-15,wikidata_exact_year_agrees,north,resolved_unique_birthplace,Q19571884,Q23430,Ulaanbaatar,47.921357,106.905515,True,,2023-01,F,False,61,0.39506053297576554
13310828,"Mkrtchyan, Mariam",ARM,F,WIM,WIM,,,2381,9,20,2004,w,True,13310828,2004-02-27,wikidata_exact_year_agrees,north,resolved_unique_birthplace,Q108371835,Q1953,Yerevan,40.18138889,44.51444444,True,,2023-01,F,False,63,0.36987838477093604
13406396,"Balajayeva, Khanim",AZE,F,WGM,WGM,,,2379,0,20,2001,w,True,13406396,2001-03-28,wikidata_exact_year_agrees,north,resolved_unique_birthplace,Q28479277,Q1017662,Qakh,41.41944444,46.91805556,True,,2023-01,F,False,64,0.3446962365661065
13300601,"Mkrtchian, Lilit",ARM,F,IM,WGM,,,2379,1,10,1982,w,True,13300601,1982-08-09,wikidata_exact_year_agrees,north,resolved_unique_birthplace,Q468769,Q1953,Yerevan,40.18138889,44.51444444,True,,2023-01,F,True,64,0.3446962365661065
13403508,"Mammadova, Gulnar",AZE,F,IM,WGM,,,2376,0,10,1991,w,True,13403508,1991-05-11,wikidata_exact_year_agrees,north,resolved_unique_birthplace,Q9283967,Q241116,Shirvan,39.93194444,48.92027778,True,,2023-01,F,True,66,0.3069230142588622
623725,"Milliet, Sophie",FRA,F,IM,WGM,,,2376,1,10,1983,w,True,623725,1983-11-02,wikidata_exact_year_agrees,north,resolved_unique_birthplace,Q449567,Q23482,Marseille,43.29666667,5.37638889,True,,2023-01,F,True,66,0.3069230142588622
8600201,"Zhai, Mo",CHN,F,WGM,WGM,,,2375,0,10,1996,w,True,8600201,1996-03-27,wikidata_exact_year_agrees,north,resolved_unique_birthplace,Q23636845,Q21208,Hebei,38.04222222,114.50861111,True,,2023-01,F,False,68,0.2943319401564475
639370,"Guichard, Pauline",FRA,F,IM,WGM,,,2370,0,10,1988,w,True,639370,1988-11-14,wikidata_exact_year_agrees,north,resolved_unique_birthplace,Q11813816,Q174002,Colombes,48.92361111,2.25222222,True,,2023-01,F,True,69,0.23137656964437367
4149351,"Guseva, Marina",RUS,F,IM,WGM,,,2368,9,10,1986,w,True,4149351,1986-08-05,wikidata_exact_year_agrees,north,resolved_unique_birthplace,Q6763901,Q197386,Fryazino,55.95,38.05,True,,2023-01,F,True,70,0.20619442143954417
13602446,"Melia, Salome",GEO,F,IM,WGM,,,2366,0,10,1987,w,True,13602446,1987-04-14,wikidata_exact_year_agrees,north,resolved_unique_birthplace,Q918597,Q25475,Batumi,41.64583333,41.64166667,True,,2023-01,F,True,71,0.18101227323471464
4100123,"Bivol, Alina",RUS,F,IM,WGM,,,2364,0,10,1996,w,True,4100123,1996-01-19,wikidata_exact_year_agrees,north,resolved_unique_birthplace,Q20090303,Q102334,Dmitrov,56.35,37.53333333,True,,2023-01,F,False,72,0.1558301250298851
709751,"Gara, Anita",HUN,F,IM,WGM,,,2363,3,10,1983,w,True,709751,1983-03-04,wikidata_exact_year_agrees,north,resolved_unique_birthplace,Q518749,Q1781,Budapest,47.49833333,19.04083333,True,,2023-01,F,True,73,0.14323905092747036
1058401,"Roebers, Eline",NED,F,IM,,,,2361,2,20,2006,w,True,1058401,2006-05-22,wikidata_exact_year_agrees,north,resolved_unique_birthplace,Q108472880,Q727,Amsterdam,52.36666667,4.88333333,True,,2023-01,F,False,74,0.11805690272264084
13308130,"Sargsyan, Anna M.",ARM,F,IM,WGM,,,2361,18,10,2001,w,True,13308130,2001-04-10,wikidata_exact_year_agrees,north,resolved_unique_birthplace,Q68948716,Q1953,Yerevan,40.18138889,44.51444444,True,,2023-01,F,False,74,0.11805690272264084
2219026,"Vega Gutierrez, Sabrina",ESP,F,IM,WGM,,,2361,0,10,1987,w,True,2219026,1987-02-28,wikidata_exact_year_agrees,north,resolved_unique_birthplace,Q9072507,Q11974,Las Palmas de Gran Canaria,28.12722222,-15.43138889,True,,2023-01,F,True,74,0.11805690272264084
2090732,"Yip, Carissa",USA,F,IM,WGM,,,2357,9,10,2003,w,True,2090732,2003-09-10,wikidata_exact_year_agrees,north,resolved_unique_birthplace,Q66980214,Q100,Boston,42.36027778,-71.05777778,True,,2023-01,F,False,77,0.06769260631298181
2053900,"Wang, Annie",USA,F,IM,WGM,,,2356,4,20,2002,w,True,2053900,2002-05-18,wikidata_exact_year_agrees,north,resolved_unique_birthplace,Q27597951,Q695556,Bryan,30.6656,-96.3667,True,,2023-01,F,False,78,0.05510153221056705
4182146,"Voit, Daria",RUS,F,WGM,WGM,,,2355,9,10,1994,w,True,4182146,1994-01-11,wikidata_exact_year_agrees,north,resolved_unique_birthplace,Q30044102,Q649,Moscow,55.75055556,37.6175,True,,2023-01,F,False,79,0.04251045810815229
4116704,"Kovalevskaya, Ekaterina",RUS,F,IM,WGM,,,2354,0,10,1974,w,True,4116704,1974-04-17,wikidata_exact_year_agrees,north,resolved_unique_birthplace,Q448996,Q908,Rostov-on-Don,47.2225,39.71,True,,2023-01,F,True,80,0.029919384005737532
8608466,"Ni, Shiqun",CHN,F,WGM,WGM,,,2354,0,10,1997,w,True,8608466,1997-02-26,wikidata_exact_year_agrees,north,resolved_unique_birthplace,Q19840484,Q8686,Shanghai,31.2325,121.46916667,True,,2023-01,F,False,80,0.029919384005737532
4264312,"Tsolakidou, Stavroula",GRE,F,IM,WGM,,,2353,9,10,2000,w,True,4264312,2000-03-24,wikidata_exact_year_agrees,north,resolved_unique_birthplace,Q22002929,Q187352,Kavala,40.93959,24.40687,True,,2023-01,F,False,82,0.01732830990332277
1201930,"Peptan, Corina-Isabela",ROU,F,IM,WGM,,,2351,0,10,1978,w,True,1201930,1978-03-17,wikidata_exact_year_agrees,north,resolved_unique_birthplace,Q453765,Q584531,Bumbești-Jiu,45.17861111,23.38138889,True,,2023-01,F,True,83,-0.007853838301506747
4196872,"Savina, Anastasia",FRA,F,IM,WGM,FT,,2351,1,10,1992,w,True,4196872,1992-03-18,wikidata_exact_year_agrees,north,resolved_unique_birthplace,Q487160,Q649,Moscow,55.75055556,37.6175,True,,2023-01,F,True,83,-0.007853838301506747
35006916,Divya Deshmukh,IND,F,WGM,WGM,,,2349,19,10,2005,w,True,35006916,2005-12-09,wikidata_exact_year_agrees,north,resolved_unique_birthplace,Q28479871,Q1513,Nagpur,21.14972222,79.08055556,True,,2023-01,F,False,85,-0.03303598650633626
1122681,"Cyfka, Karina",POL,F,IM,WGM,,,2348,0,10,1987,w,True,1122681,1987-10-28,wikidata_exact_year_agrees,north,resolved_unique_birthplace,Q6371012,Q107094,Rybnik,50.08333333,18.5,True,,2023-01,F,True,86,-0.045627060608751026
403512,"Hunt, Harriet V",ENG,F,IM,WGM,,,2348,0,10,1978,w,True,403512,1978-02-04,wikidata_exact_year_agrees,north,resolved_unique_birthplace,Q274794,Q34217,Oxford,51.75194444,-1.25777778,True,,2023-01,F,True,86,-0.045627060608751026
14100126,"Shvayger, Yuliya",ISR,F,IM,WGM,,,2348,9,10,1994,w,True,14100126,1994-10-20,wikidata_exact_year_agrees,north,resolved_unique_birthplace,Q18524103,Q157144,Vinnytsia,49.23722222,28.46722222,True,,2023-01,F,True,86,-0.045627060608751026
14101572,"Zatonskih, Anna",USA,F,IM,WGM,,,2348,1,10,1978,w,True,14101572,1978-07-17,wikidata_exact_year_agrees,north,resolved_unique_birthplace,Q436927,Q37133,Mariupol,47.13055556,37.56388889,True,,2023-01,F,True,86,-0.045627060608751026
3600270,"Fierro Baquero, Martha L.",ECU,F,IM,WGM,FT,,2347,9,10,1977,w,True,3600270,1977-09-06,wikidata_exact_year_agrees,north,resolved_unique_birthplace,Q2195541,Q1742162,Kingston,41.48333333,-71.53333333,True,,2023-01,F,False,90,-0.058218134711165784
739049,"Papp, Petra",HUN,F,WGM,WGM,,,2347,1,20,1993,w,True,739049,1993-08-22,wikidata_exact_year_agrees,north,resolved_unique_birthplace,Q1350484,Q28,Hungary,47.0,19.0,True,,2023-01,F,True,90,-0.058218134711165784
822590,"Brunello, Marina",ITA,F,IM,WGM,,,2346,0,10,1994,w,True,822590,1994-06-16,wikidata_exact_year_agrees,north,resolved_unique_birthplace,Q3848014,Q101202,Lovere,45.8125,10.07,True,,2023-01,F,False,92,-0.07080920881358053
2078341,"Yu, Jennifer",USA,F,FM,WGM,,,2345,0,20,2002,w,True,2078341,2002-02-01,wikidata_exact_year_agrees,north,resolved_unique_birthplace,Q27597952,Q217346,Ithaca,42.44333333,-76.5,True,,2023-01,F,False,93,-0.0834002829159953
1004786,"Peng, Zhaoqin",NED,F,GM,WGM,,,2344,0,10,1968,w,True,1004786,1968-05-08,wikidata_exact_year_agrees,north,resolved_unique_birthplace,Q271811,Q16572,Guangzhou,23.13,113.26,True,,2023-01,F,True,94,-0.09599135701841006
4181751,"Bodnaruk, Anastasia",RUS,F,IM,WGM,,,2343,9,10,1992,w,True,4181751,1992-03-30,wikidata_exact_year_agrees,north,resolved_unique_birthplace,Q9150572,Q656,Saint Petersburg,59.95,30.31666667,True,,2023-01,F,True,95,-0.10858243112082482
12401838,"Vo, Thi Kim Phung",VIE,F,WGM,WGM,,,2343,0,10,1993,w,True,12401838,1993-06-08,wikidata_exact_year_agrees,north,resolved_unique_birthplace,Q26921029,Q36167,Huế,16.45611111,107.57638889,True,,2023-01,F,False,95,-0.10858243112082482
12802859,"Daulyte-Cornette, Deimante",FRA,F,IM,WGM,,,2342,1,10,1989,w,True,12802859,1989-02-22,wikidata_exact_year_agrees,north,resolved_unique_birthplace,Q541484,Q134712,Šiauliai,55.92805556,23.31666667,True,,2023-01,F,False,97,-0.12117350522323958
14102358,"Kononenko, Tatiana",UKR,F,IM,WGM,,,2342,0,10,1978,w,True,14102358,1978-12-05,wikidata_exact_year_agrees,north,resolved_unique_birthplace,Q2395547,Q33613,Kramatorsk,48.73916667,37.58388889,True,,2023-01,F,True,97,-0.12117350522323958
14101181,"Gaponenko, Inna",UKR,F,IM,WGM,,,2341,0,10,1976,w,True,14101181,1976-06-22,wikidata_exact_year_agrees,north,resolved_unique_birthplace,Q445102,Q156732,Kherson,46.6425,32.625,True,,2023-01,F,True,99,-0.13376457932565433
5050847,"Nandhidhaa, P V",IND,F,WGM,WGM,,,2341,10,20,1996,w,True,5050847,1996-04-10,wikidata_exact_year_agrees,north,resolved_unique_birthplace,Q27598274,Q9847,Sankagiri,11.48,77.87,True,,2023-01,F,False,99,-0.13376457932565433
4671660,"Schleining, Zoya",GER,F,IM,WGM,,,2339,0,10,1961,w,True,4671660,1961-09-06,wikidata_exact_year_agrees,north,resolved_unique_birthplace,Q227082,Q36036,Lviv,49.838055;49.841952,24.023055;24.0315921,True,,2023-01,F,True,101,-0.15894672753048386
405094,"Houska, Jovanka",ENG,F,IM,WGM,,,2338,0,10,1980,w,True,405094,1980-06-10,wikidata_exact_year_agrees,north,resolved_unique_birthplace,Q439685,Q84,London,51.50722222,-0.1275,True,,2023-01,F,True,102,-0.1715378016328986
12900460,"Heinemann, Josefine",GER,F,WGM,WGM,,,2336,14,20,1998,w,True,12900460,1998-01-07,wikidata_exact_year_agrees,north,resolved_unique_birthplace,Q27597702,Q492374,Gardelegen,52.52638889,11.3925,True,,2023-01,F,False,103,-0.19671994983772814
1107445,"Dworakowska, Joanna",POL,F,IM,WGM,,,2334,0,10,1978,w,True,1107445,1978-10-21,wikidata_exact_year_agrees,north,resolved_unique_birthplace,Q437434,Q270,Warsaw,52.23,21.01111111,True,,2023-01,F,True,104,-0.22190209804255764
717444,"Gara, Ticia",HUN,F,WGM,WGM,,,2334,2,20,1984,w,True,717444,1984-10-25,wikidata_exact_year_agrees,north,resolved_unique_birthplace,Q519335,Q1781,Budapest,47.49833333,19.04083333,True,,2023-01,F,True,104,-0.22190209804255764
2907763,"Videnova-Kuljasevic, Iva",BUL,F,IM,WGM,FT,,2334,0,10,1987,w,True,2907763,1987-10-17,wikidata_exact_year_agrees,north,resolved_unique_birthplace,Q1621887,Q472,Sofia,42.697886,23.321726,True,,2023-01,F,True,104,-0.22190209804255764
1017292,"Haast, Anne",NED,F,WGM,WGM,,,2333,1,20,1993,w,True,1017292,1993-07-01,wikidata_exact_year_agrees,north,resolved_unique_birthplace,Q2345857,Q9829,Dongen,51.6258,4.9433,True,,2023-01,F,False,107,-0.2344931721449724
24142654,"Belenkaya, Dina",ISR,F,WGM,WGM,,,2330,0,20,1993,w,True,24142654,1993-12-22,wikidata_exact_year_agrees,north,resolved_unique_birthplace,Q28479811,Q656,Saint Petersburg,59.95,30.31666667,True,,2023-01,F,False,108,-0.2722663944522167
14102145,"Melamed, Tatjana",GER,F,WGM,WGM,FT,,2330,0,20,1974,w,True,14102145,1974-02-03,wikidata_exact_year_agrees,north,resolved_unique_birthplace,Q108199,Q157053,Chernihiv,51.49388889,31.29472222,True,,2023-01,F,True,108,-0.2722663944522167
13704788,"Nakhbayeva, Guliskhan",KAZ,F,IM,WGM,,,2326,0,20,1991,w,True,13704788,1991-06-20,wikidata_exact_year_agrees,north,resolved_unique_birthplace,Q16225599,Q485496,Shymkent,42.3,69.6,True,,2023-01,F,True,110,-0.32263069086187574
322750,"Nemcova, Katerina",USA,F,WGM,WGM,,,2325,0,20,1990,w,True,322750,1990-11-14,wikidata_exact_year_agrees,north,resolved_unique_birthplace,Q436695,Q1085,Prague,50.0875,14.42138889,True,,2023-01,F,True,111,-0.33522176496429046
4000510,"Berend, Elvira",LUX,F,WGM,WGM,,,2322,1,20,1965,w,True,4000510,1965-09-19,wikidata_exact_year_agrees,north,resolved_unique_birthplace,Q3247101,Q35493,Almaty,43.24,76.915,True,,2023-01,F,True,112,-0.37299498727153474
5016193,"Soumya, Swaminathan",IND,F,IM,WGM,,,2322,0,10,1989,w,True,5016193,1989-03-21,wikidata_exact_year_agrees,north,resolved_unique_birthplace,Q7653304,Q1006240,Palakkad,10.77916667,76.65472222,True,,2023-01,F,True,112,-0.37299498727153474
14101513,"Zhukova, Natalia",UKR,F,GM,WGM,,,2322,0,10,1979,w,True,14101513,1979-06-05,wikidata_exact_year_agrees,north,resolved_unique_birthplace,Q265680,Q1731,Dresden,51.0493286;51.05089;51.0833,13.7381437;13.73832;13.7666,True,,2023-01,F,True,112,-0.37299498727153474
13600168,"Arakhamia-Grant, Ketevan",SCO,F,GM,WGM,,,2320,0,10,1968,w,True,13600168,1968-07-19,wikidata_exact_year_agrees,north,resolved_unique_birthplace,Q451654,Q211600,Ochamchire,42.70833333,41.46611111,True,,2023-01,F,True,115,-0.3981771354763643
5013623,"Gomes, Mary Ann",IND,F,WGM,WGM,,,2320,0,10,1989,w,True,5013623,1989-09-19,wikidata_exact_year_agrees,north,resolved_unique_birthplace,Q590606,Q1348,Kolkata,22.5675,88.37,True,,2023-01,F,True,115,-0.3981771354763643
24670057,"Klek, Hanna Marie",GER,F,WGM,WGM,,,2319,9,20,1995,w,True,24670057,1995-01-11,wikidata_exact_year_agrees,north,resolved_unique_birthplace,Q14544681,Q14853,Nürtingen,48.62666667,9.33527778,True,,2023-01,F,False,117,-0.410768209578779
5019516,Kulkarni Bhakti,IND,F,IM,WGM,,,2319,0,10,1992,w,True,5019516,1992-05-19,wikidata_exact_year_agrees,north,resolved_unique_birthplace,Q39082648,Q1171,Goa,15.40194444,74.04333333,True,,2023-01,F,False,117,-0.410768209578779
6302599,"Ozturk Orenli, Kubra",TUR,F,WGM,WGM,,,2319,0,20,1991,w,True,6302599,1991-05-11,wikidata_exact_year_agrees,north,resolved_unique_birthplace,Q11751880,Q3640,Ankara,39.93576,32.83869,True,,2023-01,F,True,117,-0.410768209578779
8601089,"Xu, Yuanyuan",CHN,F,WGM,WGM,,,2316,0,10,1981,w,True,8601089,1981-03-08,wikidata_exact_year_agrees,north,resolved_unique_birthplace,Q450786,Q185684,Hefei,31.86389,117.28083,True,,2023-01,F,False,120,-0.4485414318860233
13603620,"Paikidze, Nazi",USA,F,IM,WGM,,,2314,9,10,1993,w,True,13603620,1993-10-27,wikidata_exact_year_agrees,north,resolved_unique_birthplace,Q517307,Q6576,Irkutsk,52.28916667,104.28,True,,2023-01,F,True,121,-0.4737235800908528
4623614,"Kachiani-Gersinska, Ketino",GER,F,IM,WGM,FT,,2313,0,10,1971,w,True,4623614,1971-09-11,wikidata_exact_year_agrees,north,resolved_unique_birthplace,Q89044,Q1011051,Mestia,43.04355556,42.72397222,True,,2023-01,F,True,122,-0.4863146541932676
24153648,"Obolentseva, Alexandra",RUS,F,WGM,WGM,,,2313,0,20,2001,w,True,24153648,2001-06-21,wikidata_exact_year_agrees,north,resolved_unique_birthplace,Q4720705,Q2770,Tula,54.2,37.61666667,True,,2023-01,F,False,122,-0.4863146541932676
12502014,"Pourkashiyan, Atousa",USA,F,WGM,WGM,,,2313,18,20,1988,w,True,12502014,1988-05-16,wikidata_exact_year_agrees,north,resolved_unique_birthplace,Q4817454,Q3616,Tehran,35.68888889,51.38972222,True,,2023-01,F,True,122,-0.4863146541932676
937266,"Rapport, Jovana",ROU,F,WGM,WGM,,,2313,0,20,1992,w,True,937266,1992-02-18,wikidata_exact_year_agrees,north,resolved_unique_birthplace,Q10970343,Q1013189,Trstenik,43.618611,20.997222,True,,2023-01,F,False,122,-0.4863146541932676
14112035,"Doluhanova, Evgeniya",UKR,F,WGM,WGM,,,2312,9,20,1984,w,True,14112035,1984-06-10,wikidata_exact_year_agrees,north,resolved_unique_birthplace,Q1426663,Q9248,Baku,40.36665556,49.83518333,True,,2023-01,F,True,126,-0.49890572829568236
3506940,"Ordaz Valdes, Lisandra Teresa",CUB,F,IM,WGM,,,2312,17,10,1988,w,True,3506940,1988-11-25,wikidata_exact_year_agrees,north,resolved_unique_birthplace,Q622933,Q244139,Pinar del Río,22.41222222,-83.67194444,True,,2023-01,F,True,126,-0.49890572829568236
14900440,"Repkova, Eva",SVK,F,IM,WGM,"IO,FT",,2312,0,10,1975,w,True,14900440,1975-01-16,wikidata_exact_year_agrees,north,resolved_unique_birthplace,Q543492,Q605521,Stará Ľubovňa,49.31666667,20.68333333,True,,2023-01,F,True,126,-0.49890572829568236
1213261,"Werle, Iozefina",NED,F,WGM,WGM,,,2312,0,20,1989,w,True,1213261,1989-02-19,wikidata_exact_year_agrees,north,resolved_unique_birthplace,Q11713670,Q46852,Iași,47.16222222,27.58888889,True,,2023-01,F,False,126,-0.49890572829568236
5012600,"Karavade, Eesha",IND,F,IM,WGM,,,2309,10,10,1987,w,True,5012600,1987-11-21,wikidata_exact_year_agrees,north,resolved_unique_birthplace,Q511053,Q1538,Pune,18.52111111,73.85527778,True,,2023-01,F,True,130,-0.5366789506029266
4164083,"Kovanova, Baira",RUS,F,WGM,WGM,,,2309,9,10,1987,w,True,4164083,1987-05-12,wikidata_exact_year_agrees,north,resolved_unique_birthplace,Q2658117,Q3977,Elista,46.31666667,44.26666667,True,,2023-01,F,True,130,-0.5366789506029266
1106686,"Michna, Marta",GER,F,WGM,WGM,,,2309,0,10,1978,w,True,1106686,1978-01-30,wikidata_exact_year_agrees,north,resolved_unique_birthplace,Q98568,Q66013,Głogów,51.65888889,16.08027778,True,,2023-01,F,True,130,-0.5366789506029266
1121979,"Majdan, Joanna",POL,F,WGM,WGM,,,2306,0,10,1988,w,True,1121979,1988-06-09,wikidata_exact_year_agrees,north,resolved_unique_birthplace,Q511240,Q62868,Koszalin,54.19027778,16.18166667,True,,2023-01,F,True,133,-0.5744521729101709
4137582,"Ubiennykh, Ekaterina",RUS,F,WIM,WIM,,,2306,9,20,1983,w,True,4137582,1983-02-22,wikidata_exact_year_agrees,north,resolved_unique_birthplace,Q11723981,Q919,Krasnoyarsk,56.00888889,92.87194444,True,,2023-01,F,True,133,-0.5744521729101709
8600643,"Li, Ruofan",CHN,F,IM,WGM,,,2304,0,10,1978,w,True,8600643,1978-04-30,wikidata_exact_year_agrees,north,resolved_unique_birthplace,Q379462,Q57958,Zhenjiang,32.21086,119.45508,True,,2023-01,F,True,135,-0.5996343211150004
13603434,"Tsatsalashvili, Keti",GEO,F,WGM,WGM,,,2303,0,20,1992,w,True,13603434,1992-06-10,wikidata_exact_year_agrees,north,resolved_unique_birthplace,Q924674,Q994,Tbilisi,41.7225,44.7925,True,,2023-01,F,True,136,-0.6122253952174151
32084030,"Garcia Martin, Marta",ESP,F,IM,WGM,,,2301,0,10,2000,w,True,32084030,2000-07-13,wikidata_exact_year_agrees,north,resolved_unique_birthplace,Q28480040,Q15619,El Prat de Llobregat,41.3246333,2.0952568,True,,2023-01,F,False,137,-0.6374075434222447
30941822,"Lee, Alice",USA,F,FM,WIM,,,2300,9,20,2009,w,True,30941822,2009-10-13,wikidata_exact_year_agrees,north,resolved_unique_birthplace,Q108352686,Q36091,Minneapolis,44.98194444,-93.26916667,True,,2023-01,F,False,138,-0.6499986175246595
14902052,"Theissl Pokorna, Regina",AUT,F,WGM,WGM,,,2300,0,10,1982,w,True,14902052,1982-01-18,wikidata_exact_year_agrees,north,resolved_unique_birthplace,Q440813,Q1780,Bratislava,48.14816;48.1516988,17.10674;17.1093063,True,,2023-01,F,True,138,-0.6499986175246595
14117258,"Babiy, Olga",UKR,F,WGM,WGM,,,2299,0,20,1989,w,True,14117258,1989-06-20,wikidata_exact_year_agrees,north,resolved_unique_birthplace,Q18560557,Q156743,Ternopil,49.56666667,25.6,True,,2023-01,F,True,140,-0.6625896916270743
12505951,"Hejazipour, Mitra",FRA,F,WGM,WGM,,,2299,0,20,1993,w,True,12505951,1993-02-19,wikidata_exact_year_agrees,north,resolved_unique_birthplace,Q19560720,Q121157,Mashhad,36.29749444,59.60592306,True,,2023-01,F,False,140,-0.6625896916270743
13601440,"Gvetadze, Sofio",GEO,F,IM,WGM,,,2298,0,10,1983,w,True,13601440,1983-11-15,wikidata_exact_year_agrees,north,resolved_unique_birthplace,Q28312812,Q994,Tbilisi,41.7225,44.7925,True,,2023-01,F,True,142,-0.6751807657294889
4129903,"Sudakova, Irina",RUS,F,WGM,WGM,,,2298,0,20,1982,w,True,4129903,1982-09-05,wikidata_exact_year_agrees,north,resolved_unique_birthplace,Q11714010,Q656,Saint Petersburg,59.95,30.31666667,True,,2023-01,F,True,142,-0.6751807657294889
723894,"Lazarne Vajda, Szidonia",HUN,F,IM,WGM,,,2297,3,10,1979,w,True,723894,1979-01-20,wikidata_exact_year_agrees,north,resolved_unique_birthplace,Q519274,Q623099,Odorheiu Secuiesc,46.31388889,25.30166667,True,,2023-01,F,True,144,-0.6877718398319037
1197576,"Malicka, Maria",POL,F,FM,WCM,,,2297,9,20,2003,w,True,1197576,2003-04-13,wikidata_exact_year_agrees,north,resolved_unique_birthplace,Q108454463,Q270,Warsaw,52.23,21.01111111,True,,2023-01,F,False,144,-0.6877718398319037
13601040,"Tammert, Iamze",GER,F,WIM,WIM,,,2297,0,20,1971,w,True,13601040,1971-01-04,wikidata_exact_year_agrees,north,resolved_unique_birthplace,Q27597824,Q994,Tbilisi,41.7225,44.7925,True,,2023-01,F,True,144,-0.6877718398319037
14609215,"Unuk, Laura",SLO,F,IM,WGM,,,2296,0,10,1999,w,True,14609215,1999-11-09,wikidata_exact_year_agrees,north,resolved_unique_birthplace,Q18684375,Q437,Ljubljana,46.05138889,14.50611111,True,,2023-01,F,False,147,-0.7003629139343185
24606812,"Papp, Sarah",GER,F,WGM,WGM,,,2295,0,10,1988,w,True,24606812,1988-04-30,wikidata_exact_year_agrees,north,resolved_unique_birthplace,Q1642557,Q4133,Nordhorn,52.43333333,7.06666667,True,,2023-01,F,True,148,-0.7129539880367333
4132190,"Zimina, Olga",ITA,F,IM,WGM,,,2295,0,10,1982,w,True,4132190,1982-05-14,wikidata_exact_year_agrees,north,resolved_unique_birthplace,Q526780,Q2684,Vladimir,56.12861111,40.40583333,True,,2023-01,F,True,148,-0.7129539880367333
13301918,"Abrahamyan, Tatev",USA,F,WGM,WGM,,,2294,8,20,1988,w,True,13301918,1988-01-13,wikidata_exact_year_agrees,north,resolved_unique_birthplace,Q1878892,Q1953,Yerevan,40.18138889,44.51444444,True,,2023-01,F,True,150,-0.725545062139148
777765,"Gaal, Zsoka",HUN,F,WIM,WIM,,,2294,11,20,2007,w,True,777765,2007-05-02,wikidata_exact_year_agrees,north,resolved_unique_birthplace,Q47543960,Q206872,Ajka,47.10055556,17.55222222,True,,2023-01,F,False,150,-0.725545062139148
675946,"Navrotescu, Andreea",FRA,F,WGM,WGM,,,2291,9,20,1996,w,True,675946,1996-12-21,wikidata_exact_year_agrees,north,resolved_unique_birthplace,Q26036587,Q46852,Iași,47.16222222,27.58888889,True,,2023-01,F,False,152,-0.7633182844463923
14137054,"Berdnyk, Mariia",UKR,F,FM,,,,2290,0,20,2003,w,True,14137054,2003-01-03,wikidata_exact_year_agrees,north,resolved_unique_birthplace,Q61116352,Q42308,Kharkiv,49.9925,36.23111111,True,,2023-01,F,False,153,-0.775909358548807
14159899,"Hrebenshchykova, Yelyzaveta",UKR,F,,,,,2289,0,40,2005,w,True,14159899,2005-09-30,wikidata_exact_year_agrees,north,resolved_unique_birthplace,Q118120734,Q48256,Dnipro,48.4675,35.04,True,,2023-01,F,False,154,-0.7885004326512218
4127714,"Ryjanova, Julia",AUS,F,WGM,WGM,,,2288,0,10,1974,w,True,4127714,1974-05-15,wikidata_exact_year_agrees,north,resolved_unique_birthplace,Q20195459,Q5337,Orenburg,51.76666667,55.1,True,,2023-01,F,False,155,-0.8010915067536366
34106615,"Solozhenkina, Elizaveta",RUS,F,WGM,WGM,,,2286,6,20,2003,w,True,34106615,2003-09-10,wikidata_exact_year_agrees,north,resolved_unique_birthplace,Q27598008,Q656,Saint Petersburg,59.95,30.31666667,True,,2023-01,F,False,156,-0.826273654958466
14900866,"Hagarova, Zuzana",SVK,F,IM,WGM,,,2285,2,10,1977,w,True,14900866,1977-11-25,wikidata_exact_year_agrees,north,resolved_unique_birthplace,Q231246,Q327977,Kežmarok,49.13833333,20.42916667,True,,2023-01,F,True,157,-0.8388647290608808
1210246,"L`Ami, Alina",ROU,F,IM,WGM,,,2285,0,10,1985,w,True,1210246,1985-06-01,wikidata_exact_year_agrees,north,resolved_unique_birthplace,Q2132105,Q46852,Iași,47.16222222,27.58888889,True,,2023-01,F,True,157,-0.8388647290608808
25049615,Priyanka Nutakki,IND,F,WGM,WGM,,,2284,13,20,2002,w,True,25049615,2002-06-01,wikidata_exact_year_agrees,north,resolved_unique_birthplace,Q56424587,Q2564832,Kanuru,16.28611111,81.25444444,True,,2023-01,F,False,159,-0.8514558031632956
1206729,"Voicu-Jagodzinsky, Carmen",ROU,F,WGM,WGM,FT,,2284,0,20,1981,w,True,1206729,1981-04-25,wikidata_exact_year_agrees,north,resolved_unique_birthplace,Q430543,Q19660,Bucharest,44.41336111,26.09777778,True,,2023-01,F,True,159,-0.8514558031632956
8603219,"Zhang, Xiaowen",CHN,F,WGM,WGM,,,2284,0,10,1989,w,True,8603219,1989-02-24,wikidata_exact_year_agrees,north,resolved_unique_birthplace,Q9390854,Q8686,Shanghai,31.2325,121.46916667,True,,2023-01,F,True,159,-0.8514558031632956
14905779,"Borosova, Zuzana",SVK,F,WGM,WGM,,,2283,0,20,1988,w,True,14905779,1988-08-26,wikidata_exact_year_agrees,north,resolved_unique_birthplace,Q231185,Q210796,Komárno,47.76333333,18.12833333,True,,2023-01,F,False,162,-0.8640468772657104
14611481,"Urh, Zala",SLO,F,WIM,WIM,,,2282,0,20,2002,w,True,14611481,2002-04-15,wikidata_exact_year_agrees,north,resolved_unique_birthplace,Q28479719,Q437,Ljubljana,46.05138889,14.50611111,True,,2023-01,F,False,163,-0.8766379513681251
1131044,"Kulon, Klaudia",POL,F,IM,WGM,,,2281,9,10,1992,w,True,1131044,1992-03-13,wikidata_exact_year_agrees,north,resolved_unique_birthplace,Q11739851,Q62868,Koszalin,54.19027778,16.18166667,True,,2023-01,F,True,164,-0.8892290254705398
12506540,"Hakimifard, Ghazal",SUI,F,WGM,WGM,,,2279,1,20,1994,w,True,12506540,1994-04-14,wikidata_exact_year_agrees,north,resolved_unique_birthplace,Q5817710,Q3616,Tehran,35.68888889,51.38972222,True,,2023-01,F,False,165,-0.9144111736753694
13402137,"Umudova, Nargiz",AZE,F,WGM,WGM,,,2278,1,20,1989,w,True,13402137,1989-06-20,wikidata_exact_year_agrees,north,resolved_unique_birthplace,Q16709997,Q9248,Baku,40.36665556,49.83518333,True,,2023-01,F,False,166,-0.9270022477777842
13903284,"Baciu, Diana",MDA,F,WIM,WIM,,,2277,0,20,1994,w,True,13903284,1994-03-26,wikidata_exact_year_agrees,north,resolved_unique_birthplace,Q11694118,Q217,Moldova,47.25,28.516667,True,,2023-01,F,False,167,-0.939593321880199
1118080,"Worek, Joanna",CZE,F,WGM,WGM,,,2277,1,20,1986,w,True,1118080,1986-01-23,wikidata_exact_year_agrees,north,resolved_unique_birthplace,Q6206012,Q948304,Pszczyna,49.97805556;49.98333333,18.94166667;18.95,True,,2023-01,F,True,167,-0.939593321880199
14117479,"Rakhmangulova, Anastasiya",UKR,F,WIM,WIM,,,2275,9,20,1994,w,True,14117479,1994-12-30,wikidata_exact_year_agrees,north,resolved_unique_birthplace,Q23658550,Q41572,Mykolaiv,46.975,31.995,True,,2023-01,F,False,169,-0.9647754700850284
13600125,"Gaprindashvili, Nona",GEO,F,GM,WGM,,,2274,0,10,1941,w,True,13600125,1941-05-03,wikidata_exact_year_agrees,north,resolved_unique_birthplace,Q231630,Q185336,Zugdidi,42.50805556,41.8725,True,,2023-01,F,True,170,-0.9773665441874432
1159569,"Antolak, Julia",POL,F,WGM,WGM,,,2273,9,20,2000,w,True,1159569,2000-02-22,wikidata_exact_year_agrees,north,resolved_unique_birthplace,Q28470738,Q110011,Kołobrzeg,54.17611111,15.57611111,True,,2023-01,F,False,171,-0.989957618289858
13601431,"Charkhalashvili, Inga",GEO,F,WGM,WGM,,,2273,0,20,1983,w,True,13601431,1983-04-23,wikidata_exact_year_agrees,north,resolved_unique_birthplace,Q11712491,Q172415,Kutaisi,42.27166667,42.70555556,True,,2023-01,F,True,171,-0.989957618289858
8602425,"Gong, Qianyun",SGP,F,WGM,WGM,,,2272,10,20,1985,w,True,8602425,1985-03-11,wikidata_exact_year_agrees,north,resolved_unique_birthplace,Q5581695,Q1023909,Lechang,25.13067,113.34724,True,,2023-01,F,True,173,-1.0025486923922726
14200686,"Koepke, Elena",GER,F,WGM,WGM,,,2271,0,20,1984,w,True,14200686,1984-02-27,wikidata_exact_year_agrees,north,resolved_unique_birthplace,Q1327880,Q269,Tashkent,41.31111111,69.27972222,True,,2023-01,F,True,174,-1.0151397664946875
13300270,"Gevorgyan, Maria",ARM,F,WGM,WGM,,,2269,0,20,1994,w,True,13300270,1994-12-21,wikidata_exact_year_agrees,north,resolved_unique_birthplace,Q25833986,Q1953,Yerevan,40.18138889,44.51444444,True,,2023-01,F,False,175,-1.040321914699517
750930,"Marjanovic, Annamaria",HUN,F,WGM,WGM,,,2269,18,20,2001,w,True,750930,2001-12-23,wikidata_exact_year_agrees,north,resolved_unique_birthplace,Q28480771,Q81581,Szeged,46.25,20.16666667,True,,2023-01,F,False,175,-1.040321914699517
708780,"Terbe, Julianna",HUN,F,WIM,WIM,,,2269,11,20,1997,w,True,708780,1997-01-08,wikidata_exact_year_agrees,north,resolved_unique_birthplace,Q28481062,Q756273,Karcag,47.31666667,20.93333333,True,,2023-01,F,False,175,-1.040321914699517
8601097,"Wang, Yu A.",CHN,F,IM,WGM,,,2269,0,10,1982,w,True,8601097,1982-11-19,wikidata_exact_year_agrees,north,resolved_unique_birthplace,Q7967738,Q11736,Tianjin,39.14666667,117.20555556,True,,2023-01,F,True,175,-1.040321914699517
1150677,"Sliwicka, Alicja",POL,F,WIM,WIM,,,2267,9,20,2001,w,True,1150677,2001-09-01,wikidata_exact_year_agrees,north,resolved_unique_birthplace,Q9148260,Q387502,Świecie,53.40944444,18.4475,True,,2023-01,F,False,179,-1.0655040629043464
11601124,"Reizniece-Ozola, Dana",LAT,F,WGM,WGM,,,2265,0,20,1981,w,True,11601124,1981-11-06,wikidata_exact_year_agrees,north,resolved_unique_birthplace,Q4392612,Q155281,Kuldīga,56.96722222,21.97,True,,2023-01,F,True,180,-1.090686211109176
11601876,"Rogule, Laura",LAT,F,WGM,WGM,,,2265,1,20,1988,w,True,11601876,1988-02-05,wikidata_exact_year_agrees,north,resolved_unique_birthplace,Q465579,Q1773,Riga,56.9475,24.10694444,True,,2023-01,F,True,180,-1.090686211109176
14104652,"Gritsayeva, Oksana",RUS,F,WFM,WFM,,,2263,0,20,1980,w,True,14104652,1980-03-17,wikidata_exact_year_agrees,north,resolved_unique_birthplace,Q28479340,Q158491,Feodosiia,45.04609;45.04888889,35.378768;35.37916667,True,,2023-01,F,True,182,-1.1158683593140055
12924997,"Schneider, Jana",GER,F,FM,WGM,,,2263,9,20,2002,w,True,12924997,2002-04-11,wikidata_exact_year_agrees,north,resolved_unique_birthplace,Q29353169,Q507854,Karlstadt am Main,49.96027778,9.77222222,True,,2023-01,F,False,182,-1.1158683593140055
1331973,"Georgescu, Lena",SUI,F,WIM,WIM,,,2262,1,20,1999,w,True,1331973,1999-09-18,wikidata_exact_year_agrees,north,resolved_unique_birthplace,Q28479152,Q70,Bern,46.94798,7.44743,True,,2023-01,F,False,184,-1.1284594334164202
928682,"Stojanovic, Andjelija",SRB,F,WGM,WGM,,,2262,0,20,1987,w,True,928682,1987-11-12,wikidata_exact_year_agrees,north,resolved_unique_birthplace,Q15210056,Q3711,Belgrade,44.81777778,20.45694444,True,,2023-01,F,False,184,-1.1284594334164202
4690745,"Lubbe, Melanie",GER,F,WGM,WGM,,,2261,9,20,1990,w,True,4690745,1990-06-23,wikidata_exact_year_agrees,north,resolved_unique_birthplace,Q1476950,Q2079,Leipzig,51.339444;51.33962;51.3406321;51.35,12.371111;12.37129;12.3747329;12.3833,True,,2023-01,F,True,186,-1.141050507518835
4139690,"Movsesian, Julia",CZE,F,WGM,WGM,,,2256,3,20,1981,w,True,4139690,1981-11-26,wikidata_exact_year_agrees,north,resolved_unique_birthplace,Q518957,Q155148,Kopeysk,55.1,61.61666667,True,,2023-01,F,True,187,-1.2040058780309089
1172883,"Rudzinska, Michalina",POL,F,WFM,WFM,,,2256,0,20,2002,w,True,1172883,2002-01-22,wikidata_exact_year_agrees,north,resolved_unique_birthplace,Q108386650,Q236083,Suwałki,54.1,22.93333333,True,,2023-01,F,False,187,-1.2040058780309089
2915235,"Antova, Gabriela",BUL,F,FM,WIM,,,2255,18,20,2002,w,True,2915235,2002-01-06,wikidata_exact_year_agrees,north,resolved_unique_birthplace,Q47543906,Q219,Bulgaria,42.75,25.5,True,,2023-01,F,False,189,-1.2165969521333235
14107449,"Dornbusch, Tatiana",MNC,F,WGM,WGM,,,2255,0,20,1982,w,True,14107449,1982-11-21,wikidata_exact_year_agrees,north,resolved_unique_birthplace,Q7688085,Q157053,Chernihiv,51.49388889,31.29472222,True,,2023-01,F,True,189,-1.2165969521333235
1008498,"De Jong-Muhren, Bianca",NED,F,WGM,WGM,,,2252,0,20,1986,w,True,1008498,1986-02-28,wikidata_exact_year_agrees,north,resolved_unique_birthplace,Q4021160,Q84125,Gouda,52.01805556,4.70555556,True,,2023-01,F,True,191,-1.254370174440568
2908689,"Nikolova, Adriana",BUL,F,WGM,WGM,,,2252,0,20,1988,w,True,2908689,1988-11-09,wikidata_exact_year_agrees,north,resolved_unique_birthplace,Q375113,Q170415,Stara Zagora,42.425668,25.634595,True,,2023-01,F,True,191,-1.254370174440568
12401676,"Nguyen, Thi Mai Hung",VIE,F,WGM,WGM,FT,,2251,0,20,1994,w,True,12401676,1994-01-28,wikidata_exact_year_agrees,north,resolved_unique_birthplace,Q1984355,Q36736,Bắc Giang,21.27305556;21.27356,106.192209;106.19472222,True,,2023-01,F,True,193,-1.2669612485429826
1194763,"Waszczuk, Patrycja",POL,F,WFM,WFM,,,2251,0,20,2003,w,True,1194763,2003-06-17,wikidata_exact_year_agrees,north,resolved_unique_birthplace,Q83732434,Q37333,Lublin,51.25,22.56666667,True,,2023-01,F,False,193,-1.2669612485429826
872342,"Gueci, Tea",ITA,F,WIM,WIM,FI,,2250,9,20,1999,w,True,872342,1999-12-26,wikidata_exact_year_agrees,north,resolved_unique_birthplace,Q28481117,Q2656,Palermo,38.11565806,13.36126194,True,,2023-01,F,False,195,-1.2795523226453973
2802015,"Klinova, Masha",ISR,F,IM,WGM,,,2250,2,10,1968,w,True,2802015,1968-11-18,wikidata_exact_year_agrees,north,resolved_unique_birthplace,Q1922932,Q1874,Odesa,46.47747,30.73262,True,,2023-01,F,True,195,-1.2795523226453973
1005308,"Lanchava, Tea",NED,F,IM,WGM,,,2249,1,20,1974,w,True,1005308,1974-09-11,wikidata_exact_year_agrees,north,resolved_unique_birthplace,Q2044099,Q172415,Kutaisi,42.27166667,42.70555556,True,,2023-01,F,True,197,-1.2921433967478122
13402625,"Khalafova, Narmin",AZE,F,WGM,WGM,,,2246,2,20,1994,w,True,13402625,1994-12-01,wikidata_exact_year_agrees,north,resolved_unique_birthplace,Q27597806,Q9248,Baku,40.36665556,49.83518333,True,,2023-01,F,False,198,-1.3299166190550564
1201590,"Cosma, Elena-Luminita",ROU,F,WGM,WGM,FT,,2244,0,10,1972,w,True,1201590,1972-01-22,wikidata_exact_year_agrees,north,resolved_unique_birthplace,Q9252595,Q19660,Bucharest,44.41336111,26.09777778,True,,2023-01,F,True,199,-1.355098767259886
14113414,"Dolzhykova, Kateryna",UKR,F,WIM,WIM,,,2244,9,20,1988,w,True,14113414,1988-09-25,wikidata_exact_year_agrees,north,resolved_unique_birthplace,Q13742178,Q1899,Kyiv,50.45,30.52361111,True,,2023-01,F,True,199,-1.355098767259886
13402005,"Mamedjarova, Turkan",AZE,F,WGM,WGM,,,2244,0,20,1989,w,True,13402005,1989-08-07,wikidata_exact_year_agrees,north,resolved_unique_birthplace,Q4279894,Q179833,Sumgait,40.59611111,49.67,True,,2023-01,F,True,199,-1.355098767259886
4503082,"Olde, Margareth",EST,F,WIM,WIM,,,2244,0,20,2000,w,True,4503082,2000-11-15,wikidata_exact_year_agrees,north,resolved_unique_birthplace,Q29906774,Q1770,Tallinn,59.43722222,24.745,True,,2023-01,F,False,199,-1.355098767259886
