member_slug,display_name,class,section,election_year,deceased_marker,candidate_dob,pattern_class,date_format,raw_date,context,detail_url,http_status,bazi_variables_computed,final_exact_dob,decision,adjudication_note
adolf-windaus,Prof. Dr. Adolf Windaus (,"Class I: Mathematics, Natural Sciences and Engineering",Chemistry,1922,1,1876-12-25,explicit_birth_word,word,25. Dezember 1876,"target=""item"" data-anchor-nav-value=""Person""> Person text-with-more-button#mobileToggle"" aria-expanded=""false""> Person Adolf Windaus kam am 25. Dezember 1876 in Berlin als Sohn des Fabrikanten Adolf Otto Reinhold Windaus und seiner Frau Margarete, geborene Elster, zur Welt. Er besuchte das Königl",https://www.leopoldina.org/en/members/member-list/detail/adolf-windaus,200,0,1876-12-25,accept_official_leopoldina_detail_explicit_birth_phrase,Unique exact date in an explicit born/geboren/date-of-birth phrase on the member's official Leopoldina detail page.
albert-szent-gyoergyi,Albert Szent-Györgyi (,Class II: Life Sciences,Biochemistry and Biophysics,1934,1,1893-09-16,explicit_birth_word,word,16. September 1893,"nchor-nav-value=""Person""> Person text-with-more-button#mobileToggle"" aria-expanded=""false""> Person Albert Szent-Györgyi Nagyrapolt wurde am 16. September 1893 in Budapest als Sohn von Nicolaus Szent-Györgyi und Josefine Szent-Györgyi von Nagyrapol geboren. Sein Großvater und Onkel waren beide Prof",https://www.leopoldina.org/en/members/member-list/detail/albert-szent-gyoergyi,200,0,1893-09-16,accept_official_leopoldina_detail_explicit_birth_phrase,Unique exact date in an explicit born/geboren/date-of-birth phrase on the member's official Leopoldina detail page.
andre-lwoff,Prof. Dr. André Lwoff (,Class II: Life Sciences,Microbiology and Immunology,1970,1,1902-05-08,explicit_birth_word,word,8 May 1902,"get=""item"" data-anchor-nav-value=""Person""> Person text-with-more-button#mobileToggle"" aria-expanded=""false""> Person André Lwoff was born on 8 May 1902 as the son of the psychiatrist Solomon Lwoff and his wife Marie, a sculptor, in Ainay-le-Château near Vichy, France. His parents had previo",https://www.leopoldina.org/en/members/member-list/detail/andre-lwoff,200,0,1902-05-08,accept_official_leopoldina_detail_explicit_birth_phrase,Unique exact date in an explicit born/geboren/date-of-birth phrase on the member's official Leopoldina detail page.
artturi-virtanen,Prof. Dr. Artturi Virtanen (,Class II: Life Sciences,Biochemistry and Biophysics,1963,1,1895-01-15,explicit_birth_word,word,15. Januar 1895,"t=""item"" data-anchor-nav-value=""Person""> Person text-with-more-button#mobileToggle"" aria-expanded=""false""> Person Artturi Virtanen wurde am 15. Januar 1895 als eines von acht Kindern von Kaarlo Virtanen und seiner Frau Serafiina Isolato in Helinki geboren. Er besuchte das klassische Lyzeum in V",https://www.leopoldina.org/en/members/member-list/detail/artturi-virtanen,200,0,1895-01-15,accept_official_leopoldina_detail_explicit_birth_phrase,Unique exact date in an explicit born/geboren/date-of-birth phrase on the member's official Leopoldina detail page.
carleton-gajdusek,Prof. Dr. Carleton Gajdusek (,Class III: Medicine,Neurosciences,1984,1,1923-09-09,explicit_birth_word,word,9. September 1923," data-anchor-nav-value=""Person""> Person text-with-more-button#mobileToggle"" aria-expanded=""false""> Person Daniel Carleton Gajdusek wurde am 9. September 1923 als Sohn des aus Ungarn eingewanderten Fleischers Karol Gajdusek und seiner Frau Ottilia Dobroczki Gajdusek in Yonkers, New York geboren. S",https://www.leopoldina.org/en/members/member-list/detail/carleton-gajdusek,200,0,1923-09-09,accept_official_leopoldina_detail_explicit_birth_phrase,Unique exact date in an explicit born/geboren/date-of-birth phrase on the member's official Leopoldina detail page.
christian-de-duve,Prof. Dr. Christian de Duve (,Class II: Life Sciences,Genetics/Molecular Biology and Cell Biology,1973,1,1917-10-02,explicit_birth_word,word,2. Oktober 1917,"=""item"" data-anchor-nav-value=""Person""> Person text-with-more-button#mobileToggle"" aria-expanded=""false""> Person Christian de Duve wurde am 2. Oktober 1917 in Thames Ditton in der Nähe von London als Spross einer belgischen Adelsfamilie geboren. Seine Eltern, Alphonse de Duve und Madeleine gebo",https://www.leopoldina.org/en/members/member-list/detail/christian-de-duve,200,0,1917-10-02,accept_official_leopoldina_detail_explicit_birth_phrase,Unique exact date in an explicit born/geboren/date-of-birth phrase on the member's official Leopoldina detail page.
david-h-hubel,Prof. Dr. David H. Hubel (,Class II: Life Sciences,Physiology and Pharmacology/Toxicology,1971,1,1926-02-27,explicit_birth_word,word,27. Februar 1926,"""item"" data-anchor-nav-value=""Person""> Person text-with-more-button#mobileToggle"" aria-expanded=""false""> Person David Hunter Hubel wurde am 27. Februar 1926 in Windsor, Ontario, Kanada geboren. Seine Eltern waren Amerikaner, so dass er beide Staatsbürgerschaften - die Kanadische wie die Amerikan",https://www.leopoldina.org/en/members/member-list/detail/david-h-hubel,200,0,1926-02-27,accept_official_leopoldina_detail_explicit_birth_phrase,Unique exact date in an explicit born/geboren/date-of-birth phrase on the member's official Leopoldina detail page.
dorothy-crowfoot-hodgkin,Professor Dr Dorothy Crowfoot Hodgkin (,"Class I: Mathematics, Natural Sciences and Engineering",Chemistry,1968,1,1910-05-12,explicit_birth_word,word,12 May 1910,"-nav-value=""Person""> Person text-with-more-button#mobileToggle"" aria-expanded=""false""> Person Dorothy Crowfoot Hodgkin was born in Cairo on 12 May 1910, as the eldest of four daughters to British colonial official John Winter Crowfoot and his wife Grace Mary Hood. As their parents travelled",https://www.leopoldina.org/en/members/member-list/detail/dorothy-crowfoot-hodgkin,200,0,1910-05-12,accept_official_leopoldina_detail_explicit_birth_phrase,Unique exact date in an explicit born/geboren/date-of-birth phrase on the member's official Leopoldina detail page.
eduard-buchner,Eduard Buchner (,"Class I: Mathematics, Natural Sciences and Engineering",Chemistry,1909,1,1860-05-20,explicit_birth_word,word,20. Mai 1860,"rget=""item"" data-anchor-nav-value=""Person""> Person text-with-more-button#mobileToggle"" aria-expanded=""false""> Person Eduard Bucher wurde am 20. Mai 1860 in München als Sohn des Gerichtsmediziners Dr. Ernst Buchner und seiner Frau Friederike geboren. Im Jahr 1877 schloss er das Realgymnasium ",https://www.leopoldina.org/en/members/member-list/detail/eduard-buchner,200,0,1860-05-20,accept_official_leopoldina_detail_explicit_birth_phrase,Unique exact date in an explicit born/geboren/date-of-birth phrase on the member's official Leopoldina detail page.
feodor-lynen,Prof. Dr. Feodor Lynen (,Class II: Life Sciences,Biochemistry and Biophysics,1959,1,1911-04-06,explicit_birth_word,word,6. April 1911,"arget=""item"" data-anchor-nav-value=""Person""> Person text-with-more-button#mobileToggle"" aria-expanded=""false""> Person Feodor Lynen wurde am 6. April 1911 als Sohn des Maschinenbauprofessors Wilhelm Lynen und seiner Frau Frieda, geborene Prym, in München geboren. Er besuchte das Luitpold-Gymna",https://www.leopoldina.org/en/members/member-list/detail/feodor-lynen,200,0,1911-04-06,accept_official_leopoldina_detail_explicit_birth_phrase,Official biography states Feodor Lynen was born on 6 April 1911. The 14 May 1937 date is his marriage date; broad German birth-word matching was falsely triggered by 'geborene Prym'.
francis-crick,Francis Crick (,Class III: Medicine,Neurosciences,1969,1,1916-06-08,explicit_birth_word,word,8. Juni 1916,"ta-anchor-nav-value=""Person""> Person text-with-more-button#mobileToggle"" aria-expanded=""false""> Person Francis Harry Compton Crick wurde am 8. Juni 1916 als erster Sohn von Harry Crick und seiner Frau Annie Elizabeth in Northampton, England geboren. Er wuchs in dem Dorf Weston Favell auf, wo",https://www.leopoldina.org/en/members/member-list/detail/francis-crick,200,0,1916-06-08,accept_official_leopoldina_detail_explicit_birth_phrase,Unique exact date in an explicit born/geboren/date-of-birth phrase on the member's official Leopoldina detail page.
fritz-haber,Fritz Haber (,"Class I: Mathematics, Natural Sciences and Engineering",Chemistry,1926,1,1868-12-09,explicit_birth_word,word,9. Dezember 1868,"target=""item"" data-anchor-nav-value=""Person""> Person text-with-more-button#mobileToggle"" aria-expanded=""false""> Person Fritz Haber wurde am 9. Dezember 1868 als Sohn des Kaufmanns Siegfried Haber und seiner Frau Paula geboren. Seine Mutter starb kurz nach seiner Geburt, so dass Fritz Haber von d",https://www.leopoldina.org/en/members/member-list/detail/fritz-haber,200,0,1868-12-09,accept_official_leopoldina_detail_explicit_birth_phrase,Unique exact date in an explicit born/geboren/date-of-birth phrase on the member's official Leopoldina detail page.
fritz-lipmann,Fritz Lipmann (,Class II: Life Sciences,Biochemistry and Biophysics,1969,1,1899-06-12,explicit_birth_word,word,12. Juni 1899,"tem"" data-anchor-nav-value=""Person""> Person text-with-more-button#mobileToggle"" aria-expanded=""false""> Person Fritz Albert Lipmann wurde am 12. Juni 1899 als zweiter Sohn des jüdischen Rechtsanwalts Leopold Lipmann und seiner Frau Gertrud, geborene Lachmanski, in Königsberg geboren. Dort besu",https://www.leopoldina.org/en/members/member-list/detail/fritz-lipmann,200,0,1899-06-12,accept_official_leopoldina_detail_explicit_birth_phrase,Unique exact date in an explicit born/geboren/date-of-birth phrase on the member's official Leopoldina detail page.
georg-von-hevesy,Georg von Hevesy (,"Class I: Mathematics, Natural Sciences and Engineering",Chemistry,1960,1,1895-08-01,explicit_birth_word,word,1 August 1895,"son of Privy Councillor Lajos Bischitz de Heves and his wife Eugenie, née Baroness Schossberger, Georg (born György) von Hevesy was born on 1 August 1895 in Budapest, Hungary. He was the fifth of eight children. While his grandparents were of Jewish descent, Hevesy was raised a Catholic. In 1",https://www.leopoldina.org/en/members/member-list/detail/georg-von-hevesy,200,0,1895-08-01,accept_official_leopoldina_detail_explicit_birth_phrase,Unique exact date in an explicit born/geboren/date-of-birth phrase on the member's official Leopoldina detail page.
georg-wittig,Prof. Dr. Georg Wittig (,"Class I: Mathematics, Natural Sciences and Engineering",Chemistry,1962,1,1897-06-16,explicit_birth_word,word,16. Juni 1897,"arget=""item"" data-anchor-nav-value=""Person""> Person text-with-more-button#mobileToggle"" aria-expanded=""false""> Person Georg Wittig wurde am 16. Juni 1897 in Berlin als Sohn von Gustav Wittig und dessen Frau Martha Dombrowski geboren. Sein Vater war Professor an einer Kunstgewerbeschule. Nach ",https://www.leopoldina.org/en/members/member-list/detail/georg-wittig,200,0,1897-06-16,accept_official_leopoldina_detail_explicit_birth_phrase,Unique exact date in an explicit born/geboren/date-of-birth phrase on the member's official Leopoldina detail page.
george-e-palade,Prof. Dr. George E. Palade (,Class II: Life Sciences,Genetics/Molecular Biology and Cell Biology,1973,1,1912-11-19,explicit_birth_word,word,19. November 1912,"""item"" data-anchor-nav-value=""Person""> Person text-with-more-button#mobileToggle"" aria-expanded=""false""> Person George Emil Palade wurde am 19. November 1912 in Iasi (Jassy) in Rumänien als Sohn des Philosophieprofessors Emil Palade und seiner Frau, der Lehrerin Constanta Cantemir-Palade geboren.",https://www.leopoldina.org/en/members/member-list/detail/george-e-palade,200,0,1912-11-19,accept_official_leopoldina_detail_explicit_birth_phrase,Unique exact date in an explicit born/geboren/date-of-birth phrase on the member's official Leopoldina detail page.
georges-koehler,Georges Köhler (,Class II: Life Sciences,Microbiology and Immunology,1985,1,1946-04-17,explicit_birth_word,word,17. April 1946,"get=""item"" data-anchor-nav-value=""Person""> Person text-with-more-button#mobileToggle"" aria-expanded=""false""> Person Georges Köhler wurde am 17. April 1946 als Sohn einer französischen Mutter und eines deutschen Vaters in München geboren. Er war mit Claudia Köhler verheiratet. Das Paar bekam dr",https://www.leopoldina.org/en/members/member-list/detail/georges-koehler,200,0,1946-04-17,accept_official_leopoldina_detail_explicit_birth_phrase,Unique exact date in an explicit born/geboren/date-of-birth phrase on the member's official Leopoldina detail page.
glenn-t-seaborg,Glenn T. Seaborg (,"Class I: Mathematics, Natural Sciences and Engineering",Chemistry,1973,1,1912-04-19,explicit_birth_word,word,19. April 1912,"t=""item"" data-anchor-nav-value=""Person""> Person text-with-more-button#mobileToggle"" aria-expanded=""false""> Person Glenn T. Seaborg wurde am 19. April 1912 als Sohn von Herman Theodore Seaborg und seiner Frau, der in Schweden geborenen Selma Ericksburg, in Ishpeming im US-Bundesstaat Michigan g",https://www.leopoldina.org/en/members/member-list/detail/glenn-t-seaborg,200,0,1912-04-19,accept_official_leopoldina_detail_explicit_birth_phrase,Unique exact date in an explicit born/geboren/date-of-birth phrase on the member's official Leopoldina detail page.
guenter-blobel,Professor Dr Günter Blobel (,Class II: Life Sciences,Genetics/Molecular Biology and Cell Biology,1983,1,1936-05-21,explicit_birth_word,word,21 May 1936,"ith-more-button#mobileToggle"" aria-expanded=""false""> Person Günter Blobel was born as the fifth child of a vet in Waltersdorf in Silesia on 21 May 1936. His family fled their homeland from the approaching Red Army in January 1945. His older sister Ruth was killed in a refugee train shortly ",https://www.leopoldina.org/en/members/member-list/detail/guenter-blobel,200,0,1936-05-21,accept_official_leopoldina_detail_explicit_birth_phrase,Unique exact date in an explicit born/geboren/date-of-birth phrase on the member's official Leopoldina detail page.
h-gobind-khorana,Professor Dr H. Gobind Khorana (,Class II: Life Sciences,Biochemistry and Biophysics,1968,1,1922-01-09,explicit_birth_word,word,9 January 1922," As the youngest of five children in a Hindu family, Har Gobind Khorana was born in the Indian village of Raipur, Punjab (now Pakistan), on 9 January 1922. His father was an employee of the British colonial government. Although the family was very poor, the father insisted that his children re",https://www.leopoldina.org/en/members/member-list/detail/h-gobind-khorana,200,0,1922-01-09,accept_official_leopoldina_detail_explicit_birth_phrase,Unique exact date in an explicit born/geboren/date-of-birth phrase on the member's official Leopoldina detail page.
hans-fischer,Prof. Dr. Hans Fischer (,"Class I: Mathematics, Natural Sciences and Engineering",Chemistry,1919,1,1881-07-27,explicit_birth_word,word,27 July 1881,"et=""item"" data-anchor-nav-value=""Person""> Person text-with-more-button#mobileToggle"" aria-expanded=""false""> Person Hans Fischer was born on 27 July 1881 to the chemist and company director Dr Eugen Fischer and his wife Anna, neé Herdegen, in Höchst (now a district of Frankfurt am Main). His ",https://www.leopoldina.org/en/members/member-list/detail/hans-fischer,200,0,1881-07-27,accept_official_leopoldina_detail_explicit_birth_phrase,Unique exact date in an explicit born/geboren/date-of-birth phrase on the member's official Leopoldina detail page.
hans-von-euler-chelpin,Prof. Dr. Hans von Euler-Chelpin (,"Class I: Mathematics, Natural Sciences and Engineering",Chemistry,1922,1,1873-02-15,explicit_birth_word,word,15. Februar 1873,"m"" data-anchor-nav-value=""Person""> Person text-with-more-button#mobileToggle"" aria-expanded=""false""> Person Hans von Euler-Chelpin wurde am 15. Februar 1873 in Augsburg geboren. Sein Vater war der spätere bayerische Generalmajor Rigas Sebastian von Euler-Chelpin. Einen großen Teil seiner Kindhei",https://www.leopoldina.org/en/members/member-list/detail/hans-von-euler-chelpin,200,0,1873-02-15,accept_official_leopoldina_detail_explicit_birth_phrase,Unique exact date in an explicit born/geboren/date-of-birth phrase on the member's official Leopoldina detail page.
heinrich-otto-wieland,Prof. Dr. Heinrich Otto Wieland (,"Class I: Mathematics, Natural Sciences and Engineering",Chemistry,1925,1,1877-06-04,explicit_birth_word,word,4. Juni 1877,"em"" data-anchor-nav-value=""Person""> Person text-with-more-button#mobileToggle"" aria-expanded=""false""> Person Heinrich Otto Wieland wurde am 4. Juni 1877 als Sohn des Chemikers Theodor Wieland und seiner Frau Elise Blom in Pforzheim geboren. Er besuchte ein technisches Gymnasium in Stuttgart.",https://www.leopoldina.org/en/members/member-list/detail/heinrich-otto-wieland,200,0,1877-06-04,accept_official_leopoldina_detail_explicit_birth_phrase,Unique exact date in an explicit born/geboren/date-of-birth phrase on the member's official Leopoldina detail page.
irving-langmuir,Irving Langmuir (,"Class I: Mathematics, Natural Sciences and Engineering",Chemistry,1932,1,1881-01-31,explicit_birth_word,word,31. Januar 1881,"et=""item"" data-anchor-nav-value=""Person""> Person text-with-more-button#mobileToggle"" aria-expanded=""false""> Person Irving Langmuir wurde am 31. Januar 1881 als dritter von vier Söhnen von Charles Langmuir und seiner Frau Sadie, geborene Comings, in Brooklyn, New York geboren. Er besuchte mehrer",https://www.leopoldina.org/en/members/member-list/detail/irving-langmuir,200,0,1881-01-31,accept_official_leopoldina_detail_explicit_birth_phrase,Unique exact date in an explicit born/geboren/date-of-birth phrase on the member's official Leopoldina detail page.
jacques-monod,Prof. Dr. Jacques Monod (,Class II: Life Sciences,Biochemistry and Biophysics,1964,1,1910-02-09,explicit_birth_word,word,9. Februar 1910,"rget=""item"" data-anchor-nav-value=""Person""> Person text-with-more-button#mobileToggle"" aria-expanded=""false""> Person Jacques Monod wurde am 9. Februar 1910 als Sohn des Malers Lucien Hector Monod und seiner aus den Vereinigten Staaten stammenden Ehefrau in Paris geboren. 1917 zog die Familie na",https://www.leopoldina.org/en/members/member-list/detail/jacques-monod,200,0,1910-02-09,accept_official_leopoldina_detail_explicit_birth_phrase,Unique exact date in an explicit born/geboren/date-of-birth phrase on the member's official Leopoldina detail page.
john-franklin-enders,John Franklin Enders (,Class II: Life Sciences,Biochemistry and Biophysics,1958,1,1897-02-10,explicit_birth_word,word,10. Februar 1897,"tem"" data-anchor-nav-value=""Person""> Person text-with-more-button#mobileToggle"" aria-expanded=""false""> Person John Franklin Enders wurde am 10. Februar 1897 als Sohn von John Ostrom Enders und seiner Frau Harriet Goulden Enders in West Hartford im US-Bundesstaat Connecticut geboren. Sein Vater w",https://www.leopoldina.org/en/members/member-list/detail/john-franklin-enders,200,0,1897-02-10,accept_official_leopoldina_detail_explicit_birth_phrase,Unique exact date in an explicit born/geboren/date-of-birth phrase on the member's official Leopoldina detail page.
john-h-northrop,John H. Northrop (,Class II: Life Sciences,Biochemistry and Biophysics,1932,1,1891-07-05,explicit_birth_word,word,5. Juli 1891,"tem"" data-anchor-nav-value=""Person""> Person text-with-more-button#mobileToggle"" aria-expanded=""false""> Person John Howard Northrop wurde am 5. Juli 1891 als zweiter Sohn von Dr. John Isaiah Northrop und seiner Frau Alice Rich geboren. Sein Vater lehrte an der Columbia University. Er starb we",https://www.leopoldina.org/en/members/member-list/detail/john-h-northrop,200,0,1891-07-05,accept_official_leopoldina_detail_explicit_birth_phrase,Unique exact date in an explicit born/geboren/date-of-birth phrase on the member's official Leopoldina detail page.
justus-frhr-von-liebig,Justus Frhr. von Liebig (,"Class I: Mathematics, Natural Sciences and Engineering",Chemistry,1859,1,1803-05-12,explicit_birth_word,word,12. Mai 1803,"=""item"" data-anchor-nav-value=""Person""> Person text-with-more-button#mobileToggle"" aria-expanded=""false""> Person Justus von Liebig wurde am 12. Mai 1803 als Sohn des Drogisten Johann Georg Liebig und seiner Frau, Maria Caroline Möser, in Darmstadt geboren. Der Vater handelte mit Farben und P",https://www.leopoldina.org/en/members/member-list/detail/justus-frhr-von-liebig,200,0,1803-05-12,accept_official_leopoldina_detail_explicit_birth_phrase,Unique exact date in an explicit born/geboren/date-of-birth phrase on the member's official Leopoldina detail page.
karl-waldemar-ziegler,Karl Waldemar Ziegler (,"Class I: Mathematics, Natural Sciences and Engineering",Chemistry,1938,1,1898-11-26,explicit_birth_word,word,26 November 1898,"et=""item"" data-anchor-nav-value=""Person""> Person text-with-more-button#mobileToggle"" aria-expanded=""false""> Person Karl Ziegler was born on 26 November 1898 as the second son of the pastor Karl August Ziegler in Helsa near Kassel. He attended primary and secondary school in Kassel, and then tran",https://www.leopoldina.org/en/members/member-list/detail/karl-waldemar-ziegler,200,0,1898-11-26,accept_official_leopoldina_detail_explicit_birth_phrase,Unique exact date in an explicit born/geboren/date-of-birth phrase on the member's official Leopoldina detail page.
leopold-ruzicka,Prof. Dr. Leopold Ružička (,"Class I: Mathematics, Natural Sciences and Engineering",Chemistry,1932,1,1887-09-13,explicit_birth_word,word,13 September 1887,"""item"" data-anchor-nav-value=""Person""> Person text-with-more-button#mobileToggle"" aria-expanded=""false""> Person Leopold Ružička was born on 13 September 1887 as Lavoslav Stjepan Ružička in Vukovar (at that time Kingdom of Croatia and Slavonia, in present-day Croatia). His parents were the cooper ",https://www.leopoldina.org/en/members/member-list/detail/leopold-ruzicka,200,0,1887-09-13,accept_official_leopoldina_detail_explicit_birth_phrase,Unique exact date in an explicit born/geboren/date-of-birth phrase on the member's official Leopoldina detail page.
linus-pauling,Prof. Dr. Linus Pauling (,"Class I: Mathematics, Natural Sciences and Engineering",Chemistry,1960,1,1901-02-28,explicit_birth_word,word,28. Februar 1901,"rget=""item"" data-anchor-nav-value=""Person""> Person text-with-more-button#mobileToggle"" aria-expanded=""false""> Person Linus Pauling wurde am 28. Februar 1901 als erstes Kind des Apothekers Herman Henry William Pauling und seiner Frau Lucy Isabelle Darling in Portland, Oregon geboren. Sein Großvat",https://www.leopoldina.org/en/members/member-list/detail/linus-pauling,200,0,1901-02-28,accept_official_leopoldina_detail_explicit_birth_phrase,Unique exact date in an explicit born/geboren/date-of-birth phrase on the member's official Leopoldina detail page.
lord-alexander-r-todd,Lord Alexander R. Todd (,"Class I: Mathematics, Natural Sciences and Engineering",Chemistry,1959,1,1907-10-02,explicit_birth_word,word,2. Oktober 1907,""" data-anchor-nav-value=""Person""> Person text-with-more-button#mobileToggle"" aria-expanded=""false""> Person Alexander Robertus Todd wurde am 2. Oktober 1907 als ältester Sohn des städtischen Angestellten Alexander Todd und seiner Frau Jean Lowrie in Glasgow in Großbritannien geboren. Er besuchte",https://www.leopoldina.org/en/members/member-list/detail/lord-alexander-r-todd,200,0,1907-10-02,accept_official_leopoldina_detail_explicit_birth_phrase,Unique exact date in an explicit born/geboren/date-of-birth phrase on the member's official Leopoldina detail page.
marshall-w-nirenberg,Dr. Marshall W. Nirenberg (,Class II: Life Sciences,Biochemistry and Biophysics,1966,1,1927-04-10,explicit_birth_word,word,10. April 1927,"em"" data-anchor-nav-value=""Person""> Person text-with-more-button#mobileToggle"" aria-expanded=""false""> Person Marshall W. Nirenberg wurde am 10. April 1927 als Sohn von Harry Edward Nirenberg und seiner Frau Minerva Bykowsky in New York geboren. Als er im Kindesalter ein rheumatisches Fieber en",https://www.leopoldina.org/en/members/member-list/detail/marshall-w-nirenberg,200,0,1927-04-10,accept_official_leopoldina_detail_explicit_birth_phrase,Unique exact date in an explicit born/geboren/date-of-birth phrase on the member's official Leopoldina detail page.
max-delbrueck,Professor Dr Max Delbrück (,Class II: Life Sciences,Biochemistry and Biophysics,1963,1,1906-09-04,explicit_birth_word,word,4 September 1906,"anchor-nav-value=""Person""> Person text-with-more-button#mobileToggle"" aria-expanded=""false""> Person Max Delbrück was born in Berlin, DE, on 4 September 1906, the youngest of seven children of historian Hans Delbrück and his wife Carolina Thiersch, a granddaughter of the chemist Justus von Liebig",https://www.leopoldina.org/en/members/member-list/detail/max-delbrueck,200,0,1906-09-04,accept_official_leopoldina_detail_explicit_birth_phrase,Unique exact date in an explicit born/geboren/date-of-birth phrase on the member's official Leopoldina detail page.
max-delbrueck-1,Max Delbrück (,"Class I: Mathematics, Natural Sciences and Engineering",Chemistry,1892,1,1850-06-16,explicit_birth_word,word,16. Juni 1850," data-anchor-nav-value=""Person""> Person text-with-more-button#mobileToggle"" aria-expanded=""false""> Person Max Emil Julius Delbrück wurde am 16. Juni 1850 in Bergen auf der Insel Rügen als Sohn des Juristen Felix Delbrück geboren. Er stammte aus einer angesehenen preußischen Familie, die viele",https://www.leopoldina.org/en/members/member-list/detail/max-delbrueck-1,200,0,1850-06-16,accept_official_leopoldina_detail_explicit_birth_phrase,Unique exact date in an explicit born/geboren/date-of-birth phrase on the member's official Leopoldina detail page.
max-ferdinand-perutz,Max Ferdinand Perutz (,Class II: Life Sciences,Human Genetics and Molecular Medicine,1964,1,1914-05-19,explicit_birth_word,word,19. Mai 1914,"-target=""item"" data-anchor-nav-value=""Person""> Person text-with-more-button#mobileToggle"" aria-expanded=""false""> Person Max Perutz wurde am 19. Mai 1914 in Wien als Sohn von Hugo Perutz und seiner Frau Adele Goldschmidt geboren. Seine Eltern entstammten jüdischen Fabrikantenfamilien. Dennoch",https://www.leopoldina.org/en/members/member-list/detail/max-ferdinand-perutz,200,0,1914-05-19,accept_official_leopoldina_detail_explicit_birth_phrase,Unique exact date in an explicit born/geboren/date-of-birth phrase on the member's official Leopoldina detail page.
max-von-pettenkofer,Max von Pettenkofer (,Class II: Life Sciences,Microbiology and Immunology,1859,1,1818-12-03,explicit_birth_word,word,3. Dezember 1818,"item"" data-anchor-nav-value=""Person""> Person text-with-more-button#mobileToggle"" aria-expanded=""false""> Person Max von Pettenkofer wurde am 3. Dezember 1818 als fünftes Kind einer Bauernfamilie auf einem Einöd-Hof in Lichtenheim bei Lichtenau im Donaumoos geboren. Einen Teil seiner Ausbildung üb",https://www.leopoldina.org/en/members/member-list/detail/max-von-pettenkofer,200,0,1818-12-03,accept_official_leopoldina_detail_explicit_birth_phrase,Unique exact date in an explicit born/geboren/date-of-birth phrase on the member's official Leopoldina detail page.
melvin-calvin,Melvin Calvin (,"Class I: Mathematics, Natural Sciences and Engineering",Chemistry,1959,1,1911-04-08,explicit_birth_word,word,8. April 1911,"rget=""item"" data-anchor-nav-value=""Person""> Person text-with-more-button#mobileToggle"" aria-expanded=""false""> Person Melvin Calvin wurde am 8. April 1911 in Saint Paul in Minnesota geboren. Seine Eltern waren eingewanderte russische Juden. Als Kind zog er mit seiner Familie nach Detroit, wo e",https://www.leopoldina.org/en/members/member-list/detail/melvin-calvin,200,0,1911-04-08,accept_official_leopoldina_detail_explicit_birth_phrase,Unique exact date in an explicit born/geboren/date-of-birth phrase on the member's official Leopoldina detail page.
michael-faraday,Michael Faraday (,"Class I: Mathematics, Natural Sciences and Engineering",Chemistry,1857,1,1791-09-22,explicit_birth_word,word,22 September 1791,"""item"" data-anchor-nav-value=""Person""> Person text-with-more-button#mobileToggle"" aria-expanded=""false""> Person Michael Faraday was born on 22 September 1791 as the third of four children of blacksmith James Faraday and his wife Margaret, née Hastwell, in Newington, Surrey. He grew up in modest c",https://www.leopoldina.org/en/members/member-list/detail/michael-faraday,200,0,1791-09-22,accept_official_leopoldina_detail_explicit_birth_phrase,Unique exact date in an explicit born/geboren/date-of-birth phrase on the member's official Leopoldina detail page.
paul-c-lauterbur,Paul C. Lauterbur (,Class III: Medicine,Radiology,1992,1,1929-05-06,explicit_birth_word,word,6. Mai 1929,"get=""item"" data-anchor-nav-value=""Person""> Person text-with-more-button#mobileToggle"" aria-expanded=""false""> Person Paul Lauterbur wurde am 6. Mai 1929 als zweites Kind von Edward Joseph und Gertrude Lauterbur, geborene Wagner, in Sidney, Ohio geboren. Er hatte drei Geschwister. Lauterbur w",https://www.leopoldina.org/en/members/member-list/detail/paul-c-lauterbur,200,0,1929-05-06,accept_official_leopoldina_detail_explicit_birth_phrase,Unique exact date in an explicit born/geboren/date-of-birth phrase on the member's official Leopoldina detail page.
paul-karrer,Paul Karrer (,"Class I: Mathematics, Natural Sciences and Engineering",Chemistry,1925,1,1889-04-21,explicit_birth_word,word,21. April 1889,"target=""item"" data-anchor-nav-value=""Person""> Person text-with-more-button#mobileToggle"" aria-expanded=""false""> Person Paul Karrer wurde am 21. April 1889 in Moskau geboren. Seine Eltern, der Zahnarzt Paul Karrer und seine Frau Julie Lerch, waren beide Schweizer. 1892 zog die Familie zurück in",https://www.leopoldina.org/en/members/member-list/detail/paul-karrer,200,0,1889-04-21,accept_official_leopoldina_detail_explicit_birth_phrase,Unique exact date in an explicit born/geboren/date-of-birth phrase on the member's official Leopoldina detail page.
richard-willstaetter,Professor Dr Richard Willstätter (,"Class I: Mathematics, Natural Sciences and Engineering",Chemistry,1919,1,1872-08-13,explicit_birth_word,word,13 August 1872,"r-nav-value=""Person""> Person text-with-more-button#mobileToggle"" aria-expanded=""false""> Person Richard Willstätter was born in Karlsruhe on 13 August 1872 as the son of Jewish merchant Max Willstätter and his wife Sophie, née Ullmann. His father first worked as a draper and clothing manufactur",https://www.leopoldina.org/en/members/member-list/detail/richard-willstaetter,200,0,1872-08-13,accept_official_leopoldina_detail_explicit_birth_phrase,Unique exact date in an explicit born/geboren/date-of-birth phrase on the member's official Leopoldina detail page.
robert-burns-woodward,Prof. Dr. Robert Burns Woodward (,"Class I: Mathematics, Natural Sciences and Engineering",Chemistry,1968,1,1917-04-10,explicit_birth_word,word,10. April 1917,"em"" data-anchor-nav-value=""Person""> Person text-with-more-button#mobileToggle"" aria-expanded=""false""> Person Robert Burns Woodward wurde am 10. April 1917 als einziges Kind des Buchbinders Arthur Chester Woodward und seiner Frau Margaret Burns in Boston, Massachusetts geboren. Die Mutter stamm",https://www.leopoldina.org/en/members/member-list/detail/robert-burns-woodward,200,0,1917-04-10,accept_official_leopoldina_detail_explicit_birth_phrase,Unique exact date in an explicit born/geboren/date-of-birth phrase on the member's official Leopoldina detail page.
sir-alan-lloyd-hodgkin,Sir Alan Lloyd Hodgkin (,Class II: Life Sciences,Physiology and Pharmacology/Toxicology,1964,1,1914-02-05,explicit_birth_word,word,5. Februar 1914,"""item"" data-anchor-nav-value=""Person""> Person text-with-more-button#mobileToggle"" aria-expanded=""false""> Person Alan Lloyd Hodgkin wurde am 5. Februar 1914 in Banbury, Oxfordshire, UK, als Sohn von George Hodgkin und seiner Frau Mary Wilson Hodgkin geboren. Sein Vater starb 1918 an den Folgen e",https://www.leopoldina.org/en/members/member-list/detail/sir-alan-lloyd-hodgkin,200,0,1914-02-05,accept_official_leopoldina_detail_explicit_birth_phrase,Unique exact date in an explicit born/geboren/date-of-birth phrase on the member's official Leopoldina detail page.
sir-andrew-f-huxley,Sir Andrew F. Huxley (,Class II: Life Sciences,Physiology and Pharmacology/Toxicology,1964,1,1917-11-22,explicit_birth_word,word,22. November 1917,"ata-anchor-nav-value=""Person""> Person text-with-more-button#mobileToggle"" aria-expanded=""false""> Person Sir Andrew Fielding Huxley wurde am 22. November 1917 als Sohn von Leonard Huxley und seiner zweiten Frau Rosalind Bruce in London geboren. Seine beiden Halbbrüder, der spätere Biologe Julian H",https://www.leopoldina.org/en/members/member-list/detail/sir-andrew-f-huxley,200,0,1917-11-22,accept_official_leopoldina_detail_explicit_birth_phrase,Unique exact date in an explicit born/geboren/date-of-birth phrase on the member's official Leopoldina detail page.
sir-arthur-harden,Sir Arthur Harden (,Class II: Life Sciences,Biochemistry and Biophysics,1932,1,1865-10-12,explicit_birth_word,word,12. Oktober 1865,"rget=""item"" data-anchor-nav-value=""Person""> Person text-with-more-button#mobileToggle"" aria-expanded=""false""> Person Arthur Harden wurde am 12. Oktober 1865 als Sohn von Albert Tyas Harden und seiner Frau Eliza Macalister in Manchester geboren. Er besuchte von 1873 bis 1877 eine Privatschule in ",https://www.leopoldina.org/en/members/member-list/detail/sir-arthur-harden,200,0,1865-10-12,accept_official_leopoldina_detail_explicit_birth_phrase,Unique exact date in an explicit born/geboren/date-of-birth phrase on the member's official Leopoldina detail page.
sir-cyril-hinshelwood,Sir Cyril Hinshelwood (,"Class I: Mathematics, Natural Sciences and Engineering",Chemistry,1959,1,1897-06-19,explicit_birth_word,word,19. Juni 1897," data-anchor-nav-value=""Person""> Person text-with-more-button#mobileToggle"" aria-expanded=""false""> Person Cyril Norman Hinshelwood wurde am 19. Juni 1897 als einziges Kind eines Buchhalters in London geboren. Sein Vater starb 1904, so dass die Mutter den Sohn allein durchbringen musste. Hinsh",https://www.leopoldina.org/en/members/member-list/detail/sir-cyril-hinshelwood,200,0,1897-06-19,accept_official_leopoldina_detail_explicit_birth_phrase,Unique exact date in an explicit born/geboren/date-of-birth phrase on the member's official Leopoldina detail page.
sir-derek-h-r-barton,Sir Derek H. R. Barton (,"Class I: Mathematics, Natural Sciences and Engineering",Chemistry,1966,1,1918-09-08,explicit_birth_word,word,8. September 1918,"nchor-nav-value=""Career""> Career text-with-more-button#mobileToggle"" aria-expanded=""false""> Career Sir Derek Harold Richard Barton wurde am 8. September 1918 als Sohn von Thomas und Maude Henrietta Barton in Gravesend in der britischen Grafschaft Kent geboren. Er absolvierte die Gravesend Grammar",https://www.leopoldina.org/en/members/member-list/detail/sir-derek-h-r-barton,200,0,1918-09-08,accept_official_leopoldina_detail_explicit_birth_phrase,Unique exact date in an explicit born/geboren/date-of-birth phrase on the member's official Leopoldina detail page.
sir-hans-adolf-krebs,Sir Hans Adolf Krebs (,Class II: Life Sciences,Biochemistry and Biophysics,1956,1,1900-08-25,explicit_birth_word,word,25 August 1900,"ggle"" aria-expanded=""false""> Person Hans Krebs was born to Jewish otolaryngologist Georg Krebs and his wife Alma in Hildesheim, Germany, on 25 August 1900. He attended the humanistic Gymnasium Andreanum in his native town. In 1938 he married Margaret Fieldhouse. The couple was blessed with son",https://www.leopoldina.org/en/members/member-list/detail/sir-hans-adolf-krebs,200,0,1900-08-25,accept_official_leopoldina_detail_explicit_birth_phrase,Unique exact date in an explicit born/geboren/date-of-birth phrase on the member's official Leopoldina detail page.
sir-john-kendrew,Professor Dr Sir John Kendrew (,Class II: Life Sciences,Biochemistry and Biophysics,1965,1,1917-03-24,explicit_birth_word,word,24 March 1917,"et=""item"" data-anchor-nav-value=""Person""> Person text-with-more-button#mobileToggle"" aria-expanded=""false""> Person John Kendrew was born on 24 March 1917 as the son of Wilfred George Kendrew and his wife Evelyn May Graham Sandberg in Oxford. His father was a climatologist and dean at the Univ",https://www.leopoldina.org/en/members/member-list/detail/sir-john-kendrew,200,0,1917-03-24,accept_official_leopoldina_detail_explicit_birth_phrase,Unique exact date in an explicit born/geboren/date-of-birth phrase on the member's official Leopoldina detail page.
sir-robert-robinson,Prof. Dr. Sir Robert Robinson (,"Class I: Mathematics, Natural Sciences and Engineering",Chemistry,1933,1,1886-09-13,explicit_birth_word,word,13. September 1886,"et=""item"" data-anchor-nav-value=""Person""> Person text-with-more-button#mobileToggle"" aria-expanded=""false""> Person Robert Robinson wurde am 13. September 1886 als Sohn des Fabrikanten William Bradbury Robinson in Rufford, Derbyshire geboren. Er besuchte bis 1902 die Fulneck School in Pudsey, West ",https://www.leopoldina.org/en/members/member-list/detail/sir-robert-robinson,200,0,1886-09-13,accept_official_leopoldina_detail_explicit_birth_phrase,Unique exact date in an explicit born/geboren/date-of-birth phrase on the member's official Leopoldina detail page.
theodor-svedberg,Theodor Svedberg (,Class II: Life Sciences,Biochemistry and Biophysics,1932,1,1884-08-30,explicit_birth_word,word,30. August 1884,"t=""item"" data-anchor-nav-value=""Person""> Person text-with-more-button#mobileToggle"" aria-expanded=""false""> Person Theodor Svedberg wurde am 30. August 1884 als Sohn des Fabrik-Vorarbeiters Elias Svedberg und seiner Frau Augusta Alstermark in Fleräng, Valbo in Schweden geboren. Er besuchte die S",https://www.leopoldina.org/en/members/member-list/detail/theodor-svedberg,200,0,1884-08-30,accept_official_leopoldina_detail_explicit_birth_phrase,Unique exact date in an explicit born/geboren/date-of-birth phrase on the member's official Leopoldina detail page.
vladimir-prelog,Prof. Dr. Vladimir Prelog (,"Class I: Mathematics, Natural Sciences and Engineering",Chemistry,1963,1,1906-07-23,explicit_birth_word,word,23. Juli 1906,"et=""item"" data-anchor-nav-value=""Person""> Person text-with-more-button#mobileToggle"" aria-expanded=""false""> Person Vladimir Prelog wurde am 23. Juli 1906 als Sohn des Lehrers Milan Prelog und seiner Frau Mara Cettolo in Sarajevo geboren. Am 28. Juni 1914 wurde er in Sarajevo Augenzeuge des At",https://www.leopoldina.org/en/members/member-list/detail/vladimir-prelog,200,0,1906-07-23,accept_official_leopoldina_detail_explicit_birth_phrase,"Official biography states Vladimir Prelog was born on 23 July 1906. The 28 June 1914 date is the Sarajevo assassination event described later in the biography, not his birth."
