block,scope,model,or,ci95_low,ci95_high,p_one_sided_positive,p_two_sided,n_people,n_music,n_dates
pooled_1993_1995,north,M0,0.997254942789754,0.8385081435337404,1.1860557689128486,0.5123948141559945,0.975210371688011,33034,1792,1062
pooled_1993_1995,north,M2,0.9900145782451567,0.8329594554527474,1.1766825608638964,0.5453307148261196,0.9093385703477607,33034,1792,1062
pooled_1993_1995,known,M0,0.9736914727736538,0.8268472580479818,1.1466145348178811,0.6253843715839492,0.7492312568321016,38260,1953,1062
pooled_1993_1995,known,M2,0.9688204618491494,0.8222949141521743,1.141455542462347,0.6475120403641109,0.704975919271778,38260,1953,1062
pooled_1993_1995,full,M0,0.9424349257594139,0.8109317131535242,1.0952631089456513,0.7803106713278953,0.4393786573442092,44871,2265,1062
pooled_1993_1995,full,M2,0.9310973904858825,0.8012826017092568,1.0819433102881566,0.8243096562501409,0.3513806874997183,44871,2265,1062
1993,north,M0,0.998412052873297,0.7600768894043021,1.3114813004035921,0.5045559467651046,0.9908881064697906,11495,656,355
1993,north,M2,0.9756664166111954,0.7356805649138827,1.2939378881299672,0.5678967005884051,0.8642065988231896,11495,656,355
1994,north,M0,0.881886528532137,0.6618855783743086,1.1750125317984288,0.804683849875997,0.390632300248006,11221,621,354
1994,north,M2,0.8579868868346588,0.6506955851508861,1.131314726546869,0.8611615638322426,0.27767687233551475,11221,621,354
1995,north,M0,1.1967822032294717,0.8705305795345469,1.6453042266850644,0.13432247488916182,0.26864494977832365,10318,515,353
1995,north,M2,1.245142498300797,0.912628619499893,1.6988069494515037,0.08330049290394372,0.1666009858078874,10318,515,353
