fide_id,name,fed,sex,title,wtitle,otitle,foa,rating,games,kfactor,birth_year,flag,active,identity_bridge_modern_fide_id,exact_dob_frozen,dob_status_2023,birthplace_hemisphere,hemisphere_status,wikidata_person_qids,birthplace_qids,birthplace_labels,birthplace_latitudes,birthplace_longitudes,eligible_north_2023,exclusion_reason_2023,snapshot,analysis_sex,seen_in_1994_2013,analysis_rank_within_sex,elo_z_within_2023_sex_cohort,year_pillar,month_pillar,day_pillar,day_stem,day_master_element,stem_direction_score,six_position_tengods,shangguan_count_6pos,pianyin_count_6pos,analysis_group
8605114,"Lei, Tingjie",CHN,F,GM,WGM,,,2545,0,10,1997,w,True,8605114,1997-03-03,wikidata_exact_year_agrees,north,resolved_unique_birthplace,Q16845654,Q11725,Chongqing,29.55,106.50694444,True,,2023-01,F,False,1,2.7357591003964346,丁丑,壬寅,甲辰,甲,木,-1,伤官|正财|偏印|比肩|比肩|偏财,1,1,F_NEW_TARGET
24171760,"Shuvalova, Polina",RUS,F,IM,WGM,,,2498,2,10,2001,w,True,24171760,2001-03-12,wikidata_exact_year_agrees,north,resolved_unique_birthplace,Q27597944,Q47166,Orsk,51.229,58.4681,True,,2023-01,F,False,2,2.345250914835769,辛巳,辛卯,甲戌,甲,木,-1,正官|食神|正官|劫财|比肩|偏财,0,0,F_NEW_TARGET
13703544,"Abdumalik, Zhansaya",KAZ,F,GM,WGM,,,2496,0,10,2000,w,True,13703544,2000-01-12,wikidata_exact_year_agrees,north,resolved_unique_birthplace,Q7492278,Q35493,Almaty,43.24,76.915,True,,2023-01,F,False,3,2.3286335452374427,己卯,丁丑,己巳,己,土,-1,比肩|七杀|偏印|比肩|比肩|正印,0,1,F_NEW_TARGET
13403729,"Mammadzada, Gunay",AZE,F,IM,WGM,,,2472,0,10,2000,w,True,13403729,2000-06-19,wikidata_exact_year_agrees,north,resolved_unique_birthplace,Q18578182,Q9248,Baku,40.36665556,49.83518333,True,,2023-01,F,False,4,2.129225110057529,庚辰,壬午,戊申,戊,土,1,食神|比肩|偏财|正印|比肩|食神,0,0,F_NEW_TARGET
2810964,"Efroimski, Marsel",ISR,F,IM,WGM,,,2456,9,10,1995,w,True,2810964,1995-02-13,wikidata_exact_year_agrees,north,resolved_unique_birthplace,Q441176,Q188785,Central District,31.93333333,34.86666667,True,,2023-01,F,False,5,1.9962861532709195,乙亥,戊寅,乙亥,乙,木,1,比肩|正印|正财|劫财|比肩|正印,0,0,F_NEW_TARGET
14101602,"Osmak, Yuliia",UKR,F,IM,WGM,,,2449,1,10,1998,w,True,14101602,1998-03-06,wikidata_exact_year_agrees,north,resolved_unique_birthplace,Q19356178,Q1899,Kyiv,50.45,30.52361111,True,,2023-01,F,False,6,1.9381253596767776,戊寅,乙卯,壬子,壬,水,1,七杀|食神|伤官|伤官|比肩|劫财,2,0,F_NEW_TARGET
13708694,"Assaubayeva, Bibisara",KAZ,F,IM,WGM,,,2440,0,10,2004,w,True,13708694,2004-02-26,wikidata_exact_year_agrees,north,resolved_unique_birthplace,Q28479507,Q486545,Taraz,42.88333333,71.36666667,True,,2023-01,F,False,7,1.8633471964843096,甲申,丙寅,乙亥,乙,木,1,劫财|正官|伤官|劫财|比肩|正印,1,0,F_NEW_TARGET
13403052,"Fataliyeva, Ulviyya",AZE,F,IM,WGM,,,2427,10,10,1996,w,True,13403052,1996-08-03,wikidata_exact_year_agrees,north,resolved_unique_birthplace,Q42296431,Q131290,Ganja,40.68277778,46.36055556,True,,2023-01,F,False,8,1.7553342940951897,丙子,乙未,壬申,壬,水,1,偏财|劫财|伤官|正官|比肩|偏印,1,1,F_NEW_TARGET
5091756,"Vaishali, Rameshbabu",IND,F,IM,WGM,,,2425,0,10,2001,w,True,5091756,2001-06-21,wikidata_exact_year_agrees,north,resolved_unique_birthplace,Q22002931,Q1352,Chennai,13.0825,80.275,True,,2023-01,F,False,9,1.7387169244968634,辛巳,甲午,乙卯,乙,木,1,七杀|伤官|劫财|食神|比肩|比肩,1,0,F_NEW_TARGET
13509926,"Badelka, Olga",FID,F,IM,WGM,,,2416,0,10,2002,w,True,13509926,2002-07-08,wikidata_exact_year_agrees,north,resolved_unique_birthplace,Q47543955,Q154835,Mahilyow,53.90894,30.34296,True,,2023-01,F,False,10,1.6639387613043954,壬午,丁未,丁丑,丁,火,-1,正官|比肩|比肩|食神|比肩|食神,0,0,F_NEW_TARGET
24157570,"Wagner, Dinara",GER,F,WGM,WGM,,,2413,0,10,1999,w,True,24157570,1999-05-25,wikidata_exact_year_agrees,north,resolved_unique_birthplace,Q27597914,Q3977,Elista,46.31666667,44.26666667,True,,2023-01,F,False,11,1.6390127069069065,己卯,己巳,丁丑,丁,火,-1,食神|偏印|食神|劫财|比肩|食神,0,1,F_NEW_TARGET
35061887,Savitha Shri B,IND,F,WIM,WIM,,,2411,0,10,2007,w,True,35061887,2007-01-25,wikidata_exact_year_agrees,north,resolved_unique_birthplace,Q95189623,Q1352,Chennai,13.0825,80.275,True,,2023-01,F,False,12,1.62239533730858,丙戌,辛丑,己未,己,土,-1,正印|劫财|食神|比肩|比肩|比肩,0,0,F_NEW_TARGET
1154613,"Kiolbasa, Oliwia",POL,F,IM,WIM,,,2410,0,10,2000,w,True,1154613,2000-04-26,wikidata_exact_year_agrees,north,resolved_unique_birthplace,Q11798067,Q464763,Augustów,53.85,22.96666667,True,,2023-01,F,False,13,1.614086652509417,庚辰,庚辰,甲寅,甲,木,-1,七杀|偏财|七杀|偏财|比肩|比肩,0,0,F_NEW_TARGET
14123622,"Buksa, Nataliya",UKR,F,IM,WGM,,,2405,0,10,1996,w,True,14123622,1996-11-06,wikidata_exact_year_agrees,north,resolved_unique_birthplace,Q21683575,Q36036,Lviv,49.838055;49.841952,24.023055;24.0315921,True,,2023-01,F,False,14,1.5725432285136016,丙子,戊戌,丁未,丁,火,-1,劫财|七杀|伤官|伤官|比肩|食神,2,0,F_NEW_TARGET
24174041,"Maltsevskaya, Aleksandra",POL,F,IM,WGM,,,2392,9,10,2002,w,True,24174041,2002-07-05,wikidata_exact_year_agrees,north,resolved_unique_birthplace,Q47543969,Q914,Volgograd,48.70861111,44.51472222,True,,2023-01,F,False,15,1.4645303261244813,壬午,丙午,甲戌,甲,木,-1,偏印|伤官|食神|伤官|比肩|偏财,2,1,F_NEW_TARGET
4500512,"Narva, Mai",EST,F,IM,WGM,,,2389,0,10,1999,w,True,4500512,1999-10-22,wikidata_exact_year_agrees,north,resolved_unique_birthplace,Q22582519,Q1770,Tallinn,59.43722222,24.745,True,,2023-01,F,False,16,1.439604271726992,己卯,甲戌,丁未,丁,火,-1,食神|偏印|正印|伤官|比肩|食神,1,1,F_NEW_TARGET
13413015,"Beydullayeva, Govhar",AZE,F,WGM,WGM,,,2387,0,20,2003,w,True,13413015,2003-04-23,wikidata_exact_year_agrees,north,resolved_unique_birthplace,Q47543957,Q3543321,Al Zulfi governorate,26.2833,44.8,True,,2023-01,F,False,17,1.422986902128666,癸未,丙辰,丙寅,丙,火,1,正官|伤官|比肩|食神|比肩|偏印,1,1,F_NEW_TARGET
8614750,"Ning, Kaiyu",CHN,F,WIM,WIM,,,2387,0,20,2004,w,True,8614750,2004-09-10,wikidata_exact_year_agrees,north,resolved_unique_birthplace,Q69046127,Q208471,Kaifeng,34.795,114.345,True,,2023-01,F,False,17,1.422986902128666,甲申,癸酉,壬辰,壬,水,1,食神|偏印|劫财|正印|比肩|七杀,0,1,F_NEW_TARGET
2915138,"Salimova, Nurgyul",BUL,F,IM,WGM,,,2387,10,10,2003,w,True,2915138,2003-06-02,wikidata_exact_year_agrees,north,resolved_unique_birthplace,Q28479765,Q2016313,Krepcha,43.483636,26.135153,True,,2023-01,F,False,17,1.422986902128666,癸未,丁巳,丙午,丙,火,1,正官|伤官|劫财|比肩|比肩|劫财,1,0,F_NEW_TARGET
932400,"Injac, Teodora",SRB,F,WGM,WGM,,,2383,19,10,2000,w,True,932400,2000-05-26,wikidata_exact_year_agrees,north,resolved_unique_birthplace,Q65200486,Q3711,Belgrade,44.81777778,20.45694444,True,,2023-01,F,False,20,1.3897521629320135,庚辰,辛巳,甲申,甲,木,-1,七杀|偏财|正官|食神|比肩|七杀,0,0,F_NEW_TARGET
4900782,"Nomin-Erdene, Davaademberel",MGL,F,IM,WGM,,,2383,2,10,2000,w,True,4900782,2000-02-15,wikidata_exact_year_agrees,north,resolved_unique_birthplace,Q19571884,Q23430,Ulaanbaatar,47.921357,106.905515,True,,2023-01,F,False,20,1.3897521629320135,庚辰,戊寅,癸卯,癸,水,-1,正印|正官|正官|伤官|比肩|食神,1,0,F_NEW_TARGET
13310828,"Mkrtchyan, Mariam",ARM,F,WIM,WIM,,,2381,9,20,2004,w,True,13310828,2004-02-27,wikidata_exact_year_agrees,north,resolved_unique_birthplace,Q108371835,Q1953,Yerevan,40.18138889,44.51444444,True,,2023-01,F,False,22,1.3731347933336873,甲申,丙寅,丙子,丙,火,1,偏印|偏财|比肩|偏印|比肩|正官,0,2,F_NEW_TARGET
13406396,"Balajayeva, Khanim",AZE,F,WGM,WGM,,,2379,0,20,2001,w,True,13406396,2001-03-28,wikidata_exact_year_agrees,north,resolved_unique_birthplace,Q28479277,Q1017662,Qakh,41.41944444,46.91805556,True,,2023-01,F,False,23,1.3565174237353612,辛巳,辛卯,庚寅,庚,金,-1,劫财|七杀|劫财|正财|比肩|偏财,0,0,F_NEW_TARGET
8600201,"Zhai, Mo",CHN,F,WGM,WGM,,,2375,0,10,1996,w,True,8600201,1996-03-27,wikidata_exact_year_agrees,north,resolved_unique_birthplace,Q23636845,Q21208,Hebei,38.04222222,114.50861111,True,,2023-01,F,False,24,1.323282684538709,丙子,辛卯,癸亥,癸,水,-1,正财|比肩|偏印|食神|比肩|劫财,0,1,F_NEW_TARGET
4100123,"Bivol, Alina",RUS,F,IM,WGM,,,2364,0,10,1996,w,True,4100123,1996-01-19,wikidata_exact_year_agrees,north,resolved_unique_birthplace,Q20090303,Q102334,Dmitrov,56.35,37.53333333,True,,2023-01,F,False,25,1.2318871517479149,乙亥,己丑,乙卯,乙,木,1,比肩|正印|偏财|偏财|比肩|比肩,0,0,F_NEW_TARGET
1058401,"Roebers, Eline",NED,F,IM,,,,2361,2,20,2006,w,True,1058401,2006-05-22,wikidata_exact_year_agrees,north,resolved_unique_birthplace,Q108472880,Q727,Amsterdam,52.36666667,4.88333333,True,,2023-01,F,False,26,1.2069610973504254,丙戌,癸巳,辛亥,辛,金,1,正官|正印|食神|正官|比肩|伤官,1,0,F_NEW_TARGET
13308130,"Sargsyan, Anna M.",ARM,F,IM,WGM,,,2361,18,10,2001,w,True,13308130,2001-04-10,wikidata_exact_year_agrees,north,resolved_unique_birthplace,Q68948716,Q1953,Yerevan,40.18138889,44.51444444,True,,2023-01,F,False,26,1.2069610973504254,辛巳,壬辰,癸卯,癸,水,-1,偏印|正财|劫财|正官|比肩|食神,0,1,F_NEW_TARGET
2090732,"Yip, Carissa",USA,F,IM,WGM,,,2357,9,10,2003,w,True,2090732,2003-09-10,wikidata_exact_year_agrees,north,resolved_unique_birthplace,Q66980214,Q100,Boston,42.36027778,-71.05777778,True,,2023-01,F,False,28,1.1737263581537731,癸未,辛酉,丙戌,丙,火,1,正官|伤官|正财|正财|比肩|食神,1,0,F_NEW_TARGET
2053900,"Wang, Annie",USA,F,IM,WGM,,,2356,4,20,2002,w,True,2053900,2002-05-18,wikidata_exact_year_agrees,north,resolved_unique_birthplace,Q27597951,Q695556,Bryan,30.6656,-96.3667,True,,2023-01,F,False,29,1.16541767335461,壬午,乙巳,丙戌,丙,火,1,七杀|劫财|正印|比肩|比肩|食神,0,0,F_NEW_TARGET
4182146,"Voit, Daria",RUS,F,WGM,WGM,,,2355,9,10,1994,w,True,4182146,1994-01-11,wikidata_exact_year_agrees,north,resolved_unique_birthplace,Q30044102,Q649,Moscow,55.75055556,37.6175,True,,2023-01,F,False,30,1.1571089885554469,癸酉,乙丑,丁酉,丁,火,-1,七杀|偏财|偏印|食神|比肩|偏财,0,1,F_NEW_TARGET
8608466,"Ni, Shiqun",CHN,F,WGM,WGM,,,2354,0,10,1997,w,True,8608466,1997-02-26,wikidata_exact_year_agrees,north,resolved_unique_birthplace,Q19840484,Q8686,Shanghai,31.2325,121.46916667,True,,2023-01,F,False,31,1.1488003037562835,丁丑,壬寅,己亥,己,土,-1,偏印|比肩|正财|正官|比肩|正财,0,1,F_NEW_TARGET
4264312,"Tsolakidou, Stavroula",GRE,F,IM,WGM,,,2353,9,10,2000,w,True,4264312,2000-03-24,wikidata_exact_year_agrees,north,resolved_unique_birthplace,Q22002929,Q187352,Kavala,40.93959,24.40687,True,,2023-01,F,False,32,1.1404916189571208,庚辰,己卯,辛巳,辛,金,1,劫财|正印|偏印|偏财|比肩|正官,0,1,F_NEW_TARGET
35006916,Divya Deshmukh,IND,F,WGM,WGM,,,2349,19,10,2005,w,True,35006916,2005-12-09,wikidata_exact_year_agrees,north,resolved_unique_birthplace,Q28479871,Q1513,Nagpur,21.14972222,79.08055556,True,,2023-01,F,False,33,1.1072568797604685,乙酉,戊子,丁卯,丁,火,-1,偏印|偏财|伤官|七杀|比肩|偏印,1,2,F_NEW_TARGET
3600270,"Fierro Baquero, Martha L.",ECU,F,IM,WGM,FT,,2347,9,10,1977,w,True,3600270,1977-09-06,wikidata_exact_year_agrees,north,resolved_unique_birthplace,Q2195541,Q1742162,Kingston,41.48333333,-71.53333333,True,,2023-01,F,False,34,1.0906395101621422,丁巳,戊申,丙寅,丙,火,1,劫财|比肩|食神|偏财|比肩|偏印,0,1,F_NEW_TARGET
822590,"Brunello, Marina",ITA,F,IM,WGM,,,2346,0,10,1994,w,True,822590,1994-06-16,wikidata_exact_year_agrees,north,resolved_unique_birthplace,Q3848014,Q101202,Lovere,45.8125,10.07,True,,2023-01,F,False,35,1.082330825362979,甲戌,庚午,癸酉,癸,水,-1,伤官|正官|正印|偏财|比肩|偏印,1,1,F_NEW_TARGET
2078341,"Yu, Jennifer",USA,F,FM,WGM,,,2345,0,20,2002,w,True,2078341,2002-02-01,wikidata_exact_year_agrees,north,resolved_unique_birthplace,Q27597952,Q217346,Ithaca,42.44333333,-76.5,True,,2023-01,F,False,36,1.074022140563816,辛巳,辛丑,庚子,庚,金,-1,劫财|七杀|劫财|正印|比肩|伤官,1,0,F_NEW_TARGET
12401838,"Vo, Thi Kim Phung",VIE,F,WGM,WGM,,,2343,0,10,1993,w,True,12401838,1993-06-08,wikidata_exact_year_agrees,north,resolved_unique_birthplace,Q26921029,Q36167,Huế,16.45611111,107.57638889,True,,2023-01,F,False,37,1.05740477096549,癸酉,戊午,庚申,庚,金,-1,伤官|劫财|偏印|正官|比肩|比肩,1,1,F_NEW_TARGET
12802859,"Daulyte-Cornette, Deimante",FRA,F,IM,WGM,,,2342,1,10,1989,w,True,12802859,1989-02-22,wikidata_exact_year_agrees,north,resolved_unique_birthplace,Q541484,Q134712,Šiauliai,55.92805556,23.31666667,True,,2023-01,F,False,38,1.0490960861663268,己巳,丙寅,癸丑,癸,水,-1,七杀|正财|正财|伤官|比肩|七杀,1,0,F_NEW_TARGET
5050847,"Nandhidhaa, P V",IND,F,WGM,WGM,,,2341,10,20,1996,w,True,5050847,1996-04-10,wikidata_exact_year_agrees,north,resolved_unique_birthplace,Q27598274,Q9847,Sankagiri,11.48,77.87,True,,2023-01,F,False,39,1.0407874013671636,丙子,壬辰,丁丑,丁,火,-1,劫财|七杀|正官|伤官|比肩|食神,1,0,F_NEW_TARGET
12900460,"Heinemann, Josefine",GER,F,WGM,WGM,,,2336,14,20,1998,w,True,12900460,1998-01-07,wikidata_exact_year_agrees,north,resolved_unique_birthplace,Q27597702,Q492374,Gardelegen,52.52638889,11.3925,True,,2023-01,F,False,40,0.9992439773713482,丁丑,癸丑,甲寅,甲,木,-1,伤官|正财|正印|正财|比肩|比肩,1,0,F_NEW_TARGET
1017292,"Haast, Anne",NED,F,WGM,WGM,,,2333,1,20,1993,w,True,1017292,1993-07-01,wikidata_exact_year_agrees,north,resolved_unique_birthplace,Q2345857,Q9829,Dongen,51.6258,4.9433,True,,2023-01,F,False,41,0.9743179229738588,癸酉,戊午,癸未,癸,水,-1,比肩|偏印|正官|偏财|比肩|七杀,0,1,F_NEW_TARGET
24142654,"Belenkaya, Dina",ISR,F,WGM,WGM,,,2330,0,20,1993,w,True,24142654,1993-12-22,wikidata_exact_year_agrees,north,resolved_unique_birthplace,Q28479811,Q656,Saint Petersburg,59.95,30.31666667,True,,2023-01,F,False,42,0.9493918685763696,癸酉,甲子,丁丑,丁,火,-1,七杀|偏财|正印|七杀|比肩|食神,0,0,F_NEW_TARGET
24670057,"Klek, Hanna Marie",GER,F,WGM,WGM,,,2319,9,20,1995,w,True,24670057,1995-01-11,wikidata_exact_year_agrees,north,resolved_unique_birthplace,Q14544681,Q14853,Nürtingen,48.62666667,9.33527778,True,,2023-01,F,False,43,0.8579963357855757,甲戌,丁丑,壬寅,壬,水,1,食神|七杀|正财|正官|比肩|食神,0,0,F_NEW_TARGET
5019516,Kulkarni Bhakti,IND,F,IM,WGM,,,2319,0,10,1992,w,True,5019516,1992-05-19,wikidata_exact_year_agrees,north,resolved_unique_birthplace,Q39082648,Q1171,Goa,15.40194444,74.04333333,True,,2023-01,F,False,43,0.8579963357855757,壬申,乙巳,乙未,乙,木,1,正印|正官|比肩|伤官|比肩|偏财,1,0,F_NEW_TARGET
8601089,"Xu, Yuanyuan",CHN,F,WGM,WGM,,,2316,0,10,1981,w,True,8601089,1981-03-08,wikidata_exact_year_agrees,north,resolved_unique_birthplace,Q450786,Q185684,Hefei,31.86389,117.28083,True,,2023-01,F,False,45,0.8330702813880864,辛酉,辛卯,乙酉,乙,木,1,七杀|七杀|七杀|比肩|比肩|七杀,0,0,F_NEW_TARGET
24153648,"Obolentseva, Alexandra",RUS,F,WGM,WGM,,,2313,0,20,2001,w,True,24153648,2001-06-21,wikidata_exact_year_agrees,north,resolved_unique_birthplace,Q4720705,Q2770,Tula,54.2,37.61666667,True,,2023-01,F,False,46,0.8081442269905971,辛巳,甲午,乙卯,乙,木,1,七杀|伤官|劫财|食神|比肩|比肩,1,0,F_NEW_TARGET
937266,"Rapport, Jovana",ROU,F,WGM,WGM,,,2313,0,20,1992,w,True,937266,1992-02-18,wikidata_exact_year_agrees,north,resolved_unique_birthplace,Q10970343,Q1013189,Trstenik,43.618611,20.997222,True,,2023-01,F,False,46,0.8081442269905971,壬申,壬寅,甲子,甲,木,-1,偏印|七杀|偏印|比肩|比肩|正印,0,2,F_NEW_TARGET
1213261,"Werle, Iozefina",NED,F,WGM,WGM,,,2312,0,20,1989,w,True,1213261,1989-02-19,wikidata_exact_year_agrees,north,resolved_unique_birthplace,Q11713670,Q46852,Iași,47.16222222,27.58888889,True,,2023-01,F,False,48,0.7998355421914339,己巳,丙寅,庚戌,庚,金,-1,正印|七杀|七杀|偏财|比肩|偏印,0,1,F_NEW_TARGET
32084030,"Garcia Martin, Marta",ESP,F,IM,WGM,,,2301,0,10,2000,w,True,32084030,2000-07-13,wikidata_exact_year_agrees,north,resolved_unique_birthplace,Q28480040,Q15619,El Prat de Llobregat,41.3246333,2.0952568,True,,2023-01,F,False,49,0.70844000940064,庚辰,癸未,壬申,壬,水,1,偏印|七杀|劫财|正官|比肩|偏印,0,2,F_NEW_TARGET
30941822,"Lee, Alice",USA,F,FM,WIM,,,2300,9,20,2009,w,True,30941822,2009-10-13,wikidata_exact_year_agrees,north,resolved_unique_birthplace,Q108352686,Q36091,Minneapolis,44.98194444,-93.26916667,True,,2023-01,F,False,50,0.7001313246014769,己丑,甲戌,辛卯,辛,金,1,偏印|偏印|正财|正印|比肩|偏财,0,2,F_NEW_TARGET
12505951,"Hejazipour, Mitra",FRA,F,WGM,WGM,,,2299,0,20,1993,w,True,12505951,1993-02-19,wikidata_exact_year_agrees,north,resolved_unique_birthplace,Q19560720,Q121157,Mashhad,36.29749444,59.60592306,True,,2023-01,F,False,51,0.6918226398023137,癸酉,甲寅,辛未,辛,金,1,食神|比肩|正财|正财|比肩|偏印,0,1,F_NEW_TARGET
1197576,"Malicka, Maria",POL,F,FM,WCM,,,2297,9,20,2003,w,True,1197576,2003-04-13,wikidata_exact_year_agrees,north,resolved_unique_birthplace,Q108454463,Q270,Warsaw,52.23,21.01111111,True,,2023-01,F,False,52,0.6752052702039876,癸未,丙辰,丙辰,丙,火,1,正官|伤官|比肩|食神|比肩|食神,1,0,F_NEW_TARGET
14609215,"Unuk, Laura",SLO,F,IM,WGM,,,2296,0,10,1999,w,True,14609215,1999-11-09,wikidata_exact_year_agrees,north,resolved_unique_birthplace,Q18684375,Q437,Ljubljana,46.05138889,14.50611111,True,,2023-01,F,False,53,0.6668965854048245,己卯,乙亥,乙丑,乙,木,1,偏财|比肩|比肩|正印|比肩|偏财,0,0,F_NEW_TARGET
777765,"Gaal, Zsoka",HUN,F,WIM,WIM,,,2294,11,20,2007,w,True,777765,2007-05-02,wikidata_exact_year_agrees,north,resolved_unique_birthplace,Q47543960,Q206872,Ajka,47.10055556,17.55222222,True,,2023-01,F,False,54,0.6502792158064983,丁亥,甲辰,丙申,丙,火,1,劫财|七杀|偏印|食神|比肩|偏财,0,1,F_NEW_TARGET
675946,"Navrotescu, Andreea",FRA,F,WGM,WGM,,,2291,9,20,1996,w,True,675946,1996-12-21,wikidata_exact_year_agrees,north,resolved_unique_birthplace,Q26036587,Q46852,Iași,47.16222222,27.58888889,True,,2023-01,F,False,55,0.6253531614090091,丙子,庚子,壬辰,壬,水,1,偏财|劫财|偏印|劫财|比肩|七杀,0,1,F_NEW_TARGET
14137054,"Berdnyk, Mariia",UKR,F,FM,,,,2290,0,20,2003,w,True,14137054,2003-01-03,wikidata_exact_year_agrees,north,resolved_unique_birthplace,Q61116352,Q42308,Kharkiv,49.9925,36.23111111,True,,2023-01,F,False,56,0.617044476609846,壬午,壬子,丙子,丙,火,1,七杀|劫财|七杀|正官|比肩|正官,0,0,F_NEW_TARGET
14159899,"Hrebenshchykova, Yelyzaveta",UKR,F,,,,,2289,0,40,2005,w,True,14159899,2005-09-30,wikidata_exact_year_agrees,north,resolved_unique_birthplace,Q118120734,Q48256,Dnipro,48.4675,35.04,True,,2023-01,F,False,57,0.6087357918106828,乙酉,乙酉,丁巳,丁,火,-1,偏印|偏财|偏印|偏财|比肩|劫财,0,2,F_NEW_TARGET
4127714,"Ryjanova, Julia",AUS,F,WGM,WGM,,,2288,0,10,1974,w,True,4127714,1974-05-15,wikidata_exact_year_agrees,north,resolved_unique_birthplace,Q20195459,Q5337,Orenburg,51.76666667,55.1,True,,2023-01,F,False,58,0.6004271070115198,甲寅,己巳,丙辰,丙,火,1,偏印|偏印|伤官|比肩|比肩|食神,1,2,F_NEW_TARGET
34106615,"Solozhenkina, Elizaveta",RUS,F,WGM,WGM,,,2286,6,20,2003,w,True,34106615,2003-09-10,wikidata_exact_year_agrees,north,resolved_unique_birthplace,Q27598008,Q656,Saint Petersburg,59.95,30.31666667,True,,2023-01,F,False,59,0.5838097374131936,癸未,辛酉,丙戌,丙,火,1,正官|伤官|正财|正财|比肩|食神,1,0,F_NEW_TARGET
25049615,Priyanka Nutakki,IND,F,WGM,WGM,,,2284,13,20,2002,w,True,25049615,2002-06-01,wikidata_exact_year_agrees,north,resolved_unique_birthplace,Q56424587,Q2564832,Kanuru,16.28611111,81.25444444,True,,2023-01,F,False,60,0.5671923678148674,壬午,乙巳,庚子,庚,金,-1,食神|正官|正财|七杀|比肩|伤官,1,0,F_NEW_TARGET
14905779,"Borosova, Zuzana",SVK,F,WGM,WGM,,,2283,0,20,1988,w,True,14905779,1988-08-26,wikidata_exact_year_agrees,north,resolved_unique_birthplace,Q231185,Q210796,Komárno,47.76333333,18.12833333,True,,2023-01,F,False,61,0.5588836830157043,戊辰,庚申,癸丑,癸,水,-1,正官|正官|正印|正印|比肩|七杀,0,0,F_NEW_TARGET
14611481,"Urh, Zala",SLO,F,WIM,WIM,,,2282,0,20,2002,w,True,14611481,2002-04-15,wikidata_exact_year_agrees,north,resolved_unique_birthplace,Q28479719,Q437,Ljubljana,46.05138889,14.50611111,True,,2023-01,F,False,62,0.5505749982165412,壬午,甲辰,癸丑,癸,水,-1,劫财|偏财|伤官|正官|比肩|七杀,1,0,F_NEW_TARGET
12506540,"Hakimifard, Ghazal",SUI,F,WGM,WGM,,,2279,1,20,1994,w,True,12506540,1994-04-14,wikidata_exact_year_agrees,north,resolved_unique_birthplace,Q5817710,Q3616,Tehran,35.68888889,51.38972222,True,,2023-01,F,False,63,0.5256489438190519,甲戌,戊辰,庚午,庚,金,-1,偏财|偏印|偏印|偏印|比肩|正官,0,3,F_NEW_TARGET
13402137,"Umudova, Nargiz",AZE,F,WGM,WGM,,,2278,1,20,1989,w,True,13402137,1989-06-20,wikidata_exact_year_agrees,north,resolved_unique_birthplace,Q16709997,Q9248,Baku,40.36665556,49.83518333,True,,2023-01,F,False,64,0.5173402590198889,己巳,庚午,辛亥,辛,金,1,偏印|正官|劫财|七杀|比肩|伤官,1,1,F_NEW_TARGET
13903284,"Baciu, Diana",MDA,F,WIM,WIM,,,2277,0,20,1994,w,True,13903284,1994-03-26,wikidata_exact_year_agrees,north,resolved_unique_birthplace,Q11694118,Q217,Moldova,47.25,28.516667,True,,2023-01,F,False,65,0.5090315742207258,甲戌,丁卯,辛亥,辛,金,1,正财|正印|七杀|偏财|比肩|伤官,1,0,F_NEW_TARGET
14117479,"Rakhmangulova, Anastasiya",UKR,F,WIM,WIM,,,2275,9,20,1994,w,True,14117479,1994-12-30,wikidata_exact_year_agrees,north,resolved_unique_birthplace,Q23658550,Q41572,Mykolaiv,46.975,31.995,True,,2023-01,F,False,66,0.4924142046223996,甲戌,丙子,庚寅,庚,金,-1,偏财|偏印|七杀|伤官|比肩|偏财,1,1,F_NEW_TARGET
1159569,"Antolak, Julia",POL,F,WGM,WGM,,,2273,9,20,2000,w,True,1159569,2000-02-22,wikidata_exact_year_agrees,north,resolved_unique_birthplace,Q28470738,Q110011,Kołobrzeg,54.17611111,15.57611111,True,,2023-01,F,False,67,0.4757968350240734,庚辰,戊寅,庚戌,庚,金,-1,比肩|偏印|偏印|偏财|比肩|偏印,0,3,F_NEW_TARGET
13300270,"Gevorgyan, Maria",ARM,F,WGM,WGM,,,2269,0,20,1994,w,True,13300270,1994-12-21,wikidata_exact_year_agrees,north,resolved_unique_birthplace,Q25833986,Q1953,Yerevan,40.18138889,44.51444444,True,,2023-01,F,False,68,0.442562095827421,甲戌,丙子,辛巳,辛,金,1,正财|正印|正官|食神|比肩|正官,0,0,F_NEW_TARGET
750930,"Marjanovic, Annamaria",HUN,F,WGM,WGM,,,2269,18,20,2001,w,True,750930,2001-12-23,wikidata_exact_year_agrees,north,resolved_unique_birthplace,Q28480771,Q81581,Szeged,46.25,20.16666667,True,,2023-01,F,False,68,0.442562095827421,辛巳,庚子,庚申,庚,金,-1,劫财|七杀|比肩|伤官|比肩|比肩,1,0,F_NEW_TARGET
708780,"Terbe, Julianna",HUN,F,WIM,WIM,,,2269,11,20,1997,w,True,708780,1997-01-08,wikidata_exact_year_agrees,north,resolved_unique_birthplace,Q28481062,Q756273,Karcag,47.31666667,20.93333333,True,,2023-01,F,False,68,0.442562095827421,丙子,辛丑,庚戌,庚,金,-1,七杀|伤官|劫财|正印|比肩|偏印,1,1,F_NEW_TARGET
1150677,"Sliwicka, Alicja",POL,F,WIM,WIM,,,2267,9,20,2001,w,True,1150677,2001-09-01,wikidata_exact_year_agrees,north,resolved_unique_birthplace,Q9148260,Q387502,Świecie,53.40944444,18.4475,True,,2023-01,F,False,71,0.4259447262290948,辛巳,丙申,丁卯,丁,火,-1,偏财|劫财|劫财|正财|比肩|偏印,0,1,F_NEW_TARGET
12924997,"Schneider, Jana",GER,F,FM,WGM,,,2263,9,20,2002,w,True,12924997,2002-04-11,wikidata_exact_year_agrees,north,resolved_unique_birthplace,Q29353169,Q507854,Karlstadt am Main,49.96027778,9.77222222,True,,2023-01,F,False,72,0.3927099870324425,壬午,甲辰,己酉,己,土,-1,正财|偏印|正官|劫财|比肩|食神,0,1,F_NEW_TARGET
1331973,"Georgescu, Lena",SUI,F,WIM,WIM,,,2262,1,20,1999,w,True,1331973,1999-09-18,wikidata_exact_year_agrees,north,resolved_unique_birthplace,Q28479152,Q70,Bern,46.94798,7.44743,True,,2023-01,F,False,73,0.3844013022332794,己卯,癸酉,癸酉,癸,水,-1,七杀|食神|比肩|偏印|比肩|偏印,0,2,F_NEW_TARGET
928682,"Stojanovic, Andjelija",SRB,F,WGM,WGM,,,2262,0,20,1987,w,True,928682,1987-11-12,wikidata_exact_year_agrees,north,resolved_unique_birthplace,Q15210056,Q3711,Belgrade,44.81777778,20.45694444,True,,2023-01,F,False,73,0.3844013022332794,丁卯,辛亥,乙丑,乙,木,1,食神|比肩|七杀|正印|比肩|偏财,0,0,F_NEW_TARGET
1172883,"Rudzinska, Michalina",POL,F,WFM,WFM,,,2256,0,20,2002,w,True,1172883,2002-01-22,wikidata_exact_year_agrees,north,resolved_unique_birthplace,Q108386650,Q236083,Suwałki,54.1,22.93333333,True,,2023-01,F,False,75,0.3345491934383008,辛巳,辛丑,庚寅,庚,金,-1,劫财|七杀|劫财|正印|比肩|偏财,0,0,F_NEW_TARGET
2915235,"Antova, Gabriela",BUL,F,FM,WIM,,,2255,18,20,2002,w,True,2915235,2002-01-06,wikidata_exact_year_agrees,north,resolved_unique_birthplace,Q47543906,Q219,Bulgaria,42.75,25.5,True,,2023-01,F,False,76,0.3262405086391377,辛巳,辛丑,甲戌,甲,木,-1,正官|食神|正官|正财|比肩|偏财,0,0,F_NEW_TARGET
1194763,"Waszczuk, Patrycja",POL,F,WFM,WFM,,,2251,0,20,2003,w,True,1194763,2003-06-17,wikidata_exact_year_agrees,north,resolved_unique_birthplace,Q83732434,Q37333,Lublin,51.25,22.56666667,True,,2023-01,F,False,77,0.2930057694424853,癸未,戊午,辛酉,辛,金,1,食神|偏印|正印|七杀|比肩|比肩,0,1,F_NEW_TARGET
872342,"Gueci, Tea",ITA,F,WIM,WIM,FI,,2250,9,20,1999,w,True,872342,1999-12-26,wikidata_exact_year_agrees,north,resolved_unique_birthplace,Q28481117,Q2656,Palermo,38.11565806,13.36126194,True,,2023-01,F,False,78,0.2846970846433223,己卯,丙子,壬子,壬,水,1,正官|伤官|偏财|劫财|比肩|劫财,1,0,F_NEW_TARGET
13402625,"Khalafova, Narmin",AZE,F,WGM,WGM,,,2246,2,20,1994,w,True,13402625,1994-12-01,wikidata_exact_year_agrees,north,resolved_unique_birthplace,Q27597806,Q9248,Baku,40.36665556,49.83518333,True,,2023-01,F,False,79,0.2514623454466699,甲戌,乙亥,辛酉,辛,金,1,正财|正印|偏财|伤官|比肩|比肩,1,0,F_NEW_TARGET
4503082,"Olde, Margareth",EST,F,WIM,WIM,,,2244,0,20,2000,w,True,4503082,2000-11-15,wikidata_exact_year_agrees,north,resolved_unique_birthplace,Q29906774,Q1770,Tallinn,59.43722222,24.745,True,,2023-01,F,False,80,0.2348449758483437,庚辰,丁亥,丁丑,丁,火,-1,正财|伤官|比肩|正官|比肩|食神,1,0,F_NEW_TARGET
1009311,"Bensdorp-De Labaca, Marlies",NED,F,WIM,WIM,,,2239,1,20,1985,w,True,1009311,1985-08-05,wikidata_exact_year_agrees,north,resolved_unique_birthplace,Q1814988,Q932008,Maarssen,52.1408,5.0394,True,,2023-01,F,False,81,0.1933015518525282,乙丑,癸未,丙子,丙,火,1,正印|伤官|正官|伤官|比肩|正官,2,0,F_NEW_TARGET
16500270,"Blagojevic, Tijana",SRB,F,WIM,WIM,,,2238,0,20,1997,w,True,16500270,1997-07-20,wikidata_exact_year_agrees,north,resolved_unique_birthplace,Q27597848,Q200733,Nikšić,42.7731,18.94446,True,,2023-01,F,False,82,0.1849928670533651,丁丑,丁未,癸亥,癸,水,-1,偏财|七杀|偏财|七杀|比肩|劫财,0,0,F_NEW_TARGET
1213776,"Sgircea, Silvia-Raluca",ROU,F,WIM,WIM,FT,,2237,0,20,1989,w,True,1213776,1989-07-11,wikidata_exact_year_agrees,north,resolved_unique_birthplace,Q1321755,Q193890,Drobeta-Turnu Severin,44.63611111,22.65555556,True,,2023-01,F,False,83,0.1766841822542021,己巳,辛未,壬申,壬,水,1,正官|偏财|正印|正官|比肩|偏印,0,1,F_NEW_TARGET
5212499,"Frayna, Janelle Mae",PHI,F,WGM,WGM,,,2234,11,20,1996,w,True,5212499,1996-05-19,wikidata_exact_year_agrees,north,resolved_unique_birthplace,Q27598235,Q1696,Legazpi,13.13333333,123.73333333,True,,2023-01,F,False,84,0.1517581278567128,丙子,癸巳,丙辰,丙,火,1,比肩|正官|正官|比肩|比肩|食神,0,0,F_NEW_TARGET
5024528,"Pujari, Rucha",IND,F,WIM,WIM,,,2229,0,20,1994,w,True,5024528,1994-07-02,wikidata_exact_year_agrees,north,resolved_unique_birthplace,Q17486619,Q209698,Kolhapur,16.7,74.23333333,True,,2023-01,F,False,85,0.1102147038608973,甲戌,庚午,己丑,己,土,-1,正官|劫财|伤官|偏印|比肩|比肩,1,1,F_NEW_TARGET
14134039,"Martynkova, Olena",LTU,F,WIM,WIM,,,2227,0,20,2000,w,True,14134039,2000-09-22,wikidata_exact_year_agrees,north,resolved_unique_birthplace,Q28479353,Q33613,Kramatorsk,48.73916667,37.58388889,True,,2023-01,F,False,86,0.0935973342625711,庚辰,乙酉,癸未,癸,水,-1,正印|正官|食神|偏印|比肩|七杀,0,1,F_NEW_TARGET
4165012,"Paramzina, Anastasya",FID,F,WGM,WGM,,,2227,0,20,1998,w,True,4165012,1998-05-30,wikidata_exact_year_agrees,north,resolved_unique_birthplace,Q28480672,Q649,Moscow,55.75055556,37.6175,True,,2023-01,F,False,86,0.0935973342625711,戊寅,丁巳,丁丑,丁,火,-1,伤官|正印|比肩|劫财|比肩|食神,1,0,F_NEW_TARGET
4163591,"Nebolsina, Vera",FRA,F,WGM,WGM,,,2226,1,20,1989,w,True,4163591,1989-12-16,wikidata_exact_year_agrees,north,resolved_unique_birthplace,Q450542,Q976,Tomsk,56.48861111,84.95222222,True,,2023-01,F,False,88,0.085288649463408,己巳,丙子,庚戌,庚,金,-1,正印|七杀|七杀|伤官|比肩|偏印,1,1,F_NEW_TARGET
25013971,"Salonika, Saina",IND,F,WIM,WIM,,,2223,0,20,2003,w,True,25013971,2003-08-05,wikidata_exact_year_agrees,north,resolved_unique_birthplace,Q28479766,Q22048,Odisha,20.15,83.5,True,,2023-01,F,False,89,0.0603625950659188,癸未,己未,庚戌,庚,金,-1,伤官|正印|正印|正印|比肩|偏印,1,1,F_NEW_TARGET
4135504,"Zakurdjaeva, Irina",RUS,F,WGM,WGM,,,2212,0,20,1982,w,True,4135504,1982-11-30,wikidata_exact_year_agrees,north,resolved_unique_birthplace,Q1672675,Q649,Moscow,55.75055556,37.6175,True,,2023-01,F,False,90,-0.0310329377248752,壬戌,辛亥,丁巳,丁,火,-1,正官|伤官|偏财|正官|比肩|劫财,1,0,F_NEW_TARGET
8602867,"Zhang, Jilin",AUS,F,WGM,WGM,,,2212,0,20,1986,w,True,8602867,1986-06-24,wikidata_exact_year_agrees,north,resolved_unique_birthplace,Q197212,Q42956,Harbin,45.75,126.63333333,True,,2023-01,F,False,90,-0.0310329377248752,丙寅,甲午,己亥,己,土,-1,正印|正官|正官|偏印|比肩|正财,0,1,F_NEW_TARGET
1033662,"Ratsma, Rosa",NED,F,WIM,WIM,,,2210,1,20,1996,w,True,1033662,1996-10-17,wikidata_exact_year_agrees,north,resolved_unique_birthplace,Q23888891,Q43631,Leiden,52.16,4.49,True,,2023-01,F,False,92,-0.0476503073232013,丙子,戊戌,丁亥,丁,火,-1,劫财|七杀|伤官|伤官|比肩|正官,2,0,F_NEW_TARGET
928615,"Chelushkina, Irina",SRB,F,WGM,WGM,,,2207,9,10,1961,w,True,928615,1961-02-01,wikidata_exact_year_agrees,north,resolved_unique_birthplace,Q4508636,Q156732,Kherson,46.6425,32.625,True,,2023-01,F,False,93,-0.0725763617206906,庚子,己丑,乙丑,乙,木,1,正官|偏印|偏财|偏财|比肩|偏财,0,1,F_NEW_TARGET
1204327,"Sandu, Mihaela",ROU,F,WGM,WGM,,,2206,0,20,1977,w,True,1204327,1977-02-19,wikidata_exact_year_agrees,north,resolved_unique_birthplace,Q11780560,Q179585,Ploiești,44.94111111,26.0225,True,,2023-01,F,False,94,-0.0808850465198537,丁巳,壬寅,丁未,丁,火,-1,比肩|劫财|正官|正印|比肩|食神,0,0,F_NEW_TARGET
13702971,"Dauletova, Gulmira",KAZ,F,WGM,WGM,"SI,FI",,2204,0,20,1988,w,True,13702971,1988-04-13,wikidata_exact_year_agrees,north,resolved_unique_birthplace,Q24352859,Q4208478,Qazyqurt,41.75979,69.38798,True,,2023-01,F,False,95,-0.0975024161181799,戊辰,丙辰,戊戌,戊,土,1,比肩|比肩|偏印|比肩|比肩|比肩,0,1,F_NEW_TARGET
200468,"Goossens, Hanne",BEL,F,WIM,WIM,,,2204,0,20,1992,w,True,200468,1992-10-09,wikidata_exact_year_agrees,north,resolved_unique_birthplace,Q28479395,Q118958,Leuven,50.8775,4.704444,True,,2023-01,F,False,95,-0.0975024161181799,壬申,庚戌,戊午,戊,土,1,偏财|食神|食神|比肩|比肩|正印,0,0,F_NEW_TARGET
24654027,"Bluhm, Sonja Maria",GER,F,WIM,WIM,,,2202,0,20,1998,w,True,24654027,1998-01-10,wikidata_exact_year_agrees,north,resolved_unique_birthplace,Q28479733,Q3802,Hanau,50.13277778,8.91694444,True,,2023-01,F,False,97,-0.1141197857165061,丁丑,癸丑,丁巳,丁,火,-1,比肩|食神|七杀|食神|比肩|劫财,0,0,F_NEW_TARGET
24612928,"Mader, Manuela",GER,F,WIM,WIM,,,2202,0,20,1990,w,True,24612928,1990-12-13,wikidata_exact_year_agrees,north,resolved_unique_birthplace,Q1891818,Q545164,Malsch,48.88083333,8.33416667,True,,2023-01,F,False,97,-0.1141197857165061,庚午,戊子,壬子,壬,水,1,偏印|正财|七杀|劫财|比肩|劫财,0,1,F_NEW_TARGET
12902373,"Sieber, Fiona",GER,F,WIM,WIM,,,2202,7,20,2000,w,True,12902373,2000-02-14,wikidata_exact_year_agrees,north,resolved_unique_birthplace,Q27758119,Q2916,Osnabrück,52.27888889,8.04305556,True,,2023-01,F,False,97,-0.1141197857165061,庚辰,戊寅,壬寅,壬,水,1,偏印|七杀|七杀|食神|比肩|食神,0,1,F_NEW_TARGET
505161,"Zhou, Qiyu",CAN,F,FM,WGM,,,2201,0,20,2000,w,True,505161,2000-01-06,wikidata_exact_year_agrees,north,resolved_unique_birthplace,Q20908930,Q71247,Jingzhou,30.32444444,112.23611111,True,,2023-01,F,False,100,-0.1224284705156692,己卯,丁丑,癸亥,癸,水,-1,七杀|食神|偏财|七杀|比肩|劫财,0,0,F_NEW_TARGET
1152254,"Kubicka, Anna",POL,F,WIM,WIM,,,2200,9,20,1999,w,True,1152254,1999-06-08,wikidata_exact_year_agrees,north,resolved_unique_birthplace,Q20829555,Q105084,Gliwice,50.29416667,18.66583333,True,,2023-01,F,False,101,-0.1307371553148323,己卯,庚午,辛卯,辛,金,1,偏印|偏财|劫财|七杀|比肩|偏财,0,1,F_NEW_TARGET
4404564,"Rodriguez Rueda, Paula Andrea",COL,F,IM,WIM,,,2197,0,20,1996,w,True,4404564,1996-07-07,wikidata_exact_year_agrees,north,resolved_unique_birthplace,Q19973685,Q739,Colombia,4.0,-73.25,True,,2023-01,F,False,102,-0.1556632097123216,丙子,乙未,乙巳,乙,木,1,伤官|偏印|比肩|偏财|比肩|伤官,2,1,F_NEW_TARGET
2270757,"Foisor, Mihaela-Veronica",ROU,F,WIM,WIM,,,2195,0,20,1994,w,True,2270757,1994-03-26,wikidata_exact_year_agrees,north,resolved_unique_birthplace,Q1932748,Q83404,Timișoara,45.75972222,21.23,True,,2023-01,F,False,103,-0.1722805793106477,甲戌,丁卯,辛亥,辛,金,1,正财|正印|七杀|偏财|比肩|伤官,1,0,F_NEW_TARGET
4001249,"Steil-Antoni, Fiona",LUX,F,WIM,WIM,,,2195,1,20,1989,w,True,4001249,1989-01-10,wikidata_exact_year_agrees,north,resolved_unique_birthplace,Q15527077,Q751569,Niederkorn,49.53611111,5.89083333,True,,2023-01,F,False,103,-0.1722805793106477,戊辰,乙丑,庚午,庚,金,-1,偏印|偏印|正财|正印|比肩|正官,0,2,F_NEW_TARGET
14102404,"Rudolph, Anna",GER,F,WIM,WIM,FT,,2194,0,20,1978,w,True,14102404,1978-03-22,wikidata_exact_year_agrees,north,resolved_unique_birthplace,Q563119,Q7525,Sevastopol,44.605,33.5225,True,,2023-01,F,False,105,-0.1805892641098108,戊午,乙卯,癸未,癸,水,-1,正官|偏财|食神|食神|比肩|七杀,0,0,F_NEW_TARGET
13301926,"Andriasyan, Siranush",ARM,F,WIM,WIM,,,2192,0,20,1986,w,True,13301926,1986-01-04,wikidata_exact_year_agrees,north,resolved_unique_birthplace,Q2786705,Q183394,Vagharshapat,40.17277778,44.2925,True,,2023-01,F,False,106,-0.197206633708137,乙丑,戊子,戊申,戊,土,1,正官|劫财|比肩|正财|比肩|食神,0,0,F_NEW_TARGET
4679326,"Czaeczine, Anne",GER,F,WIM,WIM,,,2191,0,20,1985,w,True,4679326,1985-08-23,wikidata_exact_year_agrees,north,resolved_unique_birthplace,Q27598223,Q3778,Zwickau,50.71888889,12.49611111,True,,2023-01,F,False,107,-0.2055153185073001,乙丑,甲申,甲午,甲,木,-1,劫财|正财|比肩|七杀|比肩|伤官,1,0,F_NEW_TARGET
1134299,"Lach, Aleksandra",POL,F,WIM,WIM,,,2191,0,20,1995,w,True,1134299,1995-01-02,wikidata_exact_year_agrees,north,resolved_unique_birthplace,Q9146599,Q764943,Olkusz,50.27916667,19.55972222,True,,2023-01,F,False,107,-0.2055153185073001,甲戌,丙子,癸巳,癸,水,-1,伤官|正官|正财|比肩|比肩|正财,1,0,F_NEW_TARGET
14126869,"Potapova, Margarita",RUS,F,WIM,WIM,,,2191,0,20,2000,w,True,14126869,2000-10-31,wikidata_exact_year_agrees,north,resolved_unique_birthplace,Q28479364,Q157065,Kerch,45.33861111,36.46805556,True,,2023-01,F,False,107,-0.2055153185073001,庚辰,丙戌,壬戌,壬,水,1,偏印|七杀|偏财|七杀|比肩|七杀,0,1,F_NEW_TARGET
12801496,"Zaksaite, Salomeja",LTU,F,WIM,WIM,,,2187,0,20,1985,w,True,12801496,1985-07-25,wikidata_exact_year_agrees,north,resolved_unique_birthplace,Q541305,Q4115712,Kaunas,54.9,23.93333333,True,,2023-01,F,False,110,-0.2387500577039525,乙丑,癸未,乙丑,乙,木,1,比肩|偏财|偏印|偏财|比肩|偏财,0,1,F_NEW_TARGET
1130790,"Warakomska, Anna",POL,F,WGM,WGM,,,2186,1,20,1992,w,True,1130790,1992-09-03,wikidata_exact_year_agrees,north,resolved_unique_birthplace,Q9155785,Q236083,Suwałki,54.1,22.93333333,True,,2023-01,F,False,111,-0.2470587425031156,壬申,戊申,壬午,壬,水,1,比肩|偏印|七杀|偏印|比肩|正财,0,2,F_NEW_TARGET
4681410,"Schoene, Maria",GER,F,WIM,WIM,,,2185,0,20,1987,w,True,4681410,1987-04-23,wikidata_exact_year_agrees,north,resolved_unique_birthplace,Q1896315,Q81736,Großröhrsdorf,51.14194444,14.01388889,True,,2023-01,F,False,112,-0.2553674273022787,丁卯,甲辰,壬寅,壬,水,1,正财|伤官|食神|七杀|比肩|食神,1,0,F_NEW_TARGET
21807663,"Wikar, Martyna",POL,F,WFM,WFM,,,2185,0,40,2005,w,True,21807663,2005-04-06,wikidata_exact_year_agrees,north,resolved_unique_birthplace,Q109386665,Q93323,Chrzanów,50.13333333,19.4,True,,2023-01,F,False,112,-0.2553674273022787,乙酉,庚辰,庚申,庚,金,-1,正财|劫财|比肩|偏印|比肩|比肩,0,1,F_NEW_TARGET
711861,"Ivan-Gal, Hanna Krisztina",HUN,F,WFM,WFM,,,2184,9,20,1998,w,True,711861,1998-10-30,wikidata_exact_year_agrees,north,resolved_unique_birthplace,Q109417830,Q79880,Debrecen,47.53,21.63916667,True,,2023-01,F,False,114,-0.2636761121014417,戊寅,壬戌,庚戌,庚,金,-1,偏印|偏财|食神|偏印|比肩|偏印,0,3,F_NEW_TARGET
14149893,"Demchenko, Svitlana",CAN,F,WIM,WIM,,,2183,0,20,2003,w,True,14149893,2003-10-04,wikidata_exact_year_agrees,north,resolved_unique_birthplace,Q28479336,Q212,Ukraine,49.0,32.0,True,,2023-01,F,False,115,-0.2719847969006048,癸未,辛酉,庚戌,庚,金,-1,伤官|正印|劫财|劫财|比肩|偏印,1,1,F_NEW_TARGET
13302540,"Aghabekian, Liana",LUX,F,WIM,WIM,,,2182,1,20,1986,w,True,13302540,1986-01-15,wikidata_exact_year_agrees,north,resolved_unique_birthplace,Q27597755,Q62337,Vanadzor,40.81277778,44.48833333,True,,2023-01,F,False,116,-0.280293481699768,乙丑,己丑,己未,己,土,-1,七杀|比肩|比肩|比肩|比肩|比肩,0,0,F_NEW_TARGET
704814,"Havanecz, Bianka",HUN,F,WIM,WIM,,,2181,11,20,1994,w,True,704814,1994-01-24,wikidata_exact_year_agrees,north,resolved_unique_birthplace,Q27598346,Q28,Hungary,47.0,19.0,True,,2023-01,F,False,117,-0.288602166498931,癸酉,乙丑,庚戌,庚,金,-1,伤官|劫财|正财|正印|比肩|偏印,1,1,F_NEW_TARGET
318779,"Kulovana, Eva",CZE,F,WGM,WGM,,,2180,0,20,1987,w,True,318779,1987-10-28,wikidata_exact_year_agrees,north,resolved_unique_birthplace,Q523375,Q33946,Czechoslovakia,50.08333333,14.41666667,True,,2023-01,F,False,118,-0.2969108512980941,丁卯,庚戌,庚戌,庚,金,-1,正官|正财|比肩|偏印|比肩|偏印,0,2,F_NEW_TARGET
1009877,"Van Weersel, Arlette",NED,F,WIM,WIM,,,2180,1,20,1984,w,True,1009877,1984-10-21,wikidata_exact_year_agrees,north,resolved_unique_birthplace,Q675255,Q9833,Etten-Leur,51.5706,4.6356,True,,2023-01,F,False,118,-0.2969108512980941,甲子,甲戌,戊子,戊,土,1,七杀|正财|七杀|比肩|比肩|正财,0,0,F_NEW_TARGET
1205480,"Ionica, Iulia-Ionela",ROU,F,WGM,WGM,,,2177,0,20,1980,w,True,1205480,1980-07-04,wikidata_exact_year_agrees,north,resolved_unique_birthplace,Q1585871,Q19660,Bucharest,44.41336111,26.09777778,True,,2023-01,F,False,120,-0.3218369056955834,庚申,壬午,戊寅,戊,土,1,食神|食神|偏财|正印|比肩|七杀,0,0,F_NEW_TARGET
24173606,"Afonasieva, Anna",RUS,F,WIM,WIM,,,2174,9,20,2001,w,True,24173606,2001-02-18,wikidata_exact_year_agrees,north,resolved_unique_birthplace,Q28479808,Q175651,Obninsk,55.1,36.61666667,True,,2023-01,F,False,121,-0.3467629600930726,辛巳,庚寅,壬子,壬,水,1,正印|偏财|偏印|食神|比肩|劫财,0,1,F_NEW_TARGET
13402951,"Kazimova, Narmin",AZE,F,WGM,WGM,,,2174,0,20,1993,w,True,13402951,1993-07-28,wikidata_exact_year_agrees,north,multiple_birthplaces_same_hemisphere,Q4251317,Q230104;Q9248,Baku;Nakhchivan,39.20888889;40.36665556,45.41222222;49.83518333,True,,2023-01,F,False,121,-0.3467629600930726,癸酉,己未,庚戌,庚,金,-1,伤官|劫财|正印|正印|比肩|偏印,1,1,F_NEW_TARGET
13401823,"Isgenderova, Hayale",TUR,F,WIM,WIM,,,2173,0,20,1988,w,True,13401823,1988-10-20,wikidata_exact_year_agrees,north,resolved_unique_birthplace,Q4203842,Q9248,Baku,40.36665556,49.83518333,True,,2023-01,F,False,123,-0.3550716448922358,戊辰,壬戌,戊申,戊,土,1,比肩|比肩|偏财|比肩|比肩|食神,0,0,F_NEW_TARGET
2909995,"Galunova, Tsveta",BUL,F,WIM,WIM,,,2172,0,20,1995,w,True,2909995,1995-08-04,wikidata_exact_year_agrees,north,resolved_unique_birthplace,Q108684522,Q173474,Veliko Tarnovo,43.078652,25.628291,True,,2023-01,F,False,124,-0.3633803296913989,乙亥,癸未,丁卯,丁,火,-1,偏印|正官|七杀|食神|比肩|偏印,0,2,F_NEW_TARGET
873349,"Movileanu, Daniela",ITA,F,WIM,WIM,,,2169,0,20,1996,w,True,873349,1996-12-02,wikidata_exact_year_agrees,north,resolved_unique_birthplace,Q28481130,Q192265,Focșani,45.69972222,27.17972222,True,,2023-01,F,False,125,-0.3883063840888882,丙子,己亥,癸酉,癸,水,-1,正财|比肩|七杀|劫财|比肩|偏印,0,1,F_NEW_TARGET
54180058,"Shukhman, Anna",RUS,F,WFM,WFM,,,2168,4,40,2009,w,True,54180058,2009-05-06,wikidata_exact_year_agrees,north,resolved_unique_birthplace,Q83732441,Q5337,Orenburg,51.76666667,55.1,True,,2023-01,F,False,126,-0.3966150688880512,己丑,己巳,辛亥,辛,金,1,偏印|偏印|偏印|正官|比肩|伤官,1,3,F_NEW_TARGET
8602611,"Gu, Xiaobing",CHN,F,WGM,WGM,,,2167,0,20,1985,w,True,8602611,1985-07-12,wikidata_exact_year_agrees,north,resolved_unique_birthplace,Q5613144,Q1028116,Xinghua,32.93868,119.84036,True,,2023-01,F,False,127,-0.4049237536872143,乙丑,癸未,壬子,壬,水,1,伤官|正官|劫财|正官|比肩|劫财,1,0,F_NEW_TARGET
14107244,"Tarleva, Diana",UKR,F,WGM,WGM,,,2166,0,20,1988,w,True,14107244,1988-05-24,wikidata_exact_year_agrees,north,resolved_unique_birthplace,Q12079260,Q9248,Baku,40.36665556,49.83518333,True,,2023-01,F,False,128,-0.4132324384863774,戊辰,丁巳,己卯,己,土,-1,劫财|劫财|偏印|正印|比肩|七杀,0,1,F_NEW_TARGET
1033689,"Kazarian, Anna-Maja",NED,F,FM,WIM,,,2165,1,20,2000,w,True,1033689,2000-01-07,wikidata_exact_year_agrees,north,resolved_unique_birthplace,Q42841194,Q574558,Heerenveen,52.9658,6.0503,True,,2023-01,F,False,129,-0.4215411232855405,己卯,丁丑,甲子,甲,木,-1,正财|劫财|伤官|正财|比肩|正印,1,0,F_NEW_TARGET
1033697,"Keetman, Maaike",NED,F,WFM,WFM,,,2165,1,20,1999,w,True,1033697,1999-03-18,wikidata_exact_year_agrees,north,resolved_unique_birthplace,Q54946041,Q9930,Heerhugowaard,52.668,4.841,True,,2023-01,F,False,129,-0.4215411232855405,己卯,丁卯,己巳,己,土,-1,比肩|七杀|偏印|七杀|比肩|正印,0,1,F_NEW_TARGET
932353,"Dolnik-Domany, Zsofia",HUN,F,WIM,WIM,,,2163,0,20,1988,w,True,932353,1988-09-08,wikidata_exact_year_agrees,north,resolved_unique_birthplace,Q227415,Q571136,Senta,45.93138889,20.09,True,,2023-01,F,False,131,-0.4381584928838667,戊辰,辛酉,丙寅,丙,火,1,食神|食神|正财|正财|比肩|偏印,0,1,F_NEW_TARGET
850810,"Santeramo, Alessia Carmen",ITA,F,WFM,WFM,,,2162,0,20,1998,w,True,850810,1998-10-02,wikidata_exact_year_agrees,north,resolved_unique_birthplace,Q28480788,Q13470,Barletta,41.31666667,16.28333333,True,,2023-01,F,False,132,-0.4464671776830298,戊寅,辛酉,壬午,壬,水,1,七杀|食神|正印|正印|比肩|正财,0,0,F_NEW_TARGET
11602252,"Ni, Viktorija",USA,F,WIM,WIM,,,2161,0,20,1991,w,True,11602252,1991-12-30,wikidata_exact_year_agrees,north,resolved_unique_birthplace,Q2524571,Q1773,Riga,56.9475,24.10694444,True,,2023-01,F,False,133,-0.4547758624821928,辛未,庚子,甲戌,甲,木,-1,正官|正财|七杀|正印|比肩|偏财,0,0,F_NEW_TARGET
13303627,"Gaboyan, Susanna",ARM,F,WIM,WIM,,,2158,10,20,1996,w,True,13303627,1996-08-25,wikidata_exact_year_agrees,north,resolved_unique_birthplace,Q55229637,Q1953,Yerevan,40.18138889,44.51444444,True,,2023-01,F,False,134,-0.4797019168796821,丙子,丙申,甲午,甲,木,-1,食神|正印|食神|七杀|比肩|伤官,1,0,F_NEW_TARGET
3520420,"Obregon Garcia, Roxangel",CUB,F,WIM,WIM,,,2158,10,20,2003,w,True,3520420,2003-01-30,wikidata_exact_year_agrees,north,resolved_unique_birthplace,Q69047122,Q211590,Santa Clara,22.40666667,-79.95305556,True,,2023-01,F,False,134,-0.4797019168796821,壬午,癸丑,癸卯,癸,水,-1,劫财|偏财|比肩|七杀|比肩|食神,0,0,F_NEW_TARGET
2219344,"Hernandez Estevez, Yudania",ESP,F,WIM,WIM,FT,,2154,0,20,1973,w,True,2219344,1973-09-13,wikidata_exact_year_agrees,north,resolved_unique_birthplace,Q6170461,Q1563,Havana,23.13666667,-82.35888889,True,,2023-01,F,False,136,-0.5129366560763345,癸丑,辛酉,壬子,壬,水,1,劫财|正官|正印|正印|比肩|劫财,0,0,F_NEW_TARGET
14201780,"Kurbonboeva, Sarvinoz",UZB,F,WGM,WGM,,,2154,0,20,1994,w,True,14201780,1994-12-06,wikidata_exact_year_agrees,north,resolved_unique_birthplace,Q27597866,Q487547,Sirdaryo Region,40.41666667,68.66666667,True,,2023-01,F,False,136,-0.5129366560763345,甲戌,乙亥,丙寅,丙,火,1,偏印|食神|正印|七杀|比肩|偏印,0,2,F_NEW_TARGET
3504476,"Collazo Hidalgo-Gato, Niala",ESP,F,WIM,WIM,FT,,2153,1,20,1983,w,True,3504476,1983-08-12,wikidata_exact_year_agrees,north,resolved_unique_birthplace,Q610602,Q2066897,Playa,23.09416667,-82.44888889,True,,2023-01,F,False,138,-0.5212453408754977,癸亥,庚申,壬申,壬,水,1,劫财|比肩|偏印|偏印|比肩|偏印,0,3,F_NEW_TARGET
2241803,"Garcia-Castany Musellas, Gal.la",ESP,F,WFM,WFM,,,2152,0,20,1997,w,True,2241803,1997-01-29,wikidata_exact_year_agrees,north,resolved_unique_birthplace,Q21197682,Q5705,Catalonia,41.85,1.56666667,True,,2023-01,F,False,139,-0.5295540256746607,丙子,辛丑,辛未,辛,金,1,正官|食神|比肩|偏印|比肩|偏印,0,2,F_NEW_TARGET
929700,"Prudnikova, Svetlana",SRB,F,WGM,WGM,,,2146,0,10,1967,w,True,929700,1967-03-18,wikidata_exact_year_agrees,north,resolved_unique_birthplace,Q275089,Q104560,Balakovo,52.03898,47.78392,True,,2023-01,F,False,140,-0.5794061344696393,丁未,癸卯,辛巳,辛,金,1,七杀|偏印|食神|偏财|比肩|正官,0,1,F_NEW_TARGET
913464,"Benderac, Ana",SRB,F,WGM,WGM,,,2141,9,20,1977,w,True,913464,1977-01-25,wikidata_exact_year_agrees,north,resolved_unique_birthplace,Q27559957,Q690052,Trebinje,42.70934,18.34871,True,,2023-01,F,False,141,-0.6209495584654547,丙辰,辛丑,壬午,壬,水,1,偏财|七杀|正印|正官|比肩|正财,0,0,F_NEW_TARGET
601632,"Haussernot, Cecile",FRA,F,WIM,WIM,,,2141,0,20,1998,w,True,601632,1998-10-22,wikidata_exact_year_agrees,north,resolved_unique_birthplace,Q5202437,Q7003,Dijon,47.32305556,5.04194444,True,,2023-01,F,False,141,-0.6209495584654547,戊寅,壬戌,壬寅,壬,水,1,七杀|食神|比肩|七杀|比肩|食神,0,0,F_NEW_TARGET
1121952,"Jakubowska, Anna",POL,F,WIM,WIM,,,2139,0,20,1988,w,True,1121952,1988-08-21,wikidata_exact_year_agrees,north,resolved_unique_birthplace,Q4767029,Q270,Warsaw,52.23,21.01111111,True,,2023-01,F,False,143,-0.6375669280637809,戊辰,庚申,戊申,戊,土,1,比肩|比肩|食神|食神|比肩|食神,0,0,F_NEW_TARGET
3900517,"Montilla Reyes, Jorcerys",COL,F,WIM,WIM,,,2139,0,20,1995,w,True,3900517,1995-08-08,wikidata_exact_year_agrees,north,resolved_unique_birthplace,Q16319559,Q842779,Maturín,9.7422774,-63.1888854,True,,2023-01,F,False,143,-0.6375669280637809,乙亥,甲申,辛未,辛,金,1,偏财|伤官|正财|劫财|比肩|偏印,1,1,F_NEW_TARGET
13412590,"Allahverdiyeva, Ayan",AZE,F,WFM,WFM,,,2138,0,40,2005,w,True,13412590,2005-02-21,wikidata_exact_year_agrees,north,resolved_unique_birthplace,Q56424592,Q9248,Baku,40.36665556,49.83518333,True,,2023-01,F,False,145,-0.645875612862944,乙酉,戊寅,丙子,丙,火,1,正印|正财|食神|偏印|比肩|正官,0,1,F_NEW_TARGET
14605511,"Vidic, Teja",SLO,F,WIM,WIM,,,2138,0,20,1998,w,True,14605511,1998-09-01,wikidata_exact_year_agrees,north,resolved_unique_birthplace,Q28479722,Q437,Ljubljana,46.05138889,14.50611111,True,,2023-01,F,False,145,-0.645875612862944,戊寅,庚申,辛亥,辛,金,1,正印|正财|劫财|劫财|比肩|伤官,1,0,F_NEW_TARGET
10609970,"Wafa, Shrook",EGY,F,WGM,WGM,,,2138,0,20,1997,w,True,10609970,1997-05-13,wikidata_exact_year_agrees,north,resolved_unique_birthplace,Q18638154,Q79,Egypt,27.0,29.0,True,,2023-01,F,False,145,-0.645875612862944,丁丑,乙巳,乙卯,乙,木,1,食神|偏财|比肩|伤官|比肩|比肩,1,0,F_NEW_TARGET
1106660,"Krupa, Monika",POL,F,WGM,WGM,,,2135,0,20,1977,w,True,1106660,1977-12-03,wikidata_exact_year_agrees,north,resolved_unique_birthplace,Q11785130,Q1799,Wrocław,51.11,17.0325,True,,2023-01,F,False,148,-0.6708016672604332,丁巳,辛亥,甲午,甲,木,-1,伤官|食神|正官|偏印|比肩|伤官,2,1,F_NEW_TARGET
308366,"Lnenickova, Gabriela",CZE,F,WIM,WIM,,,2135,1,20,1979,w,True,308366,1979-08-20,wikidata_exact_year_agrees,north,resolved_unique_birthplace,Q9265178,Q1780,Bratislava,48.14816;48.1516988,17.10674;17.1093063,True,,2023-01,F,False,148,-0.6708016672604332,己未,壬申,己未,己,土,-1,比肩|比肩|正财|伤官|比肩|比肩,1,0,F_NEW_TARGET
14902036,"Mrvova, Alena",SVK,F,WIM,WIM,,,2135,0,20,1978,w,True,14902036,1978-02-22,wikidata_exact_year_agrees,north,resolved_unique_birthplace,Q11685252,Q27007,Bardejov,49.29175;49.2926871,21.27271;21.2756031,True,,2023-01,F,False,148,-0.6708016672604332,戊午,甲寅,乙卯,乙,木,1,正财|食神|劫财|劫财|比肩|比肩,0,0,F_NEW_TARGET
4111443,"Gladisheva, Tatjana",RUS,F,WGM,WGM,,,2134,0,20,1966,w,True,4111443,1966-07-14,wikidata_exact_year_agrees,north,resolved_unique_birthplace,Q9355846,Q887,Yekaterinburg,56.83555556,60.61277778,True,,2023-01,F,False,151,-0.6791103520595964,丙午,乙未,甲戌,甲,木,-1,食神|伤官|劫财|正财|比肩|偏财,1,0,F_NEW_TARGET
14613441,"Hrescak, Ivana",SLO,F,WIM,WIM,,,2124,0,20,2000,w,True,14613441,2000-05-31,wikidata_exact_year_agrees,north,resolved_unique_birthplace,Q28479686,Q2242799,Municipality of Postojna,45.78333333,14.21666667,True,,2023-01,F,False,152,-0.7621972000512273,庚辰,辛巳,己丑,己,土,-1,伤官|劫财|食神|正印|比肩|比肩,1,0,F_NEW_TARGET
1620550,"Exler, Veronika",AUT,F,WIM,WIM,,,2119,0,20,1990,w,True,1620550,1990-12-24,wikidata_exact_year_agrees,north,resolved_unique_birthplace,Q27049182,Q1741,Vienna,48.20833333,16.3725,True,,2023-01,F,False,153,-0.8037406240470427,庚午,戊子,癸亥,癸,水,-1,正印|偏财|正官|比肩|比肩|劫财,0,0,F_NEW_TARGET
14199220,"Manko, Mariia",SUI,F,WFM,WFM,,,2119,0,40,2007,w,True,14199220,2007-11-22,wikidata_exact_year_agrees,north,resolved_unique_birthplace,Q116983811,Q70,Bern,46.94798,7.44743,True,,2023-01,F,False,153,-0.8037406240470427,丁亥,辛亥,庚申,庚,金,-1,正官|食神|劫财|食神|比肩|比肩,0,0,F_NEW_TARGET
1513621,"Machlik, Monika",NOR,F,,,,,2117,4,20,1997,w,True,1513621,1997-10-09,wikidata_exact_year_agrees,north,resolved_unique_birthplace,Q17305253,Q26087,Tromsø Municipality,69.64961,18.95701,True,,2023-01,F,False,155,-0.8203579936453689,丁丑,庚戌,甲申,甲,木,-1,伤官|正财|七杀|偏财|比肩|七杀,1,0,F_NEW_TARGET
1200518,"Visanescu, Daria-Ioana",ROU,F,WFM,WFM,,,2117,0,20,1996,w,True,1200518,1996-08-03,wikidata_exact_year_agrees,north,resolved_unique_birthplace,Q28478826,Q390156,Petrila,45.45111111,23.39805556,True,,2023-01,F,False,155,-0.8203579936453689,丙子,乙未,壬申,壬,水,1,偏财|劫财|伤官|正官|比肩|偏印,1,1,F_NEW_TARGET
14198339,"Hnatyshyn, Anastasiia",UKR,F,,,,,2114,10,40,2010,w,True,14198339,2010-06-12,wikidata_exact_year_agrees,north,resolved_unique_birthplace,Q118153378,Q36036,Lviv,49.838055;49.841952,24.023055;24.0315921,True,,2023-01,F,False,157,-0.8452840480428582,庚寅,壬午,癸巳,癸,水,-1,正印|伤官|劫财|偏财|比肩|正财,1,0,F_NEW_TARGET
13300946,"Ghukasyan, Siranush",ARM,F,WIM,WIM,,,2113,0,20,1998,w,True,13300946,1998-11-25,wikidata_exact_year_agrees,north,resolved_unique_birthplace,Q74821421,Q1953,Yerevan,40.18138889,44.51444444,True,,2023-01,F,False,158,-0.8535927328420213,戊寅,癸亥,丙子,丙,火,1,食神|偏印|正官|七杀|比肩|正官,0,1,F_NEW_TARGET
2806452,"Borsuk, Angela",ISR,F,IM,WGM,,,2110,0,20,1967,w,True,2806452,1967-08-29,wikidata_exact_year_agrees,north,resolved_unique_birthplace,Q634517,Q156732,Kherson,46.6425,32.625,True,,2023-01,F,False,159,-0.8785187872395106,丁未,戊申,乙丑,乙,木,1,食神|偏财|正财|正官|比肩|偏财,0,0,F_NEW_TARGET
1134043,"Adamowicz, Katarzyna",POL,F,WFM,WFM,,,2108,0,20,1993,w,True,1134043,1993-01-07,wikidata_exact_year_agrees,north,resolved_unique_birthplace,Q10860566,Q62868,Koszalin,54.19027778,16.18166667,True,,2023-01,F,False,160,-0.8951361568378368,壬申,癸丑,戊子,戊,土,1,偏财|食神|正财|劫财|比肩|正财,0,0,F_NEW_TARGET
8602417,"Tian, Tian",CHN,F,WGM,WGM,,,2108,0,20,1983,w,True,8602417,1983-03-25,wikidata_exact_year_agrees,north,resolved_unique_birthplace,Q530484,Q11725,Chongqing,29.55,106.50694444,True,,2023-01,F,False,160,-0.8951361568378368,癸亥,乙卯,壬子,壬,水,1,劫财|比肩|伤官|伤官|比肩|劫财,2,0,F_NEW_TARGET
10605908,"Mona, Khaled",EGY,F,WGM,WGM,SI,,2105,0,20,1994,w,True,10605908,1994-04-09,wikidata_exact_year_agrees,north,resolved_unique_birthplace,Q1943925,Q30,United States,39.828175,-98.5795,True,,2023-01,F,False,162,-0.920062211235326,甲戌,戊辰,乙丑,乙,木,1,劫财|正财|正财|正财|比肩|偏财,0,0,F_NEW_TARGET
14504111,"Jelica, Mara",CRO,F,WIM,WIM,,,2102,0,20,1974,w,True,14504111,1974-01-01,wikidata_exact_year_agrees,north,resolved_unique_birthplace,Q25990523,Q258429,Jajce,44.34025278,17.25723333,True,,2023-01,F,False,163,-0.9449882656328152,癸丑,甲子,壬寅,壬,水,1,劫财|正官|食神|劫财|比肩|食神,0,0,F_NEW_TARGET
931390,"Djukic, Sandra",SRB,F,WIM,WIM,,,2099,9,20,1988,w,True,931390,1988-06-03,wikidata_exact_year_agrees,north,resolved_unique_birthplace,Q27598413,Q129259,Niš,43.31916667,21.89611111,True,,2023-01,F,False,164,-0.9699143200303044,戊辰,丁巳,己丑,己,土,-1,劫财|劫财|偏印|正印|比肩|比肩,0,1,F_NEW_TARGET
14909626,"Rojickova, Monika",SVK,F,WFM,WFM,,,2099,1,20,1992,w,True,14909626,1992-07-02,wikidata_exact_year_agrees,north,resolved_unique_birthplace,Q28479702,Q27541,Ružomberok,49.07861111,19.30833333,True,,2023-01,F,False,164,-0.9699143200303044,壬申,丙午,己卯,己,土,-1,正财|伤官|正印|偏印|比肩|七杀,1,1,F_NEW_TARGET
5019575,"Kiran, Manisha Mohanty",IND,F,WGM,WGM,,,2096,0,20,1989,w,True,5019575,1989-04-09,wikidata_exact_year_agrees,north,resolved_unique_birthplace,Q20716646,Q171771,Bhubaneswar,20.295,85.825,True,,2023-01,F,False,166,-0.9948403744277938,己巳,戊辰,己亥,己,土,-1,比肩|正印|劫财|劫财|比肩|正财,0,0,F_NEW_TARGET
13901001,"Partac, Elena",MDA,F,WGM,WGM,,,2089,1,20,1984,w,True,13901001,1984-03-25,wikidata_exact_year_agrees,north,resolved_unique_birthplace,Q9252610,Q1014367,Călărași,47.25444444,28.30805556,True,,2023-01,F,False,167,-1.0530011680219356,甲子,丁卯,戊午,戊,土,1,七杀|正财|正印|正官|比肩|正印,0,0,F_NEW_TARGET
1126814,"Gosciniak, Maria",POL,F,WFM,WFM,,,2084,0,20,1990,w,True,1126814,1990-08-14,wikidata_exact_year_agrees,north,resolved_unique_birthplace,Q11768870,Q110011,Kołobrzeg,54.17611111,15.57611111,True,,2023-01,F,False,168,-1.094544592017751,庚午,甲申,辛亥,辛,金,1,劫财|七杀|正财|劫财|比肩|伤官,1,0,F_NEW_TARGET
942553,"Miladinovic, Lena",SRB,F,WIM,WIM,,,2084,0,20,1993,w,True,942553,1993-11-04,wikidata_exact_year_agrees,north,resolved_unique_birthplace,Q28481082,Q501420,Sotenäs Municipality,58.36666667,11.25,True,,2023-01,F,False,168,-1.094544592017751,癸酉,壬戌,己丑,己,土,-1,偏财|食神|正财|劫财|比肩|比肩,0,0,F_NEW_TARGET
12801860,"Batyte, Daiva",LTU,F,WIM,WIM,,,2083,1,20,1980,w,True,12801860,1980-08-22,wikidata_exact_year_agrees,north,resolved_unique_birthplace,Q16446863,Q977255,Plungė,55.91666667,21.85,True,,2023-01,F,False,170,-1.102853276816914,庚申,甲申,丁卯,丁,火,-1,正财|正财|正印|正财|比肩|偏印,0,1,F_NEW_TARGET
1513591,"Machlik, Edit",NOR,F,,,,,2080,0,20,1997,w,True,1513591,1997-10-09,wikidata_exact_year_agrees,north,resolved_unique_birthplace,Q17305252,Q26087,Tromsø Municipality,69.64961,18.95701,True,,2023-01,F,False,171,-1.127779331214403,丁丑,庚戌,甲申,甲,木,-1,伤官|正财|七杀|偏财|比肩|七杀,1,0,F_NEW_TARGET
3101193,"Vazquez Maccarini, Danitza",PUR,F,FM,WIM,,,2080,0,20,2000,w,True,3101193,2000-04-25,wikidata_exact_year_agrees,north,resolved_unique_birthplace,Q16225466,Q527268,Caguas,18.23333333,-66.03333333,True,,2023-01,F,False,171,-1.127779331214403,庚辰,庚辰,癸丑,癸,水,-1,正印|正官|正印|正官|比肩|七杀,0,0,F_NEW_TARGET
12560715,"Zahedifar, Anahita",IRI,F,WFM,WFM,,,2078,12,20,2003,w,True,12560715,2003-01-16,wikidata_exact_year_agrees,north,resolved_unique_birthplace,Q28479185,Q794,Iran,32.0,53.0,True,,2023-01,F,False,173,-1.1443967008127296,壬午,癸丑,己丑,己,土,-1,正财|偏印|偏财|比肩|比肩|比肩,0,1,F_NEW_TARGET
4109961,"Mednikova, Svetlana",RUS,F,WGM,WGM,,,2077,0,20,1956,w,True,4109961,1956-04-09,wikidata_exact_year_agrees,north,resolved_unique_birthplace,Q27560067,Q997429,Starokostiantyniv,49.75555556,27.22083333,True,,2023-01,F,False,174,-1.1527053856118925,丙申,壬辰,丙午,丙,火,1,比肩|偏财|七杀|食神|比肩|劫财,0,0,F_NEW_TARGET
11601701,"Krumina, Linda",LAT,F,WFM,WFM,,,2073,0,20,1984,w,True,11601701,1984-12-16,wikidata_exact_year_agrees,north,resolved_unique_birthplace,Q41799457,Q155281,Kuldīga,56.96722222,21.97,True,,2023-01,F,False,175,-1.185940124808545,甲子,丙子,甲申,甲,木,-1,比肩|正印|食神|正印|比肩|七杀,0,0,F_NEW_TARGET
32009232,"Cramling Bellon, Anna",SWE,F,WFM,WFM,,,2072,0,20,2002,w,True,32009232,2002-04-30,wikidata_exact_year_agrees,north,resolved_unique_birthplace,Q104539456,Q8851,Málaga,36.71666667,-4.41666667,True,,2023-01,F,False,176,-1.194248809607708,壬午,甲辰,戊辰,戊,土,1,偏财|正印|七杀|比肩|比肩|比肩,0,0,F_NEW_TARGET
1305620,"De Seroux, Camille",SUI,F,WIM,WIM,,,2065,0,20,1993,w,True,1305620,1993-10-02,wikidata_exact_year_agrees,north,resolved_unique_birthplace,Q28479150,Q90,Paris,48.85666667,2.35222222,True,,2023-01,F,False,177,-1.2524096032018497,癸酉,辛酉,丙辰,丙,火,1,正官|正财|正财|正财|比肩|食神,0,0,F_NEW_TARGET
1404695,"Kryger, Oksana",DEN,F,WIM,WIM,,,2064,1,20,1982,w,True,1404695,1982-09-21,wikidata_exact_year_agrees,north,resolved_unique_birthplace,Q1545231,Q1899,Kyiv,50.45,30.52361111,True,,2023-01,F,False,178,-1.2607182880010128,壬戌,己酉,丁未,丁,火,-1,正官|伤官|食神|偏财|比肩|食神,1,0,F_NEW_TARGET
44164548,"Pogorelskikh, Sofia",FID,F,WFM,WFM,,,2061,0,20,2004,w,True,44164548,2004-08-09,wikidata_exact_year_agrees,north,resolved_unique_birthplace,Q111462064,Q894,Samara,53.18333333,50.11666667,True,,2023-01,F,False,179,-1.285644342398502,甲申,壬申,庚申,庚,金,-1,偏财|比肩|食神|比肩|比肩|比肩,0,0,F_NEW_TARGET
10615873,"Moaataz, Ayah",EGY,F,WGM,WGM,,,2059,0,20,1997,w,True,10615873,1997-03-15,wikidata_exact_year_agrees,north,resolved_unique_birthplace,Q18355689,Q79,Egypt,27.0,29.0,True,,2023-01,F,False,180,-1.3022617119968285,丁丑,癸卯,丙辰,丙,火,1,劫财|伤官|正官|正印|比肩|食神,1,0,F_NEW_TARGET
14107805,"Kolba, Anastasiya",UKR,F,,,,,2056,2,20,1995,w,True,14107805,1995-11-06,wikidata_exact_year_agrees,north,resolved_unique_birthplace,Q23658831,Q156743,Ternopil,49.56666667,25.6,True,,2023-01,F,False,181,-1.3271877663943177,乙亥,丙戌,辛丑,辛,金,1,偏财|伤官|正官|正印|比肩|偏印,1,1,F_NEW_TARGET
21805172,"Dylag, Emilia",POL,F,WFM,WFM,,,2052,9,20,2004,w,True,21805172,2004-08-26,wikidata_exact_year_agrees,north,resolved_unique_birthplace,Q108318956,Q93323,Chrzanów,50.13333333,19.4,True,,2023-01,F,False,182,-1.36042250559097,甲申,壬申,丁丑,丁,火,-1,正印|正财|正官|正财|比肩|食神,0,0,F_NEW_TARGET
1004026,"Jap Tjoen San, Linda",NED,F,WIM,WIM,,,2048,1,20,1977,w,True,1004026,1977-09-01,wikidata_exact_year_agrees,north,resolved_unique_birthplace,Q1825866,Q55,Netherlands,52.31666667,5.55,True,,2023-01,F,False,183,-1.3936572447876223,丁巳,戊申,辛酉,辛,金,1,七杀|正官|正印|劫财|比肩|比肩,0,0,F_NEW_TARGET
1601601,"Mira, Helene",AUT,F,WIM,WIM,,,2044,1,20,1954,w,True,1601601,1954-11-18,wikidata_exact_year_agrees,north,resolved_unique_birthplace,Q1602000,Q1741,Vienna,48.20833333,16.3725,True,,2023-01,F,False,184,-1.4268919839842746,甲午,乙亥,戊寅,戊,土,1,七杀|正印|正官|偏财|比肩|七杀,0,0,F_NEW_TARGET
4502680,"Narva, Triin",EST,F,WFM,WFM,,,2044,0,20,1994,w,True,4502680,1994-11-12,wikidata_exact_year_agrees,north,resolved_unique_birthplace,Q16404630,Q1770,Tallinn,59.43722222,24.745,True,,2023-01,F,False,184,-1.4268919839842746,甲戌,乙亥,壬寅,壬,水,1,食神|七杀|伤官|比肩|比肩|食神,1,0,F_NEW_TARGET
12807583,"Sibajeva, Marija",LTU,F,WFM,WFM,,,2043,11,20,2002,w,True,12807583,2002-04-10,wikidata_exact_year_agrees,north,resolved_unique_birthplace,Q25495903,Q776965,Klaipėda,55.7125,21.135,True,,2023-01,F,False,186,-1.4352006687834378,壬午,甲辰,戊申,戊,土,1,偏财|正印|七杀|比肩|比肩|食神,0,0,F_NEW_TARGET
1163116,"Parol, Pola",POL,F,WFM,WFM,,,2041,0,20,2000,w,True,1163116,2000-09-28,wikidata_exact_year_agrees,north,resolved_unique_birthplace,Q108464920,Q270,Warsaw,52.23,21.01111111,True,,2023-01,F,False,187,-1.4518180383817638,庚辰,乙酉,己丑,己,土,-1,伤官|劫财|七杀|食神|比肩|比肩,1,0,F_NEW_TARGET
4627679,"Steinbacher, Claudia",GER,F,WIM,WIM,,,2039,0,20,1970,w,True,4627679,1970-01-18,wikidata_exact_year_agrees,north,resolved_unique_birthplace,Q27598298,Q58006,Zschopau,50.7469606,13.0695613,True,,2023-01,F,False,188,-1.46843540798009,己酉,丁丑,戊戌,戊,土,1,劫财|伤官|正印|劫财|比肩|比肩,1,0,F_NEW_TARGET
4508190,"Blokhin, Sofia",EST,F,WFM,WFM,,,2037,4,40,2006,w,True,4508190,2006-03-27,wikidata_exact_year_agrees,north,resolved_unique_birthplace,Q109381822,Q1770,Tallinn,59.43722222,24.745,True,,2023-01,F,False,189,-1.4850527775784164,丙戌,辛卯,乙卯,乙,木,1,伤官|正财|七杀|比肩|比肩|比肩,1,0,F_NEW_TARGET
4110129,"Titorenko, Natalia I",RUS,F,WIM,WIM,,,2034,0,20,1951,w,True,4110129,1951-01-16,wikidata_exact_year_agrees,north,resolved_unique_birthplace,Q15071624,Q158799,Berdychiv,49.89194444,28.6,True,,2023-01,F,False,190,-1.5099788319759055,庚寅,己丑,丙辰,丙,火,1,偏财|偏印|伤官|伤官|比肩|食神,2,1,F_NEW_TARGET
32070934,"Jimenez Fernandez, Rebeca",ESP,F,WFM,WFM,,,2032,11,20,2004,w,True,32070934,2004-12-17,wikidata_exact_year_agrees,north,resolved_unique_birthplace,Q108443822,Q12225,Murcia,37.98333333,-1.13027778,True,,2023-01,F,False,191,-1.5265962015742318,甲申,丙子,庚午,庚,金,-1,偏财|比肩|七杀|伤官|比肩|正官,1,0,F_NEW_TARGET
1124900,"Andrejczuk, Beata",POL,F,WFM,WFM,,,2028,0,20,1988,w,True,1124900,1988-06-22,wikidata_exact_year_agrees,north,resolved_unique_birthplace,Q9168002,Q761,Białystok,53.13235582,23.16867245,True,,2023-01,F,False,192,-1.559830940770884,戊辰,戊午,戊申,戊,土,1,比肩|比肩|比肩|正印|比肩|食神,0,0,F_NEW_TARGET
12561932,"Asadi, Motahare",IRI,F,WFM,WFM,,,2018,0,20,2004,w,True,12561932,2004-02-21,wikidata_exact_year_agrees,north,resolved_unique_birthplace,Q5867470,Q5959348,Arate,36.4656,52.8589,True,,2023-01,F,False,193,-1.642917788762515,甲申,丙寅,庚午,庚,金,-1,偏财|比肩|七杀|偏财|比肩|正官,0,0,F_NEW_TARGET
4608801,"Stangl, Anita, Dr.",GER,F,WFM,WFM,FT,,2013,0,20,1966,w,True,4608801,1966-07-04,wikidata_exact_year_agrees,north,resolved_unique_birthplace,Q28480848,Q1726,Munich,48.1375,11.575,True,,2023-01,F,False,194,-1.6844612127583305,丙午,甲午,甲子,甲,木,-1,食神|伤官|比肩|伤官|比肩|正印,2,0,F_NEW_TARGET
12802310,"Kaspute, Vesta",LTU,F,WFM,WFM,,,2009,0,20,1984,w,True,12802310,1984-12-05,wikidata_exact_year_agrees,north,resolved_unique_birthplace,Q540705,Q1719466,Panevėžys,55.725,24.36388889,True,,2023-01,F,False,195,-1.7176959519549828,甲子,乙亥,癸酉,癸,水,-1,伤官|比肩|食神|劫财|比肩|偏印,1,1,F_NEW_TARGET
21818754,"Starosta, Martyna",POL,F,WCM,WCM,,,2002,9,40,2006,w,True,21818754,2006-09-24,wikidata_exact_year_agrees,north,resolved_unique_birthplace,Q108404220,Q107094,Rybnik,50.08333333,18.5,True,,2023-01,F,False,196,-1.7758567455491243,丙戌,丁酉,丙辰,丙,火,1,比肩|食神|劫财|正财|比肩|食神,0,0,F_NEW_TARGET
1117815,"Guzik, Jolanta",POL,F,WFM,WFM,,,1998,0,20,1981,w,True,1117815,1981-12-31,wikidata_exact_year_agrees,north,resolved_unique_birthplace,Q11728060,Q158006,Jaworzno,50.2,19.275,True,,2023-01,F,False,197,-1.8090914847457769,辛酉,庚子,癸未,癸,水,-1,偏印|偏印|正印|比肩|比肩|七杀,0,2,F_NEW_TARGET
11600446,"Goldmane, Astra",LAT,F,,,,,1997,0,20,1956,w,True,11600446,1956-06-24,wikidata_exact_year_agrees,north,resolved_unique_birthplace,Q4141368,Q1773,Riga,56.9475,24.10694444,True,,2023-01,F,False,198,-1.81740016954494,丙申,甲午,壬戌,壬,水,1,偏财|偏印|食神|正财|比肩|七杀,0,1,F_NEW_TARGET
1142984,"Dmochowska, Agnieszka",POL,F,WFM,WFM,,,1977,0,20,1999,w,True,1142984,1999-01-18,wikidata_exact_year_agrees,north,resolved_unique_birthplace,Q9142232,Q1799,Wrocław,51.11,17.0325,True,,2023-01,F,False,199,-1.9835738655282016,戊寅,乙丑,庚午,庚,金,-1,偏印|偏财|正财|正印|比肩|正官,0,1,F_NEW_TARGET
11600802,"Rozlapa, Vija",LAT,F,,,,,1975,0,20,1942,w,True,11600802,1942-01-08,wikidata_exact_year_agrees,north,resolved_unique_birthplace,Q4396338,Q167668,Liepāja,56.50833333,21.01111111,True,,2023-01,F,False,200,-2.000191235126528,辛巳,辛丑,辛酉,辛,金,1,比肩|正官|比肩|偏印|比肩|比肩,0,1,F_NEW_TARGET
