cohort,analysis,group,n,mean_elo_z,median_elo_z,sd_elo_z,mean_raw_elo,median_raw_elo
1994_M,five_elements,木,100,0.10968294360955534,-0.0288970694211399,0.995434343267154,2518.55,2510.0
1994_M,five_elements,火,95,-0.037427695030908745,-0.4341017858851611,1.164805474090127,2509.4736842105262,2485.0
1994_M,five_elements,土,99,-0.1901603606199524,-0.4341017858851611,0.874946193314139,2500.050505050505,2485.0
1994_M,five_elements,金,95,0.07005818765217904,-0.0288970694211398,0.872211391311932,2516.1052631578946,2510.0
1994_M,five_elements,水,112,0.028989318645148834,-0.06941754106754194,1.0443904364054966,2513.5714285714284,2507.5
1994_M,ten_stems,甲,47,0.09869930938029661,0.0521438738716643,1.0073576311937038,2517.872340425532,2515.0
1994_M,ten_stems,乙,53,0.11942314754870945,-0.1099380127139441,0.9942911380279144,2519.1509433962265,2505.0
1994_M,ten_stems,丙,59,0.14142626902475372,-0.2720198992995526,1.2883932405298053,2520.508474576271,2495.0
1994_M,ten_stems,丁,36,-0.33054946945546676,-0.5556632008243675,0.8664964770841072,2491.3888888888887,2477.5
1994_M,ten_stems,戊,53,-0.14051950074896463,-0.4341017858851611,0.8598960841330379,2503.1132075471696,2485.0
1994_M,ten_stems,己,46,-0.24735526438435132,-0.5151427291779653,0.8980353234157816,2496.521739130435,2480.0
1994_M,ten_stems,庚,50,0.060247968200944774,-0.06941754106754194,0.9017279855049275,2515.5,2507.5
1994_M,ten_stems,辛,45,0.08095843148688363,-0.0288970694211398,0.8482340144628736,2516.777777777778,2510.0
1994_M,ten_stems,壬,64,0.07240410969486537,0.0521438738716643,1.0396369512090826,2516.25,2515.0
1994_M,ten_stems,癸,48,-0.02889706942113988,-0.31254037094595466,1.0588904183158758,2510.0,2492.5
1994_F,five_elements,木,41,0.04184897688842654,-0.0505131269412353,1.0087990223143493,2258.4146341463415,2250.0
1994_F,five_elements,火,38,-0.014406659959769454,-0.2425995312826335,1.154478683113293,2253.2894736842104,2232.5
1994_F,five_elements,土,43,-0.25855355157676957,-0.3249222760003756,0.8188214635589189,2231.046511627907,2225.0
1994_F,five_elements,金,46,0.270426269132281,0.16901419230607684,1.068276529595464,2279.2391304347825,2270.0
1994_F,five_elements,水,33,-0.07545941321933898,-0.2151586163767195,0.8652694104636232,2247.7272727272725,2235.0
1994_F,ten_stems,甲,17,0.28523453778994806,0.0043687028705927,1.2735485519916192,2280.5882352941176,2255.0
1994_F,ten_stems,乙,24,-0.13054912875015123,-0.13283587165897734,0.7528460918179779,2242.7083333333335,2242.5
1994_F,ten_stems,丙,23,0.08788453084511365,-0.2700404461885475,1.3146533364483834,2262.608695652174,2230.0
1994_F,ten_stems,丁,15,-0.17125315252725706,-0.2151586163767195,0.8734909787549837,2239.0,2235.0
1994_F,ten_stems,戊,23,-0.3106052769190292,-0.3249222760003756,0.895434654175089,2226.304347826087,2225.0
1994_F,ten_stems,己,20,-0.1986940674331711,-0.29748136109446155,0.7393464739611738,2236.5,2227.5
1994_F,ten_stems,庚,26,0.44553418097336434,0.36110059664747507,1.0387007395540402,2295.1923076923076,2287.5
1994_F,ten_stems,辛,20,0.042785983738872393,-0.4072450207181177,1.0893877690521556,2258.5,2217.5
1994_F,ten_stems,壬,22,-0.177739186959564,-0.2425995312826335,0.637643678165307,2238.409090909091,2232.5
1994_F,ten_stems,癸,11,0.12910013426111108,-0.0505131269412353,1.2136433652363898,2266.3636363636365,2250.0
2013_M,five_elements,木,110,-0.015356993635718345,-0.2897819591617169,0.9143613905252767,2599.7909090909093,2583.0
2013_M,five_elements,火,92,0.021280590036528133,-0.2979537908368278,1.0445073448913778,2602.032608695652,2582.5
2013_M,five_elements,土,91,-0.10209923167839952,-0.2407509691110512,0.9514681429795114,2594.4835164835163,2586.0
2013_M,five_elements,金,114,0.01874052794071748,-0.26526646413638405,0.9986683115783066,2601.877192982456,2584.5
2013_M,five_elements,水,94,0.07325600972406311,-0.2244073057608293,1.1064475453352496,2605.2127659574467,2587.0
2013_M,ten_stems,甲,52,0.057835188248771915,-0.25709463246127306,0.9276484146485101,2604.269230769231,2585.0
2013_M,ten_stems,乙,58,-0.08097757049767508,-0.3142974541870498,0.9052939323759447,2595.7758620689656,2581.5
2013_M,ten_stems,丙,47,-0.0265446579677174,-0.3061256225119388,1.0535959160937836,2599.1063829787236,2582.0
2013_M,ten_stems,丁,45,0.07123140461874011,-0.0936579989590541,1.0444426414883237,2605.088888888889,2595.0
2013_M,ten_stems,戊,46,-0.27237240472343704,-0.42053126596349205,0.7715748066423485,2584.0652173913045,2575.0
2013_M,ten_stems,己,45,0.0719577896565278,-0.1753763157101636,1.087004973841602,2605.133333333333,2590.0
2013_M,ten_stems,庚,57,0.14805618006264865,-0.1917199790603855,1.0950025179773162,2609.7894736842104,2589.0
2013_M,ten_stems,辛,57,-0.11057512418121365,-0.4205312659634921,0.8828440313472703,2593.964912280702,2575.0
2013_M,ten_stems,壬,51,0.2732732664527905,0.037091307842721,1.2378976480157784,2617.450980392157,2603.0
2013_M,ten_stems,癸,43,-0.16397375988442742,-0.4695622560141578,0.8833539983505823,2590.6976744186045,2572.0
2013_F,five_elements,木,37,0.07039169545237332,-0.4245328739508426,1.1469104424266903,2374.864864864865,2335.0
2013_F,five_elements,火,40,0.07144865300737004,-0.27555219000845077,1.172367196614372,2374.95,2347.0
2013_F,five_elements,土,36,-0.18037008637858942,-0.38108017446764497,0.9234046270135606,2354.6666666666665,2338.5
2013_F,five_elements,金,54,0.010913754732629668,-0.07070374958766204,0.8947681152292059,2370.074074074074,2363.5
2013_F,five_elements,水,33,0.01338004551618777,-0.2383070190228528,0.8695375586467472,2370.2727272727275,2350.0
2013_F,ten_stems,甲,18,0.05689544730744192,-0.561098500898035,1.2771194624067497,2373.777777777778,2324.0
2013_F,ten_stems,乙,19,0.08317761474757149,-0.0148359931092652,1.044045641109463,2375.8947368421054,2368.0
2013_F,ten_stems,丙,20,0.17263136751824443,-0.19485431953965526,1.3619677587196142,2383.1,2353.5
2013_F,ten_stems,丁,20,-0.029734061503504394,-0.33762747498444734,0.971966641606643,2366.8,2342.0
2013_F,ten_stems,戊,19,-0.1664303732611726,-0.2134769050324542,0.8435498965475112,2355.7894736842104,2352.0
2013_F,ten_stems,己,17,-0.19594976574511405,-0.4245328739508426,1.0316088658282219,2353.4117647058824,2335.0
2013_F,ten_stems,庚,18,0.3720999499077801,0.4569361727083087,0.9452076554997644,2399.1666666666665,2406.0
2013_F,ten_stems,辛,36,-0.16967934285494557,-0.2320994905252532,0.8232675942777373,2355.527777777778,2350.5
2013_F,ten_stems,壬,18,0.037583136426020805,-0.20726937653485455,0.7886485353636712,2372.222222222222,2352.5
2013_F,ten_stems,癸,15,-0.015663663575611848,-0.2755521900084508,0.9855538736649494,2367.9333333333334,2347.0
ALL,five_elements,木,288,0.047219881406909074,-0.16782655113752748,0.9844288647416046,2494.0868055555557,2535.0
ALL,five_elements,火,265,0.0026893445179162895,-0.3500425319796467,1.1182368829465634,2484.566037735849,2515.0
ALL,five_elements,土,269,-0.1699926825707805,-0.3798041058122037,0.8963076695480959,2469.539033457249,2500.0
ALL,five_elements,金,309,0.07061779659496997,-0.1099380127139441,0.9540290211292841,2486.967637540453,2525.0
ALL,five_elements,水,272,0.029721505397480197,-0.17580402487850993,1.023040325484472,2495.6029411764707,2527.0
ALL,ten_stems,甲,134,0.10089106361024738,-0.1099380127139441,1.0439732706597304,2501.9402985074626,2535.0
ALL,ten_stems,乙,154,0.0005189826066017425,-0.1909789560067483,0.9304430716952765,2487.253246753247,2531.5
ALL,ten_stems,丙,149,0.08436592287100844,-0.2720198992995526,1.223458458056502,2487.046979865772,2520.0
ALL,ten_stems,丁,116,-0.10222281215976245,-0.37318646094143587,0.9614985843553572,2481.3793103448274,2495.0
ALL,ten_stems,戊,141,-0.21477136608562541,-0.3530608425923568,0.8297510960317361,2464.517730496454,2500.0
ALL,ten_stems,己,128,-0.12066616401145916,-0.3897534328863238,0.9652226263077497,2475.0703125,2495.0
ALL,ten_stems,庚,151,0.1969091952136803,0.0521438738716643,1.0078965552231913,2499.291390728477,2525.0
ALL,ten_stems,辛,158,-0.05007841347734183,-0.26455726588041284,0.8860001331242581,2475.1898734177216,2517.5
ALL,ten_stems,壬,155,0.09894860614272041,-0.0148359931092652,1.04188742805626,2493.3870967741937,2525.0
ALL,ten_stems,癸,117,-0.06198961097441923,-0.3551566125626045,0.9945250540011232,2498.5384615384614,2529.0
