cohort,category,observed_count,observed_rate,expected_rate,expected_count,z,p_high,p_low
1994_M,0,312,0.6227544910179641,0.6170181382873897,309.1260872819822,0.2650123111613449,0.41387930603469825,0.623568821558922
1994_M,1,159,0.31736526946107785,0.30505730062444164,152.83370761284527,0.604878495591427,0.28618569071546424,0.7468626568671567
1994_M,2,26,0.05189620758483034,0.07135033025497772,35.74651545774384,-1.7011597611885965,0.967751612419379,0.049647517624118793
1994_M,3+,4,0.007984031936127744,0.006574230833191017,3.2936896474286996,0.38936552712347483,0.42357882105894706,0.7654617269136543
1994_F,0,129,0.6417910447761194,0.6206200452189237,124.74462908900365,0.6170873417114938,0.2913354332283386,0.7547622618869056
1994_F,1,54,0.26865671641791045,0.29943303171246094,60.18603937420465,-0.9569925522618564,0.8464576771161442,0.19264036798160092
1994_F,2,16,0.07960199004975124,0.07290547785065987,14.654001047982634,0.36547711000481903,0.39163041847907604,0.7020648967551623
1994_F,3+,2,0.009950248756218905,0.007041445217955435,1.4153304888090426,0.5026863124106997,0.41237938103094846,0.8337083145842707
2013_M,0,291,0.5808383233532934,0.6244143496822508,312.8315891908077,-2.020479320164168,0.9798010099495025,0.02534873256337183
2013_M,1,166,0.3313373253493014,0.2922849413083407,146.4347555954787,1.9518635828329556,0.029298535073246337,0.9767511624418779
2013_M,2,37,0.07385229540918163,0.07507884149359786,37.61449958829253,-0.10432557609416819,0.5612219389030548,0.5058247087645618
2013_M,3+,7,0.013972055888223553,0.008221867515810508,4.119155625421064,1.4149925270595107,0.12309384530773461,0.9416529173541323
2013_F,0,121,0.605,0.6228972977019238,124.57945954038476,-0.5290212281986915,0.7268136593170341,0.32453377331133443
2013_F,1,56,0.28,0.29465948050003743,58.931896100007485,-0.45400186520467917,0.7030648467576621,0.3575321233938303
2013_F,2,23,0.115,0.07469810614566957,14.939621229133914,2.1708802185910487,0.0263986800659967,0.9851507424628768
2013_F,3+,0,0.0,0.00774511565236919,1.549023130473838,-1.245919188717643,1.0,0.21053947302634868
