birth_year_analysis,mean_adjusted_z,n_players,domain
1922,0.5819482218684582,1,Chess
1928,2.4468686334100753,1,Chess
1930,0.2583183716597393,1,Chess
1931,1.1347245324219277,2,Chess
1932,0.3494352561202467,1,Chess
1933,-1.0102129027622724,1,Chess
1934,-1.0996766999510845,1,Chess
1935,-0.24694968727204664,4,Chess
1936,0.21136383150999305,1,Chess
1937,0.6548741201997913,4,Chess
1938,-0.002045512547127981,4,Chess
1939,0.37982852574453674,1,Chess
1940,0.39162097142673463,2,Chess
1941,0.8208054941061053,3,Chess
1942,-0.15616634052542933,4,Chess
1943,-0.13585233459121565,5,Chess
1944,0.23651832916473844,7,Chess
1945,-0.3826182421087669,6,Chess
1946,0.07673364811705323,6,Chess
1947,-0.08982069826349802,10,Chess
1948,0.15386308206000185,5,Chess
1949,-0.2364944466046887,14,Chess
1950,-0.18855620481805754,12,Chess
1951,-0.26224083232042195,13,Chess
1952,-0.2116033910836633,9,Chess
1953,-0.03413733800703885,13,Chess
1954,-0.0628995210339955,16,Chess
1955,-0.15531701074299437,15,Chess
1956,0.10871997025550266,24,Chess
1957,0.11591827559728134,13,Chess
1958,-0.35275819735050845,30,Chess
1959,0.17861947316356327,26,Chess
1960,0.2721516546155015,32,Chess
1961,0.1632695911593867,27,Chess
1962,-0.08058791685789542,27,Chess
1963,0.24045832135263126,27,Chess
1964,0.08265699278194001,34,Chess
1965,0.1874485574133361,22,Chess
1966,0.17869239409807552,34,Chess
1967,-0.14312266456479195,29,Chess
1968,0.10273219101468171,31,Chess
1969,0.034197580828936966,39,Chess
1970,-0.14690285596871747,28,Chess
1971,0.08984354312196616,32,Chess
1972,-0.0990550674944203,29,Chess
1973,0.09111796853876752,28,Chess
1974,-0.44661621285743947,32,Chess
1975,-0.004740494337660011,29,Chess
1976,-0.03427826921219857,31,Chess
1977,-0.247399935550523,39,Chess
1978,0.06895169173321314,34,Chess
1979,0.2449799988165705,27,Chess
1980,0.05043167834390158,29,Chess
1981,-0.04932730601319039,30,Chess
1982,-0.08758377846622463,30,Chess
1983,-0.1366617546856598,59,Chess
1984,-0.12087300641268275,35,Chess
1985,-0.18753861895644117,50,Chess
1986,-0.1887442208608126,52,Chess
1987,0.18681486687791887,60,Chess
1988,-0.17560155069952607,55,Chess
1989,-0.046065884240752246,55,Chess
1990,-0.12079784028663038,50,Chess
1991,0.06384443516175049,45,Chess
1992,0.10351579633943499,36,Chess
1993,-0.10659608720398321,47,Chess
1994,0.172467390644872,46,Chess
1995,-0.08225990665673284,33,Chess
1996,0.2634618419808707,30,Chess
1997,0.12880476029843543,30,Chess
1998,-0.0002008301112756852,41,Chess
1999,0.044847752090652435,39,Chess
2000,-0.12325397573520393,48,Chess
2001,-0.025088611017862913,27,Chess
2002,0.3668796537471743,31,Chess
2003,-0.2222367737563697,26,Chess
2004,-0.06384366201353556,21,Chess
2005,-0.038058660081474315,11,Chess
2006,-0.06450834559147656,11,Chess
2007,0.4721490818204549,5,Chess
2008,-0.7264015203629852,1,Chess
2009,0.2923192761688725,5,Chess
2010,0.2550140553272224,2,Chess
2011,1.6496427090690997,1,Chess
