date,n_people,Music__n,year_pillar,month_pillar,day_pillar,day_stem,month_stem,month_branch,month_main_stem,month_stem_tengod,month_order_tengod,pillar_transition_ambiguous,gregorian_year,gregorian_month,weekday
1989-01-01,80,3,戊辰,甲子,辛酉,辛,甲,子,癸,正财,食神,False,1989,1,Sunday
1989-01-02,41,1,戊辰,甲子,壬戌,壬,甲,子,癸,食神,劫财,False,1989,1,Monday
1989-01-03,52,2,戊辰,甲子,癸亥,癸,甲,子,癸,伤官,比肩,False,1989,1,Tuesday
1989-01-04,54,4,戊辰,甲子,甲子,甲,甲,子,癸,比肩,正印,False,1989,1,Wednesday
1989-01-06,52,3,戊辰,乙丑,丙寅,丙,乙,丑,己,正印,伤官,False,1989,1,Friday
1989-01-07,51,4,戊辰,乙丑,丁卯,丁,乙,丑,己,偏印,食神,False,1989,1,Saturday
1989-01-08,50,0,戊辰,乙丑,戊辰,戊,乙,丑,己,正官,劫财,False,1989,1,Sunday
1989-01-09,62,4,戊辰,乙丑,己巳,己,乙,丑,己,七杀,比肩,False,1989,1,Monday
1989-01-10,53,4,戊辰,乙丑,庚午,庚,乙,丑,己,正财,正印,False,1989,1,Tuesday
1989-01-11,62,2,戊辰,乙丑,辛未,辛,乙,丑,己,偏财,偏印,False,1989,1,Wednesday
1989-01-12,57,1,戊辰,乙丑,壬申,壬,乙,丑,己,伤官,正官,False,1989,1,Thursday
1989-01-13,52,6,戊辰,乙丑,癸酉,癸,乙,丑,己,食神,七杀,False,1989,1,Friday
1989-01-14,40,4,戊辰,乙丑,甲戌,甲,乙,丑,己,劫财,正财,False,1989,1,Saturday
1989-01-15,46,2,戊辰,乙丑,乙亥,乙,乙,丑,己,比肩,偏财,False,1989,1,Sunday
1989-01-16,48,1,戊辰,乙丑,丙子,丙,乙,丑,己,正印,伤官,False,1989,1,Monday
1989-01-17,48,2,戊辰,乙丑,丁丑,丁,乙,丑,己,偏印,食神,False,1989,1,Tuesday
1989-01-18,41,2,戊辰,乙丑,戊寅,戊,乙,丑,己,正官,劫财,False,1989,1,Wednesday
1989-01-19,46,0,戊辰,乙丑,己卯,己,乙,丑,己,七杀,比肩,False,1989,1,Thursday
1989-01-20,59,4,戊辰,乙丑,庚辰,庚,乙,丑,己,正财,正印,False,1989,1,Friday
1989-01-21,51,2,戊辰,乙丑,辛巳,辛,乙,丑,己,偏财,偏印,False,1989,1,Saturday
1989-01-22,33,4,戊辰,乙丑,壬午,壬,乙,丑,己,伤官,正官,False,1989,1,Sunday
1989-01-23,53,2,戊辰,乙丑,癸未,癸,乙,丑,己,食神,七杀,False,1989,1,Monday
1989-01-24,50,2,戊辰,乙丑,甲申,甲,乙,丑,己,劫财,正财,False,1989,1,Tuesday
1989-01-25,59,4,戊辰,乙丑,乙酉,乙,乙,丑,己,比肩,偏财,False,1989,1,Wednesday
1989-01-26,52,5,戊辰,乙丑,丙戌,丙,乙,丑,己,正印,伤官,False,1989,1,Thursday
1989-01-27,47,3,戊辰,乙丑,丁亥,丁,乙,丑,己,偏印,食神,False,1989,1,Friday
1989-01-28,47,6,戊辰,乙丑,戊子,戊,乙,丑,己,正官,劫财,False,1989,1,Saturday
1989-01-29,42,1,戊辰,乙丑,己丑,己,乙,丑,己,七杀,比肩,False,1989,1,Sunday
1989-01-30,57,5,戊辰,乙丑,庚寅,庚,乙,丑,己,正财,正印,False,1989,1,Monday
1989-01-31,65,3,戊辰,乙丑,辛卯,辛,乙,丑,己,偏财,偏印,False,1989,1,Tuesday
1989-02-01,61,4,戊辰,乙丑,壬辰,壬,乙,丑,己,伤官,正官,False,1989,2,Wednesday
1989-02-02,47,4,戊辰,乙丑,癸巳,癸,乙,丑,己,食神,七杀,False,1989,2,Thursday
1989-02-03,58,3,戊辰,乙丑,甲午,甲,乙,丑,己,劫财,正财,False,1989,2,Friday
1989-02-05,41,0,己巳,丙寅,丙申,丙,丙,寅,甲,比肩,偏印,False,1989,2,Sunday
1989-02-06,44,2,己巳,丙寅,丁酉,丁,丙,寅,甲,劫财,正印,False,1989,2,Monday
1989-02-07,53,4,己巳,丙寅,戊戌,戊,丙,寅,甲,偏印,七杀,False,1989,2,Tuesday
1989-02-08,71,6,己巳,丙寅,己亥,己,丙,寅,甲,正印,正官,False,1989,2,Wednesday
1989-02-09,45,3,己巳,丙寅,庚子,庚,丙,寅,甲,七杀,偏财,False,1989,2,Thursday
1989-02-10,53,3,己巳,丙寅,辛丑,辛,丙,寅,甲,正官,正财,False,1989,2,Friday
1989-02-11,58,2,己巳,丙寅,壬寅,壬,丙,寅,甲,偏财,食神,False,1989,2,Saturday
1989-02-12,38,5,己巳,丙寅,癸卯,癸,丙,寅,甲,正财,伤官,False,1989,2,Sunday
1989-02-13,46,4,己巳,丙寅,甲辰,甲,丙,寅,甲,食神,比肩,False,1989,2,Monday
1989-02-14,64,3,己巳,丙寅,乙巳,乙,丙,寅,甲,伤官,劫财,False,1989,2,Tuesday
1989-02-15,44,3,己巳,丙寅,丙午,丙,丙,寅,甲,比肩,偏印,False,1989,2,Wednesday
1989-02-16,54,3,己巳,丙寅,丁未,丁,丙,寅,甲,劫财,正印,False,1989,2,Thursday
1989-02-17,39,4,己巳,丙寅,戊申,戊,丙,寅,甲,偏印,七杀,False,1989,2,Friday
1989-02-18,54,3,己巳,丙寅,己酉,己,丙,寅,甲,正印,正官,False,1989,2,Saturday
1989-02-19,40,2,己巳,丙寅,庚戌,庚,丙,寅,甲,七杀,偏财,False,1989,2,Sunday
1989-02-20,52,3,己巳,丙寅,辛亥,辛,丙,寅,甲,正官,正财,False,1989,2,Monday
1989-02-21,64,6,己巳,丙寅,壬子,壬,丙,寅,甲,偏财,食神,False,1989,2,Tuesday
1989-02-22,42,2,己巳,丙寅,癸丑,癸,丙,寅,甲,正财,伤官,False,1989,2,Wednesday
1989-02-23,51,0,己巳,丙寅,甲寅,甲,丙,寅,甲,食神,比肩,False,1989,2,Thursday
1989-02-24,52,2,己巳,丙寅,乙卯,乙,丙,寅,甲,伤官,劫财,False,1989,2,Friday
1989-02-25,58,6,己巳,丙寅,丙辰,丙,丙,寅,甲,比肩,偏印,False,1989,2,Saturday
1989-02-26,41,2,己巳,丙寅,丁巳,丁,丙,寅,甲,劫财,正印,False,1989,2,Sunday
1989-02-27,53,8,己巳,丙寅,戊午,戊,丙,寅,甲,偏印,七杀,False,1989,2,Monday
1989-02-28,54,2,己巳,丙寅,己未,己,丙,寅,甲,正印,正官,False,1989,2,Tuesday
1989-03-01,69,5,己巳,丙寅,庚申,庚,丙,寅,甲,七杀,偏财,False,1989,3,Wednesday
1989-03-02,48,0,己巳,丙寅,辛酉,辛,丙,寅,甲,正官,正财,False,1989,3,Thursday
1989-03-03,54,2,己巳,丙寅,壬戌,壬,丙,寅,甲,偏财,食神,False,1989,3,Friday
1989-03-04,39,0,己巳,丙寅,癸亥,癸,丙,寅,甲,正财,伤官,False,1989,3,Saturday
1989-03-05,43,5,己巳,丙寅,甲子,甲,丙,寅,甲,食神,比肩,False,1989,3,Sunday
1989-03-06,57,1,己巳,丁卯,乙丑,乙,丁,卯,乙,食神,比肩,False,1989,3,Monday
1989-03-07,42,2,己巳,丁卯,丙寅,丙,丁,卯,乙,劫财,正印,False,1989,3,Tuesday
1989-03-08,57,4,己巳,丁卯,丁卯,丁,丁,卯,乙,比肩,偏印,False,1989,3,Wednesday
1989-03-09,46,5,己巳,丁卯,戊辰,戊,丁,卯,乙,正印,正官,False,1989,3,Thursday
1989-03-10,56,3,己巳,丁卯,己巳,己,丁,卯,乙,偏印,七杀,False,1989,3,Friday
1989-03-11,44,3,己巳,丁卯,庚午,庚,丁,卯,乙,正官,正财,False,1989,3,Saturday
1989-03-12,54,1,己巳,丁卯,辛未,辛,丁,卯,乙,七杀,偏财,False,1989,3,Sunday
1989-03-13,47,1,己巳,丁卯,壬申,壬,丁,卯,乙,正财,伤官,False,1989,3,Monday
1989-03-14,53,4,己巳,丁卯,癸酉,癸,丁,卯,乙,偏财,食神,False,1989,3,Tuesday
1989-03-15,63,3,己巳,丁卯,甲戌,甲,丁,卯,乙,伤官,劫财,False,1989,3,Wednesday
1989-03-16,43,3,己巳,丁卯,乙亥,乙,丁,卯,乙,食神,比肩,False,1989,3,Thursday
1989-03-17,55,4,己巳,丁卯,丙子,丙,丁,卯,乙,劫财,正印,False,1989,3,Friday
1989-03-18,42,3,己巳,丁卯,丁丑,丁,丁,卯,乙,比肩,偏印,False,1989,3,Saturday
1989-03-19,32,2,己巳,丁卯,戊寅,戊,丁,卯,乙,正印,正官,False,1989,3,Sunday
1989-03-20,62,3,己巳,丁卯,己卯,己,丁,卯,乙,偏印,七杀,False,1989,3,Monday
1989-03-21,68,4,己巳,丁卯,庚辰,庚,丁,卯,乙,正官,正财,False,1989,3,Tuesday
1989-03-22,51,4,己巳,丁卯,辛巳,辛,丁,卯,乙,七杀,偏财,False,1989,3,Wednesday
1989-03-23,70,2,己巳,丁卯,壬午,壬,丁,卯,乙,正财,伤官,False,1989,3,Thursday
1989-03-24,49,2,己巳,丁卯,癸未,癸,丁,卯,乙,偏财,食神,False,1989,3,Friday
1989-03-25,47,3,己巳,丁卯,甲申,甲,丁,卯,乙,伤官,劫财,False,1989,3,Saturday
1989-03-26,42,4,己巳,丁卯,乙酉,乙,丁,卯,乙,食神,比肩,False,1989,3,Sunday
1989-03-27,44,1,己巳,丁卯,丙戌,丙,丁,卯,乙,劫财,正印,False,1989,3,Monday
1989-03-28,58,6,己巳,丁卯,丁亥,丁,丁,卯,乙,比肩,偏印,False,1989,3,Tuesday
1989-03-29,50,3,己巳,丁卯,戊子,戊,丁,卯,乙,正印,正官,False,1989,3,Wednesday
1989-03-30,48,4,己巳,丁卯,己丑,己,丁,卯,乙,偏印,七杀,False,1989,3,Thursday
1989-03-31,53,4,己巳,丁卯,庚寅,庚,丁,卯,乙,正官,正财,False,1989,3,Friday
1989-04-01,42,3,己巳,丁卯,辛卯,辛,丁,卯,乙,七杀,偏财,False,1989,4,Saturday
1989-04-02,43,2,己巳,丁卯,壬辰,壬,丁,卯,乙,正财,伤官,False,1989,4,Sunday
1989-04-03,45,0,己巳,丁卯,癸巳,癸,丁,卯,乙,偏财,食神,False,1989,4,Monday
1989-04-04,57,2,己巳,丁卯,甲午,甲,丁,卯,乙,伤官,劫财,False,1989,4,Tuesday
1989-04-06,46,1,己巳,戊辰,丙申,丙,戊,辰,戊,食神,食神,False,1989,4,Thursday
1989-04-07,39,5,己巳,戊辰,丁酉,丁,戊,辰,戊,伤官,伤官,False,1989,4,Friday
1989-04-08,49,6,己巳,戊辰,戊戌,戊,戊,辰,戊,比肩,比肩,False,1989,4,Saturday
1989-04-09,44,4,己巳,戊辰,己亥,己,戊,辰,戊,劫财,劫财,False,1989,4,Sunday
1989-04-10,54,4,己巳,戊辰,庚子,庚,戊,辰,戊,偏印,偏印,False,1989,4,Monday
1989-04-11,43,2,己巳,戊辰,辛丑,辛,戊,辰,戊,正印,正印,False,1989,4,Tuesday
1989-04-12,63,3,己巳,戊辰,壬寅,壬,戊,辰,戊,七杀,七杀,False,1989,4,Wednesday
1989-04-13,43,2,己巳,戊辰,癸卯,癸,戊,辰,戊,正官,正官,False,1989,4,Thursday
1989-04-14,42,3,己巳,戊辰,甲辰,甲,戊,辰,戊,偏财,偏财,False,1989,4,Friday
1989-04-15,41,2,己巳,戊辰,乙巳,乙,戊,辰,戊,正财,正财,False,1989,4,Saturday
1989-04-16,32,1,己巳,戊辰,丙午,丙,戊,辰,戊,食神,食神,False,1989,4,Sunday
1989-04-17,51,1,己巳,戊辰,丁未,丁,戊,辰,戊,伤官,伤官,False,1989,4,Monday
1989-04-18,54,4,己巳,戊辰,戊申,戊,戊,辰,戊,比肩,比肩,False,1989,4,Tuesday
1989-04-19,47,3,己巳,戊辰,己酉,己,戊,辰,戊,劫财,劫财,False,1989,4,Wednesday
1989-04-20,48,2,己巳,戊辰,庚戌,庚,戊,辰,戊,偏印,偏印,False,1989,4,Thursday
1989-04-21,31,3,己巳,戊辰,辛亥,辛,戊,辰,戊,正印,正印,False,1989,4,Friday
1989-04-22,44,1,己巳,戊辰,壬子,壬,戊,辰,戊,七杀,七杀,False,1989,4,Saturday
1989-04-23,48,1,己巳,戊辰,癸丑,癸,戊,辰,戊,正官,正官,False,1989,4,Sunday
1989-04-24,40,2,己巳,戊辰,甲寅,甲,戊,辰,戊,偏财,偏财,False,1989,4,Monday
1989-04-25,52,4,己巳,戊辰,乙卯,乙,戊,辰,戊,正财,正财,False,1989,4,Tuesday
1989-04-26,59,4,己巳,戊辰,丙辰,丙,戊,辰,戊,食神,食神,False,1989,4,Wednesday
1989-04-27,54,2,己巳,戊辰,丁巳,丁,戊,辰,戊,伤官,伤官,False,1989,4,Thursday
1989-04-28,60,4,己巳,戊辰,戊午,戊,戊,辰,戊,比肩,比肩,False,1989,4,Friday
1989-04-29,43,5,己巳,戊辰,己未,己,戊,辰,戊,劫财,劫财,False,1989,4,Saturday
1989-04-30,43,4,己巳,戊辰,庚申,庚,戊,辰,戊,偏印,偏印,False,1989,4,Sunday
1989-05-01,54,2,己巳,戊辰,辛酉,辛,戊,辰,戊,正印,正印,False,1989,5,Monday
1989-05-02,44,4,己巳,戊辰,壬戌,壬,戊,辰,戊,七杀,七杀,False,1989,5,Tuesday
1989-05-03,57,4,己巳,戊辰,癸亥,癸,戊,辰,戊,正官,正官,False,1989,5,Wednesday
1989-05-04,54,3,己巳,戊辰,甲子,甲,戊,辰,戊,偏财,偏财,False,1989,5,Thursday
1989-05-06,47,8,己巳,己巳,丙寅,丙,己,巳,丙,伤官,比肩,False,1989,5,Saturday
1989-05-07,44,5,己巳,己巳,丁卯,丁,己,巳,丙,食神,劫财,False,1989,5,Sunday
1989-05-08,47,4,己巳,己巳,戊辰,戊,己,巳,丙,劫财,偏印,False,1989,5,Monday
1989-05-09,46,2,己巳,己巳,己巳,己,己,巳,丙,比肩,正印,False,1989,5,Tuesday
1989-05-10,56,2,己巳,己巳,庚午,庚,己,巳,丙,正印,七杀,False,1989,5,Wednesday
1989-05-11,58,4,己巳,己巳,辛未,辛,己,巳,丙,偏印,正官,False,1989,5,Thursday
1989-05-12,47,3,己巳,己巳,壬申,壬,己,巳,丙,正官,偏财,False,1989,5,Friday
1989-05-13,34,2,己巳,己巳,癸酉,癸,己,巳,丙,七杀,正财,False,1989,5,Saturday
1989-05-14,41,3,己巳,己巳,甲戌,甲,己,巳,丙,正财,食神,False,1989,5,Sunday
1989-05-15,44,5,己巳,己巳,乙亥,乙,己,巳,丙,偏财,伤官,False,1989,5,Monday
1989-05-16,48,3,己巳,己巳,丙子,丙,己,巳,丙,伤官,比肩,False,1989,5,Tuesday
1989-05-17,50,2,己巳,己巳,丁丑,丁,己,巳,丙,食神,劫财,False,1989,5,Wednesday
1989-05-18,44,2,己巳,己巳,戊寅,戊,己,巳,丙,劫财,偏印,False,1989,5,Thursday
1989-05-19,48,5,己巳,己巳,己卯,己,己,巳,丙,比肩,正印,False,1989,5,Friday
1989-05-20,42,1,己巳,己巳,庚辰,庚,己,巳,丙,正印,七杀,False,1989,5,Saturday
1989-05-21,32,4,己巳,己巳,辛巳,辛,己,巳,丙,偏印,正官,False,1989,5,Sunday
1989-05-22,42,1,己巳,己巳,壬午,壬,己,巳,丙,正官,偏财,False,1989,5,Monday
1989-05-23,33,3,己巳,己巳,癸未,癸,己,巳,丙,七杀,正财,False,1989,5,Tuesday
1989-05-24,54,4,己巳,己巳,甲申,甲,己,巳,丙,正财,食神,False,1989,5,Wednesday
1989-05-25,44,4,己巳,己巳,乙酉,乙,己,巳,丙,偏财,伤官,False,1989,5,Thursday
1989-05-26,53,5,己巳,己巳,丙戌,丙,己,巳,丙,伤官,比肩,False,1989,5,Friday
1989-05-27,39,4,己巳,己巳,丁亥,丁,己,巳,丙,食神,劫财,False,1989,5,Saturday
1989-05-28,37,3,己巳,己巳,戊子,戊,己,巳,丙,劫财,偏印,False,1989,5,Sunday
1989-05-29,53,4,己巳,己巳,己丑,己,己,巳,丙,比肩,正印,False,1989,5,Monday
1989-05-30,52,6,己巳,己巳,庚寅,庚,己,巳,丙,正印,七杀,False,1989,5,Tuesday
1989-05-31,50,3,己巳,己巳,辛卯,辛,己,巳,丙,偏印,正官,False,1989,5,Wednesday
1989-06-01,46,3,己巳,己巳,壬辰,壬,己,巳,丙,正官,偏财,False,1989,6,Thursday
1989-06-02,51,4,己巳,己巳,癸巳,癸,己,巳,丙,七杀,正财,False,1989,6,Friday
1989-06-03,48,5,己巳,己巳,甲午,甲,己,巳,丙,正财,食神,False,1989,6,Saturday
1989-06-04,36,2,己巳,己巳,乙未,乙,己,巳,丙,偏财,伤官,False,1989,6,Sunday
1989-06-05,43,4,己巳,己巳,丙申,丙,己,巳,丙,伤官,比肩,False,1989,6,Monday
1989-06-07,35,2,己巳,庚午,戊戌,戊,庚,午,丁,食神,正印,False,1989,6,Wednesday
1989-06-08,39,3,己巳,庚午,己亥,己,庚,午,丁,伤官,偏印,False,1989,6,Thursday
1989-06-09,55,6,己巳,庚午,庚子,庚,庚,午,丁,比肩,正官,False,1989,6,Friday
1989-06-10,53,5,己巳,庚午,辛丑,辛,庚,午,丁,劫财,七杀,False,1989,6,Saturday
1989-06-11,41,1,己巳,庚午,壬寅,壬,庚,午,丁,偏印,正财,False,1989,6,Sunday
1989-06-12,48,1,己巳,庚午,癸卯,癸,庚,午,丁,正印,偏财,False,1989,6,Monday
1989-06-13,50,4,己巳,庚午,甲辰,甲,庚,午,丁,七杀,伤官,False,1989,6,Tuesday
1989-06-14,60,4,己巳,庚午,乙巳,乙,庚,午,丁,正官,食神,False,1989,6,Wednesday
1989-06-15,46,0,己巳,庚午,丙午,丙,庚,午,丁,偏财,劫财,False,1989,6,Thursday
1989-06-16,39,5,己巳,庚午,丁未,丁,庚,午,丁,正财,比肩,False,1989,6,Friday
1989-06-17,32,3,己巳,庚午,戊申,戊,庚,午,丁,食神,正印,False,1989,6,Saturday
1989-06-18,37,2,己巳,庚午,己酉,己,庚,午,丁,伤官,偏印,False,1989,6,Sunday
1989-06-19,38,3,己巳,庚午,庚戌,庚,庚,午,丁,比肩,正官,False,1989,6,Monday
1989-06-20,58,3,己巳,庚午,辛亥,辛,庚,午,丁,劫财,七杀,False,1989,6,Tuesday
1989-06-21,49,3,己巳,庚午,壬子,壬,庚,午,丁,偏印,正财,False,1989,6,Wednesday
1989-06-22,54,1,己巳,庚午,癸丑,癸,庚,午,丁,正印,偏财,False,1989,6,Thursday
1989-06-23,53,4,己巳,庚午,甲寅,甲,庚,午,丁,七杀,伤官,False,1989,6,Friday
1989-06-24,43,1,己巳,庚午,乙卯,乙,庚,午,丁,正官,食神,False,1989,6,Saturday
1989-06-25,32,5,己巳,庚午,丙辰,丙,庚,午,丁,偏财,劫财,False,1989,6,Sunday
1989-06-26,44,2,己巳,庚午,丁巳,丁,庚,午,丁,正财,比肩,False,1989,6,Monday
1989-06-27,50,2,己巳,庚午,戊午,戊,庚,午,丁,食神,正印,False,1989,6,Tuesday
1989-06-28,53,4,己巳,庚午,己未,己,庚,午,丁,伤官,偏印,False,1989,6,Wednesday
1989-06-29,44,1,己巳,庚午,庚申,庚,庚,午,丁,比肩,正官,False,1989,6,Thursday
1989-06-30,39,0,己巳,庚午,辛酉,辛,庚,午,丁,劫财,七杀,False,1989,6,Friday
1989-07-01,35,2,己巳,庚午,壬戌,壬,庚,午,丁,偏印,正财,False,1989,7,Saturday
1989-07-02,40,5,己巳,庚午,癸亥,癸,庚,午,丁,正印,偏财,False,1989,7,Sunday
1989-07-03,59,5,己巳,庚午,甲子,甲,庚,午,丁,七杀,伤官,False,1989,7,Monday
1989-07-04,35,3,己巳,庚午,乙丑,乙,庚,午,丁,正官,食神,False,1989,7,Tuesday
1989-07-05,50,2,己巳,庚午,丙寅,丙,庚,午,丁,偏财,劫财,False,1989,7,Wednesday
1989-07-06,42,3,己巳,庚午,丁卯,丁,庚,午,丁,正财,比肩,False,1989,7,Thursday
1989-07-08,38,5,己巳,辛未,己巳,己,辛,未,己,食神,比肩,False,1989,7,Saturday
1989-07-09,45,4,己巳,辛未,庚午,庚,辛,未,己,劫财,正印,False,1989,7,Sunday
1989-07-10,46,2,己巳,辛未,辛未,辛,辛,未,己,比肩,偏印,False,1989,7,Monday
1989-07-11,62,4,己巳,辛未,壬申,壬,辛,未,己,正印,正官,False,1989,7,Tuesday
1989-07-12,38,3,己巳,辛未,癸酉,癸,辛,未,己,偏印,七杀,False,1989,7,Wednesday
1989-07-13,61,4,己巳,辛未,甲戌,甲,辛,未,己,正官,正财,False,1989,7,Thursday
1989-07-14,43,3,己巳,辛未,乙亥,乙,辛,未,己,七杀,偏财,False,1989,7,Friday
1989-07-15,36,4,己巳,辛未,丙子,丙,辛,未,己,正财,伤官,False,1989,7,Saturday
1989-07-16,26,1,己巳,辛未,丁丑,丁,辛,未,己,偏财,食神,False,1989,7,Sunday
1989-07-17,47,2,己巳,辛未,戊寅,戊,辛,未,己,伤官,劫财,False,1989,7,Monday
1989-07-18,46,1,己巳,辛未,己卯,己,辛,未,己,食神,比肩,False,1989,7,Tuesday
1989-07-19,39,4,己巳,辛未,庚辰,庚,辛,未,己,劫财,正印,False,1989,7,Wednesday
1989-07-20,47,4,己巳,辛未,辛巳,辛,辛,未,己,比肩,偏印,False,1989,7,Thursday
1989-07-21,61,3,己巳,辛未,壬午,壬,辛,未,己,正印,正官,False,1989,7,Friday
1989-07-22,50,6,己巳,辛未,癸未,癸,辛,未,己,偏印,七杀,False,1989,7,Saturday
1989-07-23,41,4,己巳,辛未,甲申,甲,辛,未,己,正官,正财,False,1989,7,Sunday
1989-07-24,52,2,己巳,辛未,乙酉,乙,辛,未,己,七杀,偏财,False,1989,7,Monday
1989-07-25,57,3,己巳,辛未,丙戌,丙,辛,未,己,正财,伤官,False,1989,7,Tuesday
1989-07-26,53,4,己巳,辛未,丁亥,丁,辛,未,己,偏财,食神,False,1989,7,Wednesday
1989-07-27,44,2,己巳,辛未,戊子,戊,辛,未,己,伤官,劫财,False,1989,7,Thursday
1989-07-28,48,4,己巳,辛未,己丑,己,辛,未,己,食神,比肩,False,1989,7,Friday
1989-07-29,40,3,己巳,辛未,庚寅,庚,辛,未,己,劫财,正印,False,1989,7,Saturday
1989-07-30,35,1,己巳,辛未,辛卯,辛,辛,未,己,比肩,偏印,False,1989,7,Sunday
1989-07-31,56,3,己巳,辛未,壬辰,壬,辛,未,己,正印,正官,False,1989,7,Monday
1989-08-01,51,1,己巳,辛未,癸巳,癸,辛,未,己,偏印,七杀,False,1989,8,Tuesday
1989-08-02,50,5,己巳,辛未,甲午,甲,辛,未,己,正官,正财,False,1989,8,Wednesday
1989-08-03,46,2,己巳,辛未,乙未,乙,辛,未,己,七杀,偏财,False,1989,8,Thursday
1989-08-04,47,2,己巳,辛未,丙申,丙,辛,未,己,正财,伤官,False,1989,8,Friday
1989-08-05,41,3,己巳,辛未,丁酉,丁,辛,未,己,偏财,食神,False,1989,8,Saturday
1989-08-06,34,0,己巳,辛未,戊戌,戊,辛,未,己,伤官,劫财,False,1989,8,Sunday
1989-08-08,53,1,己巳,壬申,庚子,庚,壬,申,庚,食神,比肩,False,1989,8,Tuesday
1989-08-09,49,3,己巳,壬申,辛丑,辛,壬,申,庚,伤官,劫财,False,1989,8,Wednesday
1989-08-10,53,3,己巳,壬申,壬寅,壬,壬,申,庚,比肩,偏印,False,1989,8,Thursday
1989-08-11,55,4,己巳,壬申,癸卯,癸,壬,申,庚,劫财,正印,False,1989,8,Friday
1989-08-12,39,2,己巳,壬申,甲辰,甲,壬,申,庚,偏印,七杀,False,1989,8,Saturday
1989-08-13,28,4,己巳,壬申,乙巳,乙,壬,申,庚,正印,正官,False,1989,8,Sunday
1989-08-14,32,2,己巳,壬申,丙午,丙,壬,申,庚,七杀,偏财,False,1989,8,Monday
1989-08-15,40,5,己巳,壬申,丁未,丁,壬,申,庚,正官,正财,False,1989,8,Tuesday
1989-08-16,49,6,己巳,壬申,戊申,戊,壬,申,庚,偏财,食神,False,1989,8,Wednesday
1989-08-17,54,6,己巳,壬申,己酉,己,壬,申,庚,正财,伤官,False,1989,8,Thursday
1989-08-18,47,6,己巳,壬申,庚戌,庚,壬,申,庚,食神,比肩,False,1989,8,Friday
1989-08-19,47,1,己巳,壬申,辛亥,辛,壬,申,庚,伤官,劫财,False,1989,8,Saturday
1989-08-20,34,4,己巳,壬申,壬子,壬,壬,申,庚,比肩,偏印,False,1989,8,Sunday
1989-08-21,68,2,己巳,壬申,癸丑,癸,壬,申,庚,劫财,正印,False,1989,8,Monday
1989-08-22,42,0,己巳,壬申,甲寅,甲,壬,申,庚,偏印,七杀,False,1989,8,Tuesday
1989-08-23,43,3,己巳,壬申,乙卯,乙,壬,申,庚,正印,正官,False,1989,8,Wednesday
1989-08-24,32,3,己巳,壬申,丙辰,丙,壬,申,庚,七杀,偏财,False,1989,8,Thursday
1989-08-25,40,1,己巳,壬申,丁巳,丁,壬,申,庚,正官,正财,False,1989,8,Friday
1989-08-26,31,2,己巳,壬申,戊午,戊,壬,申,庚,偏财,食神,False,1989,8,Saturday
1989-08-27,27,1,己巳,壬申,己未,己,壬,申,庚,正财,伤官,False,1989,8,Sunday
1989-08-28,37,4,己巳,壬申,庚申,庚,壬,申,庚,食神,比肩,False,1989,8,Monday
1989-08-29,47,1,己巳,壬申,辛酉,辛,壬,申,庚,伤官,劫财,False,1989,8,Tuesday
1989-08-30,43,1,己巳,壬申,壬戌,壬,壬,申,庚,比肩,偏印,False,1989,8,Wednesday
1989-08-31,44,2,己巳,壬申,癸亥,癸,壬,申,庚,劫财,正印,False,1989,8,Thursday
1989-09-01,67,10,己巳,壬申,甲子,甲,壬,申,庚,偏印,七杀,False,1989,9,Friday
1989-09-02,47,5,己巳,壬申,乙丑,乙,壬,申,庚,正印,正官,False,1989,9,Saturday
1989-09-03,26,4,己巳,壬申,丙寅,丙,壬,申,庚,七杀,偏财,False,1989,9,Sunday
1989-09-04,43,2,己巳,壬申,丁卯,丁,壬,申,庚,正官,正财,False,1989,9,Monday
1989-09-05,56,3,己巳,壬申,戊辰,戊,壬,申,庚,偏财,食神,False,1989,9,Tuesday
1989-09-06,48,1,己巳,壬申,己巳,己,壬,申,庚,正财,伤官,False,1989,9,Wednesday
1989-09-07,44,3,己巳,壬申,庚午,庚,壬,申,庚,食神,比肩,False,1989,9,Thursday
1989-09-08,50,6,己巳,癸酉,辛未,辛,癸,酉,辛,食神,比肩,False,1989,9,Friday
1989-09-09,37,2,己巳,癸酉,壬申,壬,癸,酉,辛,劫财,正印,False,1989,9,Saturday
1989-09-10,47,6,己巳,癸酉,癸酉,癸,癸,酉,辛,比肩,偏印,False,1989,9,Sunday
1989-09-11,59,5,己巳,癸酉,甲戌,甲,癸,酉,辛,正印,正官,False,1989,9,Monday
1989-09-12,59,2,己巳,癸酉,乙亥,乙,癸,酉,辛,偏印,七杀,False,1989,9,Tuesday
1989-09-13,40,2,己巳,癸酉,丙子,丙,癸,酉,辛,正官,正财,False,1989,9,Wednesday
1989-09-14,56,2,己巳,癸酉,丁丑,丁,癸,酉,辛,七杀,偏财,False,1989,9,Thursday
1989-09-15,59,4,己巳,癸酉,戊寅,戊,癸,酉,辛,正财,伤官,False,1989,9,Friday
1989-09-16,42,1,己巳,癸酉,己卯,己,癸,酉,辛,偏财,食神,False,1989,9,Saturday
1989-09-17,43,4,己巳,癸酉,庚辰,庚,癸,酉,辛,伤官,劫财,False,1989,9,Sunday
1989-09-18,45,2,己巳,癸酉,辛巳,辛,癸,酉,辛,食神,比肩,False,1989,9,Monday
1989-09-19,59,2,己巳,癸酉,壬午,壬,癸,酉,辛,劫财,正印,False,1989,9,Tuesday
1989-09-20,55,2,己巳,癸酉,癸未,癸,癸,酉,辛,比肩,偏印,False,1989,9,Wednesday
1989-09-21,53,7,己巳,癸酉,甲申,甲,癸,酉,辛,正印,正官,False,1989,9,Thursday
1989-09-22,39,3,己巳,癸酉,乙酉,乙,癸,酉,辛,偏印,七杀,False,1989,9,Friday
1989-09-23,43,4,己巳,癸酉,丙戌,丙,癸,酉,辛,正官,正财,False,1989,9,Saturday
1989-09-24,31,2,己巳,癸酉,丁亥,丁,癸,酉,辛,七杀,偏财,False,1989,9,Sunday
1989-09-25,43,3,己巳,癸酉,戊子,戊,癸,酉,辛,正财,伤官,False,1989,9,Monday
1989-09-26,58,2,己巳,癸酉,己丑,己,癸,酉,辛,偏财,食神,False,1989,9,Tuesday
1989-09-27,51,5,己巳,癸酉,庚寅,庚,癸,酉,辛,伤官,劫财,False,1989,9,Wednesday
1989-09-28,45,3,己巳,癸酉,辛卯,辛,癸,酉,辛,食神,比肩,False,1989,9,Thursday
1989-09-29,55,5,己巳,癸酉,壬辰,壬,癸,酉,辛,劫财,正印,False,1989,9,Friday
1989-09-30,40,2,己巳,癸酉,癸巳,癸,癸,酉,辛,比肩,偏印,False,1989,9,Saturday
1989-10-01,36,1,己巳,癸酉,甲午,甲,癸,酉,辛,正印,正官,False,1989,10,Sunday
1989-10-02,47,0,己巳,癸酉,乙未,乙,癸,酉,辛,偏印,七杀,False,1989,10,Monday
1989-10-03,43,2,己巳,癸酉,丙申,丙,癸,酉,辛,正官,正财,False,1989,10,Tuesday
1989-10-04,46,8,己巳,癸酉,丁酉,丁,癸,酉,辛,七杀,偏财,False,1989,10,Wednesday
1989-10-05,48,5,己巳,癸酉,戊戌,戊,癸,酉,辛,正财,伤官,False,1989,10,Thursday
1989-10-06,49,3,己巳,癸酉,己亥,己,癸,酉,辛,偏财,食神,False,1989,10,Friday
1989-10-07,34,1,己巳,癸酉,庚子,庚,癸,酉,辛,伤官,劫财,False,1989,10,Saturday
1989-10-09,41,2,己巳,甲戌,壬寅,壬,甲,戌,戊,食神,七杀,False,1989,10,Monday
1989-10-10,60,2,己巳,甲戌,癸卯,癸,甲,戌,戊,伤官,正官,False,1989,10,Tuesday
1989-10-11,47,3,己巳,甲戌,甲辰,甲,甲,戌,戊,比肩,偏财,False,1989,10,Wednesday
1989-10-12,40,2,己巳,甲戌,乙巳,乙,甲,戌,戊,劫财,正财,False,1989,10,Thursday
1989-10-13,35,3,己巳,甲戌,丙午,丙,甲,戌,戊,偏印,食神,False,1989,10,Friday
1989-10-14,38,2,己巳,甲戌,丁未,丁,甲,戌,戊,正印,伤官,False,1989,10,Saturday
1989-10-15,51,2,己巳,甲戌,戊申,戊,甲,戌,戊,七杀,比肩,False,1989,10,Sunday
1989-10-16,43,1,己巳,甲戌,己酉,己,甲,戌,戊,正官,劫财,False,1989,10,Monday
1989-10-17,49,0,己巳,甲戌,庚戌,庚,甲,戌,戊,偏财,偏印,False,1989,10,Tuesday
1989-10-18,48,1,己巳,甲戌,辛亥,辛,甲,戌,戊,正财,正印,False,1989,10,Wednesday
1989-10-19,38,3,己巳,甲戌,壬子,壬,甲,戌,戊,食神,七杀,False,1989,10,Thursday
1989-10-20,38,1,己巳,甲戌,癸丑,癸,甲,戌,戊,伤官,正官,False,1989,10,Friday
1989-10-21,32,3,己巳,甲戌,甲寅,甲,甲,戌,戊,比肩,偏财,False,1989,10,Saturday
1989-10-22,49,3,己巳,甲戌,乙卯,乙,甲,戌,戊,劫财,正财,False,1989,10,Sunday
1989-10-23,37,6,己巳,甲戌,丙辰,丙,甲,戌,戊,偏印,食神,False,1989,10,Monday
1989-10-24,44,0,己巳,甲戌,丁巳,丁,甲,戌,戊,正印,伤官,False,1989,10,Tuesday
1989-10-25,30,2,己巳,甲戌,戊午,戊,甲,戌,戊,七杀,比肩,False,1989,10,Wednesday
1989-10-26,38,2,己巳,甲戌,己未,己,甲,戌,戊,正官,劫财,False,1989,10,Thursday
1989-10-27,38,4,己巳,甲戌,庚申,庚,甲,戌,戊,偏财,偏印,False,1989,10,Friday
1989-10-28,37,2,己巳,甲戌,辛酉,辛,甲,戌,戊,正财,正印,False,1989,10,Saturday
1989-10-29,32,3,己巳,甲戌,壬戌,壬,甲,戌,戊,食神,七杀,False,1989,10,Sunday
1989-10-30,37,5,己巳,甲戌,癸亥,癸,甲,戌,戊,伤官,正官,False,1989,10,Monday
1989-10-31,31,4,己巳,甲戌,甲子,甲,甲,戌,戊,比肩,偏财,False,1989,10,Tuesday
1989-11-01,45,1,己巳,甲戌,乙丑,乙,甲,戌,戊,劫财,正财,False,1989,11,Wednesday
1989-11-02,38,3,己巳,甲戌,丙寅,丙,甲,戌,戊,偏印,食神,False,1989,11,Thursday
1989-11-03,43,7,己巳,甲戌,丁卯,丁,甲,戌,戊,正印,伤官,False,1989,11,Friday
1989-11-04,48,2,己巳,甲戌,戊辰,戊,甲,戌,戊,七杀,比肩,False,1989,11,Saturday
1989-11-05,33,1,己巳,甲戌,己巳,己,甲,戌,戊,正官,劫财,False,1989,11,Sunday
1989-11-06,43,2,己巳,甲戌,庚午,庚,甲,戌,戊,偏财,偏印,False,1989,11,Monday
1989-11-08,42,2,己巳,乙亥,壬申,壬,乙,亥,壬,伤官,比肩,False,1989,11,Wednesday
1989-11-09,38,5,己巳,乙亥,癸酉,癸,乙,亥,壬,食神,劫财,False,1989,11,Thursday
1989-11-10,57,5,己巳,乙亥,甲戌,甲,乙,亥,壬,劫财,偏印,False,1989,11,Friday
1989-11-11,56,2,己巳,乙亥,乙亥,乙,乙,亥,壬,比肩,正印,False,1989,11,Saturday
1989-11-12,38,1,己巳,乙亥,丙子,丙,乙,亥,壬,正印,七杀,False,1989,11,Sunday
1989-11-13,29,0,己巳,乙亥,丁丑,丁,乙,亥,壬,偏印,正官,False,1989,11,Monday
1989-11-14,50,3,己巳,乙亥,戊寅,戊,乙,亥,壬,正官,偏财,False,1989,11,Tuesday
1989-11-15,38,3,己巳,乙亥,己卯,己,乙,亥,壬,七杀,正财,False,1989,11,Wednesday
1989-11-16,47,3,己巳,乙亥,庚辰,庚,乙,亥,壬,正财,食神,False,1989,11,Thursday
1989-11-17,39,2,己巳,乙亥,辛巳,辛,乙,亥,壬,偏财,伤官,False,1989,11,Friday
1989-11-18,32,3,己巳,乙亥,壬午,壬,乙,亥,壬,伤官,比肩,False,1989,11,Saturday
1989-11-19,37,4,己巳,乙亥,癸未,癸,乙,亥,壬,食神,劫财,False,1989,11,Sunday
1989-11-20,44,2,己巳,乙亥,甲申,甲,乙,亥,壬,劫财,偏印,False,1989,11,Monday
1989-11-21,47,1,己巳,乙亥,乙酉,乙,乙,亥,壬,比肩,正印,False,1989,11,Tuesday
1989-11-22,52,3,己巳,乙亥,丙戌,丙,乙,亥,壬,正印,七杀,False,1989,11,Wednesday
1989-11-23,36,2,己巳,乙亥,丁亥,丁,乙,亥,壬,偏印,正官,False,1989,11,Thursday
1989-11-24,45,2,己巳,乙亥,戊子,戊,乙,亥,壬,正官,偏财,False,1989,11,Friday
1989-11-25,30,2,己巳,乙亥,己丑,己,乙,亥,壬,七杀,正财,False,1989,11,Saturday
1989-11-26,39,4,己巳,乙亥,庚寅,庚,乙,亥,壬,正财,食神,False,1989,11,Sunday
1989-11-27,41,1,己巳,乙亥,辛卯,辛,乙,亥,壬,偏财,伤官,False,1989,11,Monday
1989-11-28,28,0,己巳,乙亥,壬辰,壬,乙,亥,壬,伤官,比肩,False,1989,11,Tuesday
1989-11-29,32,2,己巳,乙亥,癸巳,癸,乙,亥,壬,食神,劫财,False,1989,11,Wednesday
1989-11-30,40,3,己巳,乙亥,甲午,甲,乙,亥,壬,劫财,偏印,False,1989,11,Thursday
1989-12-01,35,4,己巳,乙亥,乙未,乙,乙,亥,壬,比肩,正印,False,1989,12,Friday
1989-12-02,43,2,己巳,乙亥,丙申,丙,乙,亥,壬,正印,七杀,False,1989,12,Saturday
1989-12-03,40,4,己巳,乙亥,丁酉,丁,乙,亥,壬,偏印,正官,False,1989,12,Sunday
1989-12-04,33,1,己巳,乙亥,戊戌,戊,乙,亥,壬,正官,偏财,False,1989,12,Monday
1989-12-05,37,5,己巳,乙亥,己亥,己,乙,亥,壬,七杀,正财,False,1989,12,Tuesday
1989-12-06,36,2,己巳,乙亥,庚子,庚,乙,亥,壬,正财,食神,False,1989,12,Wednesday
1989-12-08,50,2,己巳,丙子,壬寅,壬,丙,子,癸,偏财,劫财,False,1989,12,Friday
1989-12-09,36,1,己巳,丙子,癸卯,癸,丙,子,癸,正财,比肩,False,1989,12,Saturday
1989-12-10,32,2,己巳,丙子,甲辰,甲,丙,子,癸,食神,正印,False,1989,12,Sunday
1989-12-11,39,5,己巳,丙子,乙巳,乙,丙,子,癸,伤官,偏印,False,1989,12,Monday
1989-12-12,44,4,己巳,丙子,丙午,丙,丙,子,癸,比肩,正官,False,1989,12,Tuesday
1989-12-13,51,3,己巳,丙子,丁未,丁,丙,子,癸,劫财,七杀,False,1989,12,Wednesday
1989-12-14,41,2,己巳,丙子,戊申,戊,丙,子,癸,偏印,正财,False,1989,12,Thursday
1989-12-15,47,2,己巳,丙子,己酉,己,丙,子,癸,正印,偏财,False,1989,12,Friday
1989-12-16,32,1,己巳,丙子,庚戌,庚,丙,子,癸,七杀,伤官,False,1989,12,Saturday
1989-12-17,29,2,己巳,丙子,辛亥,辛,丙,子,癸,正官,食神,False,1989,12,Sunday
1989-12-18,51,4,己巳,丙子,壬子,壬,丙,子,癸,偏财,劫财,False,1989,12,Monday
1989-12-19,43,4,己巳,丙子,癸丑,癸,丙,子,癸,正财,比肩,False,1989,12,Tuesday
1989-12-20,32,5,己巳,丙子,甲寅,甲,丙,子,癸,食神,正印,False,1989,12,Wednesday
1989-12-21,36,2,己巳,丙子,乙卯,乙,丙,子,癸,伤官,偏印,False,1989,12,Thursday
1989-12-22,40,3,己巳,丙子,丙辰,丙,丙,子,癸,比肩,正官,False,1989,12,Friday
1989-12-23,22,2,己巳,丙子,丁巳,丁,丙,子,癸,劫财,七杀,False,1989,12,Saturday
1989-12-24,39,2,己巳,丙子,戊午,戊,丙,子,癸,偏印,正财,False,1989,12,Sunday
1989-12-25,31,3,己巳,丙子,己未,己,丙,子,癸,正印,偏财,False,1989,12,Monday
1989-12-26,44,4,己巳,丙子,庚申,庚,丙,子,癸,七杀,伤官,False,1989,12,Tuesday
1989-12-27,41,5,己巳,丙子,辛酉,辛,丙,子,癸,正官,食神,False,1989,12,Wednesday
1989-12-28,51,6,己巳,丙子,壬戌,壬,丙,子,癸,偏财,劫财,False,1989,12,Thursday
1989-12-29,46,1,己巳,丙子,癸亥,癸,丙,子,癸,正财,比肩,False,1989,12,Friday
1989-12-30,49,5,己巳,丙子,甲子,甲,丙,子,癸,食神,正印,False,1989,12,Saturday
1989-12-31,42,4,己巳,丙子,乙丑,乙,丙,子,癸,伤官,偏印,False,1989,12,Sunday
