group,pair,yang_stem,yin_stem,yang_count,yin_count,pair_total,observed_yang_share_within_pair,matched_expected_yang_share_within_pair,binomial_two_sided_p
1994_M,甲/乙,甲,乙,47,53,100,0.47,0.5002319597804772,0.5505278160218017
1994_M,丙/丁,丙,丁,59,36,95,0.6210526315789474,0.49979504297817545,0.01838661537684246
1994_M,戊/己,戊,己,53,46,99,0.5353535353535354,0.4999734206331146,0.4840951819586877
1994_M,庚/辛,庚,辛,50,45,95,0.5263157894736842,0.5001641282075983,0.6817440505269914
1994_M,壬/癸,壬,癸,64,48,112,0.5714285714285714,0.5002044879768989,0.15607017849195914
1994_F,甲/乙,甲,乙,17,24,41,0.4146341463414634,0.5000332242424175,0.27992421785495997
1994_F,丙/丁,丙,丁,23,15,38,0.6052631578947368,0.49999981375639935,0.1995906991995721
1994_F,戊/己,戊,己,23,20,43,0.5348837209302325,0.49976211414831,0.6514335169555736
1994_F,庚/辛,庚,辛,26,20,46,0.5652173913043478,0.4998981965798894,0.3815964816766122
1994_F,壬/癸,壬,癸,22,11,33,0.6666666666666666,0.4999656775283803,0.05759567883973811
2013_M,甲/乙,甲,乙,52,58,110,0.4727272727272727,0.49995965851135493,0.6337557698507454
2013_M,丙/丁,丙,丁,47,45,92,0.5108695652173914,0.49993150534355524,0.8358240277808566
2013_M,戊/己,戊,己,46,45,91,0.5054945054945055,0.4996579394421366,0.9169855137051834
2013_M,庚/辛,庚,辛,57,57,114,0.5,0.5001359318112603,1.0
2013_M,壬/癸,壬,癸,51,43,94,0.5425531914893617,0.5000960245249324,0.4704928862497022
2013_F,甲/乙,甲,乙,18,19,37,0.4864864864864865,0.5001718727890887,0.8713707523107966
2013_F,丙/丁,丙,丁,20,20,40,0.5,0.5004110681384074,1.0
2013_F,戊/己,戊,己,19,17,36,0.5277777777777778,0.4997596454000967,0.7427100879744825
2013_F,庚/辛,庚,辛,18,36,54,0.3333333333333333,0.4999650078255226,0.019834342855877724
2013_F,壬/癸,壬,癸,18,15,33,0.5454545454545454,0.49986359586706686,0.6074929751861554
1994_ALL,甲/乙,甲,乙,64,77,141,0.45390070921985815,0.5001750011509373,0.2750859077405868
1994_ALL,丙/丁,丙,丁,82,51,133,0.6165413533834586,0.49985369655850026,0.007161637293558307
1994_ALL,戊/己,戊,己,76,66,142,0.5352112676056338,0.4999129791271975,0.4030229343961351
1994_ALL,庚/辛,庚,辛,76,65,141,0.5390070921985816,0.5000880693566696,0.39978775261843996
1994_ALL,壬/癸,壬,癸,86,59,145,0.593103448275862,0.5001360597739771,0.030482703853877902
2013_ALL,甲/乙,甲,乙,70,77,147,0.47619047619047616,0.5000202956586091,0.5651561387400421
2013_ALL,丙/丁,丙,丁,67,65,132,0.5075757575757576,0.500068325734133,0.930684550954092
2013_ALL,戊/己,戊,己,65,62,127,0.5118110236220472,0.49968691296180334,0.7908843544889961
2013_ALL,庚/辛,庚,辛,75,93,168,0.44642857142857145,0.5000872005259454,0.1659065312852584
2013_ALL,壬/癸,壬,癸,69,58,127,0.5433070866141733,0.5000296625785658,0.37495715758409576
MALE_ALL,甲/乙,甲,乙,99,111,210,0.4714285714285714,0.5000958075118846,0.40871132187769327
MALE_ALL,丙/丁,丙,丁,106,81,187,0.5668449197860963,0.49986326735286823,0.0678977686044024
MALE_ALL,戊/己,戊,己,99,91,190,0.5210526315789473,0.49981570598682984,0.5626593499259458
MALE_ALL,庚/辛,庚,辛,107,102,209,0.5119617224880383,0.5001500305396659,0.7821022053442456
MALE_ALL,壬/癸,壬,癸,115,91,206,0.558252427184466,0.5001502405304958,0.10882684253285523
FEMALE_ALL,甲/乙,甲,乙,35,43,78,0.44871794871794873,0.5001024017786947,0.3680900718344867
FEMALE_ALL,丙/丁,丙,丁,43,35,78,0.5512820512820513,0.5002048498469767,0.4282100681305441
FEMALE_ALL,戊/己,戊,己,42,37,79,0.5316455696202531,0.4997608834927366,0.5762510360507882
FEMALE_ALL,庚/辛,庚,辛,44,56,100,0.44,0.49993152693259985,0.27125347407760914
FEMALE_ALL,壬/癸,壬,癸,40,26,66,0.6060606060606061,0.49991474966839067,0.08638401471673188
ALL,甲/乙,甲,乙,134,154,288,0.4652777777777778,0.5000976945970017,0.23926608492159313
ALL,丙/丁,丙,丁,149,116,265,0.5622641509433962,0.49996091531213127,0.042817460223401785
ALL,戊/己,戊,己,141,128,269,0.5241635687732342,0.49980005653215137,0.42873287303254237
ALL,庚/辛,庚,辛,151,158,309,0.4886731391585761,0.500087635232493,0.6909614391422302
ALL,壬/癸,壬,癸,155,117,272,0.5698529411764706,0.5000828838447908,0.024688977342151308
