cohort_key,display_name,candidate_dob,decision,independent_source_url,independent_source_class,evidence_note
RS_CURRENT_11185,Philip Candelas,1951-10-24,recover,https://www.maths.ox.ac.uk/system/files/user-cvs/candelas.pdf,institutional_academic_cv,"University of Oxford-hosted CV explicitly states Date and Place of Birth: 24 October 1951, London, U.K."
RS_CURRENT_11521,Douglas Gough,1941-02-08,recover,https://www.ast.cam.ac.uk/news/douglas-gough-awarded-crafoord-prize-astronomy,university_official_biography,"University of Cambridge Institute of Astronomy page explicitly states he was born on 8 February 1941."
RS_CURRENT_11198,Richard Catlow,1947-04-24,recover,https://levana.leopoldina.org/servlets/MCRFileNodeServlet/leopoldina_derivate_00257/2021_Leopoldina_Struktur_und_Mitglieder.pdf,academy_official_cv,"Leopoldina official member volume CV explicitly states Born: 24 April 1947."
RS_CURRENT_11349,Simon Donaldson,1957-08-20,recover,https://mathshistory.st-andrews.ac.uk/Biographies/Donaldson/,institutional_academic_biography,"University of St Andrews MacTutor biography explicitly states Born 20 August 1957."
RS_CURRENT_11626,Nigel Hitchin,1946-08-02,recover,https://mathshistory.st-andrews.ac.uk/Biographies/Hitchin/,institutional_academic_biography,"University of St Andrews MacTutor biography explicitly states Born 2 August 1946."
RS_CURRENT_11750,John Kingman,1939-08-28,recover,https://mathshistory.st-andrews.ac.uk/Biographies/Kingman/,institutional_academic_biography,"University of St Andrews MacTutor biography explicitly states Born 28 August 1939."
RS_CURRENT_11895,Barry Marshall,1951-09-30,recover,https://www.nobelprize.org/prizes/medicine/2005/marshall/facts/,award_official,"Nobel Prize official facts page explicitly states Born: 30 September 1951."
RS_CURRENT_12105,John Polanyi,1929-01-23,recover,https://www.pas.va/en/academicians/ordinary/polanyi.html,academy_official,"Pontifical Academy of Sciences official member page explicitly states Date of birth 23 January 1929."
RS_CURRENT_12156,Martin Rees,1942-06-23,recover,https://people.ast.cam.ac.uk/~mjr/cv.html,institutional_academic_cv,"University of Cambridge-hosted personal CV explicitly states Date of Birth 23 June 1942."
RS_CURRENT_12437,Neil Trudinger,1942-06-20,recover,https://mathshistory.st-andrews.ac.uk/Biographies/Trudinger/,institutional_academic_biography,"University of St Andrews MacTutor biography explicitly states Born 20 June 1942."
RS_CURRENT_35004,Andy Haldane,1967-08-18,recover,https://www.bankofengland.co.uk/-/media/boe/files/about/people/past/andy-haldane/andy-haldane-cv-2020.pdf,government_official_cv,"Bank of England official CV explicitly states Date of Birth: 18 August 1967."
RS_CURRENT_14128,Jack Szostak,1952-11-09,recover,https://rtmajor.chemistry.uconn.edu/past-speakers/jack-szostak/,university_official_biography,"University of Connecticut Chemistry page explicitly states Born: 9 November 1952 and identifies the Nobel laureate."
RS_CURRENT_12326,Stephen Sparks,1949-05-15,recover,https://www.timeshighereducation.com/news/people/qa-with-stephen-sparks/2018400.article,direct_professional_interview,"Direct Q&A asks where and when he was born; Sparks answers 15 May 1949, Harpenden."
RS_CURRENT_12339,Ian Stewart,1945-09-24,recover,https://www.timeshighereducation.com/people/interview-ian-stewart-university-of-warwick,direct_professional_interview,"Direct interview gives birthplace Folkestone and date 24 September 1945."
RS_CURRENT_11301,Partha Dasgupta,1942-11-17,recover,https://www.pass.va/en/academicians/former/dasgupta.html,academy_official,"Pontifical Academy of Social Sciences official former-academician page explicitly states Date of birth 17 November 1942."
RS_CURRENT_11094,Elizabeth Blackburn,1948-11-26,recover,https://www.eoas.info/biogs/P004176b.htm,academic_science_encyclopedia,"Encyclopedia of Australian Science and Innovation explicitly states Born 26 November 1948, Hobart."
RS_CURRENT_11412,Martin Evans,1941-01-01,recover,https://embryo.asu.edu/pages/martin-john-evans-1941,university_academic_encyclopedia,"Arizona State University Embryo Project Encyclopedia explicitly states Evans was born on 1 January 1941 and traces the account to his Nobel autobiography."
