feature,feature_people,feature_music,feature_music_rate,nonfeature_people,nonfeature_music,nonfeature_music_rate,risk_ratio,adjusted_or,ci95_low,ci95_high,glm_one_sided_p,glm_two_sided_p,location,ten_god,bh_q_all20,year,scope
feature__month_stem__比肩,1527,117,0.07662082514734773,14344,1085,0.07564138315672057,1.0129484939295448,1.0242753904658024,0.8368843777864066,1.2536260723242205,0.4080100834358051,0.8160201668716102,month_stem,比肩,0.8606599595551288,1986,full
feature__month_stem__劫财,1665,114,0.06846846846846846,14206,1088,0.07658735745459665,0.8939917859035506,0.8952234247325523,0.7439334243663996,1.0772805118582285,0.8793731787033725,0.24125364259325488,month_stem,劫财,0.9770813096704138,1986,full
feature__month_stem__食神,1593,102,0.064030131826742,14278,1100,0.07704160246533127,0.8311111111111111,0.8117958869797631,0.6774907512361862,0.9727255477876124,0.9880798595855442,0.02384028082891148,month_stem,食神,0.9880798595855442,1986,full
feature__month_stem__伤官,1611,123,0.07635009310986965,14260,1079,0.07566619915848527,1.0090383018968871,1.0316822694069583,0.8709800738922671,1.2220351956528743,0.35903463751834275,0.7180692750366855,month_stem,伤官,0.8606599595551288,1986,full
feature__month_stem__偏财,1583,115,0.07264687302590019,14288,1087,0.07607782754759239,0.9549020439687781,0.9551443195002851,0.8255363418074477,1.1051005569012884,0.7313223722792656,0.5373552554414689,month_stem,偏财,0.9141529653490819,1986,full
feature__month_stem__正财,1653,135,0.08166969147005444,14218,1067,0.07504571669714447,1.0882658606572015,1.0738972819141892,0.9079350471945536,1.2701958974556053,0.2025978367967723,0.4051956735935446,month_stem,正财,0.698569275323056,1986,full
feature__month_stem__七杀,1557,120,0.07707129094412331,14314,1082,0.07559033114433422,1.0195919210482265,1.0076948683136466,0.8539792003905874,1.1890792505967571,0.4638364295099599,0.9276728590199198,month_stem,七杀,0.8606599595551288,1986,full
feature__month_stem__正官,1508,109,0.07228116710875332,14363,1093,0.07609830815289285,0.9498393441747702,0.9332099383453322,0.740256150069634,1.176458701416499,0.7206961465005118,0.5586077069989763,month_stem,正官,0.9141529653490819,1986,full
feature__month_stem__偏印,1563,134,0.08573256557901472,14308,1068,0.07464355605255801,1.1485595021578114,1.176087163554886,0.9826827640483499,1.4075559955690053,0.038411508119644985,0.07682301623928997,month_stem,偏印,0.3841150811964498,1986,full
feature__month_stem__正印,1611,133,0.08255741775294848,14260,1069,0.07496493688639551,1.1012804276492472,1.1082958464566004,0.9223563765168692,1.3317191863642819,0.13623354725055392,0.27246709450110784,month_stem,正印,0.6811677362527696,1986,full
feature__month_order__比肩,1468,112,0.07629427792915532,14403,1090,0.07567867805318336,1.008134389920756,1.0219508276705278,0.8538798226579503,1.223103610676182,0.4063834755715985,0.812766951143197,month_order,比肩,0.8606599595551288,1986,full
feature__month_order__劫财,1537,104,0.06766428106701367,14334,1098,0.07660108832147342,0.8833331555688287,0.8453547079182463,0.6946286524712925,1.0287865029136232,0.9532041201342534,0.09359175973149327,month_order,劫财,0.9880798595855442,1986,full
feature__month_order__食神,1564,111,0.07097186700767263,14307,1091,0.0762563779967848,0.9307007344443377,0.9366173679169044,0.7567961025372721,1.159165713119387,0.7264234144453288,0.5471531711093426,month_order,食神,0.9141529653490819,1986,full
feature__month_order__伤官,1544,129,0.08354922279792747,14327,1073,0.07489355761848258,1.1155728937799692,1.1292306893540096,0.9434174201873258,1.3516413016051096,0.09258631279596458,0.18517262559192915,month_order,伤官,0.6172420853064305,1986,full
feature__month_order__偏财,1604,117,0.07294264339152119,14267,1085,0.07604962500876147,0.9591453394164359,0.9640210192151721,0.8124186425823933,1.1439133431682773,0.6626671759617331,0.6746656480765337,month_order,偏财,0.9141529653490819,1986,full
feature__month_order__正财,1721,126,0.07321324811156305,14150,1076,0.07604240282685512,0.9627950378983431,0.9599531825548318,0.7703745980570129,1.196184447178452,0.6421115898661142,0.7157768202677717,month_order,正财,0.9141529653490819,1986,full
feature__month_order__七杀,1600,113,0.070625,14271,1089,0.07630859785579147,0.9255182506887051,0.9127325457443259,0.7817888765484194,1.065608279998752,0.8761015933349221,0.2477968133301559,month_order,七杀,0.9770813096704138,1986,full
feature__month_order__正官,1631,124,0.07602697731453097,14240,1078,0.07570224719101123,1.004289570462821,1.0058616489906056,0.8473905375035087,1.193968556565232,0.4733629777553209,0.9467259555106418,month_order,正官,0.8606599595551288,1986,full
feature__month_order__偏印,1600,139,0.086875,14271,1063,0.07448672132296265,1.1663152634054563,1.1703489632707094,0.9849071023446084,1.3907064864982313,0.03695159058078212,0.07390318116156425,month_order,偏印,0.3841150811964498,1986,full
feature__month_order__正印,1602,127,0.07927590511860175,14269,1075,0.07533814563038756,1.05226780477891,1.0733326893430515,0.904008569382555,1.2743718378679108,0.2095707825969168,0.4191415651938336,month_order,正印,0.698569275323056,1986,full
feature__month_stem__比肩,1164,96,0.08247422680412371,11032,855,0.07750181290790428,1.0641586784831494,1.0835021985786728,0.8590961887179265,1.3665256926314664,0.24909936147369827,0.49819872294739653,month_stem,比肩,0.5756684965750649,1986,north
feature__month_stem__劫财,1290,91,0.07054263565891473,10906,860,0.07885567577480286,0.8945790517396792,0.889414512586049,0.7210963071105774,1.09702153151836,0.8632158730024049,0.27356825399519036,month_stem,劫财,0.9806400053428698,1986,north
feature__month_stem__食神,1243,83,0.0667739340305712,10953,868,0.0792476946955172,0.8425978104111134,0.8287307828013641,0.682980998456753,1.0055839209501087,0.9715172721809572,0.056965455638085624,month_stem,食神,0.9806400053428698,1986,north
feature__month_stem__伤官,1246,94,0.0754414125200642,10950,857,0.0782648401826484,0.9639246990603303,0.9825030530271425,0.797124347827823,1.210993305922906,0.5657110928019904,0.8685778143960192,month_stem,伤官,0.9428518213366507,1986,north
feature__month_stem__偏财,1204,91,0.0755813953488372,10992,860,0.0782387190684134,0.9660356949702541,0.9610638859717356,0.8161531414252134,1.1317040222453516,0.6830571922654651,0.6338856154690697,month_stem,偏财,0.9806400053428698,1986,north
feature__month_stem__正财,1278,107,0.0837245696400626,10918,844,0.0773035354460524,1.0830626200594826,1.0787332452721088,0.8883779567628868,1.3098765064990066,0.22210186477573496,0.4442037295514699,month_stem,正财,0.5756684965750649,1986,north
feature__month_stem__七杀,1179,97,0.08227311280746395,11017,854,0.07751656530816012,1.06136169063212,1.0591395379070758,0.8466379622092024,1.3249778663726226,0.30752281441507084,0.6150456288301417,month_stem,七杀,0.6150456288301417,1986,north
feature__month_stem__正官,1173,79,0.06734867860187553,11023,872,0.07910732105597387,0.8513583534730206,0.830715640783806,0.6544518380390076,1.054452651413774,0.9362763704409078,0.12744725911818425,month_stem,正官,0.9806400053428698,1986,north
feature__month_stem__偏印,1186,105,0.08853288364249579,11010,846,0.0768392370572207,1.1521832729360268,1.169602122996911,0.9428121273128406,1.4509456194817976,0.07714615110206688,0.15429230220413376,month_stem,偏印,0.5756684965750649,1986,north
feature__month_stem__正印,1233,108,0.08759124087591241,10963,843,0.07689501048982943,1.1391017481881704,1.1455493126074445,0.9185293213796674,1.4286786464740042,0.11393571118978402,0.22787142237956803,month_stem,正印,0.5756684965750649,1986,north
feature__month_order__比肩,1115,93,0.08340807174887892,11081,858,0.07742983485245014,1.0772084417824328,1.0975598245802662,0.88230476603056,1.3653304559968118,0.20164133587251704,0.40328267174503407,month_order,比肩,0.5756684965750649,1986,north
feature__month_order__劫财,1183,81,0.06846999154691462,11013,870,0.0789975483519477,0.8667356516162882,0.8225313036335054,0.6484966669545146,1.0432709679670373,0.9463827276589959,0.10723454468200816,month_order,劫财,0.9806400053428698,1986,north
feature__month_order__食神,1206,85,0.07048092868988391,10990,866,0.07879890809827116,0.8944404229813212,0.8859153314568812,0.7051293405953792,1.113052498776561,0.8508836743458912,0.29823265130821774,month_order,食神,0.9806400053428698,1986,north
feature__month_order__伤官,1189,106,0.08915054667788057,11007,845,0.07676932860906696,1.1612781861342383,1.1872381587648315,0.972780110143168,1.448975396320408,0.045657848003447014,0.09131569600689403,month_order,伤官,0.5756684965750649,1986,north
feature__month_order__偏财,1241,88,0.07091055600322321,10955,863,0.07877681424007303,0.900145006970232,0.9075593748496893,0.7357073733556572,1.119553845329455,0.8174302924631696,0.3651394150736609,month_order,偏财,0.9806400053428698,1986,north
feature__month_order__正财,1304,104,0.07975460122699386,10892,847,0.07776349614395887,1.0256046240429955,1.0312824107254992,0.8073036701439102,1.3174019269381119,0.40262162432731996,0.8052432486546399,month_order,正财,0.7320393169587635,1986,north
feature__month_order__七杀,1226,82,0.06688417618270799,10970,869,0.07921604375569735,0.8443261366217568,0.8234586762884664,0.6849459631189162,0.9899820249572422,0.9806400053428698,0.03871998931426041,month_order,七杀,0.9806400053428698,1986,north
feature__month_order__正官,1274,104,0.08163265306122448,10922,847,0.07754989928584509,1.0526467966171118,1.0664968143763218,0.8773335010009193,1.2964459396309442,0.2590508234587792,0.5181016469175584,month_order,正官,0.5756684965750649,1986,north
feature__month_order__偏印,1237,105,0.08488278092158448,10959,846,0.07719682452778538,1.0995631159806671,1.105052904089969,0.9030006626457345,1.3523156420060714,0.16611799680601325,0.3322359936120265,month_order,偏印,0.5756684965750649,1986,north
feature__month_order__正印,1221,103,0.08435708435708436,10975,848,0.07726651480637813,1.0917676896450483,1.1093341753236818,0.9073342095880123,1.3563054269714514,0.15582478833660235,0.3116495766732047,month_order,正印,0.5756684965750649,1986,north
feature__month_stem__比肩,1680,108,0.06428571428571428,14284,975,0.06825819098291795,0.9418021978021976,0.9412539851572629,0.759911995424821,1.1658706138454131,0.7103721913147767,0.5792556173704466,month_stem,比肩,0.8879652391434708,1987,full
feature__month_stem__劫财,1675,114,0.06805970149253732,14289,969,0.0678144026873819,1.003617208077261,1.015889386632525,0.8298105173355326,1.2436950656957115,0.4393101430789108,0.8786202861578216,month_stem,劫财,0.8879652391434708,1987,full
feature__month_stem__食神,1537,107,0.06961613532856213,14427,976,0.06765093227975325,1.0290491643290633,1.0313630708017414,0.8696902703668309,1.2230903576337935,0.36129470452862356,0.7225894090572471,month_stem,食神,0.8879652391434708,1987,full
feature__month_stem__伤官,1647,99,0.060109289617486336,14317,984,0.0687294824334707,0.8745779465991381,0.8654767076625183,0.7045810904818545,1.063113872377821,0.9157088199155823,0.16858236016883543,month_stem,伤官,0.9639040209637709,1987,full
feature__month_stem__偏财,1562,104,0.06658130601792574,14402,979,0.06797666990695737,0.9794729001738165,0.9652101287722978,0.7843592273206451,1.187760097968206,0.6310004813184121,0.7379990373631757,month_stem,偏财,0.8879652391434708,1987,full
feature__month_stem__正财,1620,126,0.07777777777777778,14344,957,0.06671779141104295,1.1657726692209451,1.184442378161808,0.9859879740276266,1.422840627005752,0.035211496687740276,0.07042299337548055,month_stem,正财,0.35211496687740274,1987,full
feature__month_stem__七杀,1561,105,0.06726457399103139,14403,978,0.06790252030826911,0.9906049684998212,1.001920147996469,0.8015284616133024,1.2524121488346736,0.4932785845643765,0.986557169128753,month_stem,七杀,0.8879652391434708,1987,full
feature__month_stem__正官,1489,98,0.06581598388179986,14475,985,0.06804835924006908,0.967194280902592,0.9525593194658104,0.7733516974026451,1.1732944534144425,0.6761893768321617,0.6476212463356765,month_stem,正官,0.8879652391434708,1987,full
feature__month_stem__偏印,1587,100,0.0630119722747322,14377,983,0.0683730959170898,0.9215901580812051,0.9106538899663607,0.7401986483491111,1.1203620935548286,0.8119605189378454,0.37607896212430936,month_stem,偏印,0.9552476693386417,1987,full
feature__month_stem__正印,1606,122,0.0759651307596513,14358,961,0.06693132748293634,1.1349712252310857,1.146994113210495,0.9489758708582924,1.3863318722209994,0.07804219627026379,0.15608439254052758,month_stem,正印,0.5202813084684254,1987,full
feature__month_order__比肩,1590,127,0.07987421383647798,14374,956,0.06650897453735911,1.2009539222652037,1.2096272618321198,1.0087062702183547,1.4505690663058268,0.02001025444143963,0.04002050888287926,month_order,比肩,0.35211496687740274,1987,full
feature__month_order__劫财,1701,117,0.06878306878306878,14263,966,0.06772768702236556,1.01558272262206,1.0420167629856074,0.8429885985682786,1.288035136165674,0.35175387310108785,0.7035077462021757,month_order,劫财,0.8879652391434708,1987,full
feature__month_order__食神,1696,110,0.06485849056603774,14268,973,0.06819456125595738,0.9510801062653921,0.9723322044723083,0.7791012167395838,1.2134879211336036,0.5980151799487068,0.8039696401025865,month_order,食神,0.8879652391434708,1987,full
feature__month_order__伤官,1603,116,0.07236431690580163,14361,967,0.06733514379221503,1.0746886815762329,1.0745379070376926,0.8745086804024678,1.3203204719815458,0.24696780924987977,0.49393561849975953,month_order,伤官,0.8879652391434708,1987,full
feature__month_order__偏财,1501,103,0.06862091938707528,14463,980,0.06775910945170435,1.012718731729867,0.9825308025190443,0.8117807289578807,1.1891964707489449,0.5717937357247362,0.8564125285505276,month_order,偏财,0.8879652391434708,1987,full
feature__month_order__正财,1520,78,0.05131578947368421,14444,1005,0.06957906397119912,0.7375176747839748,0.7207045269534461,0.5629377874001952,0.9226863550411049,0.9953164821973104,0.009367035605379194,month_order,正财,0.9953164821973104,1987,full
feature__month_order__七杀,1503,105,0.06986027944111776,14461,978,0.06763017771938316,1.0329749498957097,1.035414872049015,0.8528647117888949,1.257038710174288,0.3625359290551682,0.7250718581103364,month_order,七杀,0.8879652391434708,1987,full
feature__month_order__正官,1599,117,0.07317073170731707,14365,966,0.06724678036895232,1.0880927132252687,1.0928154420863458,0.9100020513599956,1.3123548333518353,0.1709840953130226,0.3419681906260452,month_order,正官,0.854920476565113,1987,full
feature__month_order__偏印,1637,102,0.06230910201588271,14327,981,0.06847211558595659,0.9099923594103482,0.890886112326155,0.7365734936001755,1.0775273235211371,0.8830891677629225,0.2338216644741551,month_order,偏印,0.9639040209637709,1987,full
feature__month_order__正印,1614,108,0.06691449814126393,14350,975,0.06794425087108014,0.9848441521303974,0.9952404037937829,0.8131593479481849,1.2180926946765267,0.5184562063238858,0.9630875873522284,month_order,正印,0.8879652391434708,1987,full
feature__month_stem__比肩,1285,79,0.06147859922178988,11000,790,0.07181818181818182,0.8560311284046691,0.8457001114212312,0.6795349795933705,1.0524972222708233,0.9333957210534508,0.13320855789309835,month_stem,比肩,0.9825218116352115,1987,north
feature__month_stem__劫财,1284,90,0.07009345794392523,11001,779,0.07081174438687392,0.9898563938910416,0.9931821506871163,0.7965411251084686,1.2383676791442022,0.5242301400356768,0.9515397199286463,month_stem,劫财,0.8605370137671766,1987,north
feature__month_stem__食神,1206,87,0.07213930348258707,11079,782,0.07058398772452387,1.0220349658357828,1.031961758785134,0.8551021299440041,1.245401027903701,0.37145165523085644,0.7429033104617129,month_stem,食神,0.804261991213274,1987,north
feature__month_stem__伤官,1276,77,0.0603448275862069,11009,792,0.07194113906803525,0.8388083420411007,0.8264857651512227,0.6355144922418671,1.0748436555521268,0.9224287948748724,0.1551424102502552,month_stem,伤官,0.9825218116352115,1987,north
feature__month_stem__偏财,1207,89,0.07373653686826843,11078,780,0.07040982126737678,1.0472478915726637,1.036054335372869,0.8226254976931202,1.3048569353309196,0.381724475248405,0.76344895049681,month_stem,偏财,0.804261991213274,1987,north
feature__month_stem__正财,1246,109,0.08747993579454254,11039,760,0.06884681583476764,1.2706460674157305,1.2874151028515253,1.0651541495047119,1.5560542554529773,0.004490354209243864,0.008980708418487728,month_stem,正财,0.08980708418487728,1987,north
feature__month_stem__七杀,1187,89,0.07497893850042123,11098,780,0.07028293386195711,1.0668157172790702,1.0837463299999925,0.8704528799760652,1.349304637628114,0.23599910518624062,0.47199821037248124,month_stem,七杀,0.804261991213274,1987,north
feature__month_stem__正官,1138,77,0.06766256590509666,11147,792,0.07105050686283305,0.952316442101152,0.9505154681999836,0.7423640651819281,1.2170304270668355,0.65632391215851,0.6873521756829799,month_stem,正官,0.9376055887978716,1987,north
feature__month_stem__偏印,1205,81,0.06721991701244813,11080,788,0.07111913357400722,0.9451734524085347,0.932142952821028,0.7397047775559927,1.1746449541190553,0.7242843095315147,0.5514313809369706,month_stem,偏印,0.9657124127086862,1987,north
feature__month_stem__正印,1251,91,0.07274180655475619,11034,778,0.07050933478339677,1.03166207393982,1.0452455768284437,0.8366756067403675,1.3058087352825818,0.34838278825894875,0.6967655765178975,month_stem,正印,0.804261991213274,1987,north
feature__month_order__比肩,1235,102,0.0825910931174089,11050,767,0.06941176470588235,1.1898716805050435,1.2063727257344896,0.9911404603458291,1.468344005337312,0.03065563515458078,0.06131127030916156,month_order,比肩,0.3065563515458078,1987,north
feature__month_order__劫财,1332,91,0.06831831831831832,10953,778,0.07103076782616635,0.9618130341138053,0.9826996141128097,0.7815091756054249,1.2356841886460912,0.5593490589486648,0.8813018821026704,month_order,劫财,0.8605370137671766,1987,north
feature__month_order__食神,1314,82,0.0624048706240487,10971,787,0.07173457296508978,0.8699413413169483,0.8769910356475881,0.7068092999136883,1.0881482129623208,0.88346887152058,0.23306225695884009,month_order,食神,0.9825218116352115,1987,north
feature__month_order__伤官,1234,94,0.07617504051863858,11051,775,0.07012940005429373,1.0862069326083548,1.07902153706704,0.8561409163213167,1.3599250488544004,0.25970134072325446,0.5194026814465089,month_order,伤官,0.804261991213274,1987,north
feature__month_order__偏财,1166,86,0.07375643224699828,11119,783,0.0704200017987229,1.0473790167999666,1.0295454698474262,0.8177838756112659,1.2961418121518604,0.402130995606637,0.804261991213274,month_order,偏财,0.804261991213274,1987,north
feature__month_order__正财,1157,60,0.05185825410544512,11128,809,0.07269949676491733,0.7133234260635269,0.7031848256363359,0.514421668506149,0.9612132016932985,0.9863797315850198,0.027240536829960374,month_order,正财,0.9863797315850198,1987,north
feature__month_order__七杀,1143,92,0.0804899387576553,11142,777,0.06973613354873452,1.154207075466918,1.1730445000028642,0.9608798649023191,1.4320556078327793,0.05844539193133426,0.11689078386266852,month_order,七杀,0.3896359462088951,1987,north
feature__month_order__正官,1227,97,0.07905460472697637,11058,772,0.06981370953156087,1.13236505060998,1.127717531708806,0.9265508988128542,1.372560139926291,0.11526232898882366,0.23052465797764732,month_order,正官,0.5763116449441182,1987,north
feature__month_order__偏印,1243,78,0.06275140788415125,11042,791,0.07163557326571274,0.8759810946356485,0.8646991587662654,0.6938606322128034,1.0776006022802718,0.9022530072363721,0.19549398552725583,month_order,偏印,0.9825218116352115,1987,north
feature__month_order__正印,1234,87,0.07050243111831442,11051,782,0.07076282689349381,0.996320161494236,0.9923925259027068,0.7892968068329578,1.2477472567249104,0.526059381947391,0.947881236105218,month_order,正印,0.8605370137671766,1987,north
feature__month_stem__比肩,1594,103,0.06461731493099122,14826,959,0.06468366383380547,0.998974255648463,1.009956576082122,0.8586319622760678,1.1879505194142403,0.4523886890447922,0.9047773780895844,month_stem,比肩,0.8225248891723493,1988,full
feature__month_stem__劫财,1602,109,0.06803995006242197,14818,953,0.06431367256039952,1.0579391185991276,1.072289550531223,0.8753813255002582,1.3134903003800864,0.25007524342881005,0.5001504868576201,month_stem,劫财,0.7389763459891895,1988,full
feature__month_stem__食神,1503,100,0.0665335994677312,14917,962,0.06449017899041362,1.0316857622246842,1.0170345773836853,0.8424234156622987,1.227837821650311,0.43024167726012996,0.8604833545202599,month_stem,食神,0.8225248891723493,1988,full
feature__month_stem__伤官,1546,105,0.06791720569210867,14874,957,0.06434045986284792,1.0555909273400463,1.0610352746249754,0.8476630504060094,1.3281171728073657,0.30250808219851544,0.6050161643970309,month_stem,伤官,0.7389763459891895,1988,full
feature__month_stem__偏财,1732,123,0.0710161662817552,14688,939,0.0639297385620915,1.1108471249695637,1.1218047862208216,0.9415691687121592,1.3365411912426948,0.09917974066483054,0.19835948132966108,month_stem,偏财,0.7389763459891895,1988,full
feature__month_stem__正财,1736,104,0.059907834101382486,14684,958,0.06524107872514301,0.9182532734287061,0.9101056891978381,0.7550598538262443,1.0969890152587558,0.8385531296804242,0.32289374063915166,month_stem,正财,0.9317256996449157,1988,full
feature__month_stem__七杀,1738,126,0.07249712313003452,14682,936,0.06375153248876175,1.1371824378153492,1.1480480042616936,0.9351648083626243,1.4093924496549037,0.09351726290258333,0.18703452580516666,month_stem,七杀,0.7389763459891895,1988,full
feature__month_stem__正官,1581,83,0.05249841872232764,14839,979,0.06597479614529281,0.7957344590608988,0.7909341133089175,0.6471610212603826,0.9666477909584504,0.9890298553520889,0.021940289295822247,month_stem,正官,0.9890298553520889,1988,full
feature__month_stem__偏印,1584,101,0.06376262626262626,14836,961,0.06477487193313562,0.984372864965997,0.9744340905318605,0.7995413575155044,1.1875830910626048,0.6012573805348111,0.7974852389303777,month_stem,偏印,0.8365408833081429,1988,full
feature__month_stem__正印,1804,108,0.0598669623059867,14616,954,0.06527093596059114,0.9172070451407772,0.9098811878226972,0.7163582646900519,1.1556839876927287,0.7805536854247854,0.43889262915042926,month_stem,正印,0.9317256996449157,1988,full
feature__month_order__比肩,1544,105,0.06800518134715026,14876,957,0.06433180962624362,1.0571003946919617,1.0435968648349216,0.8602527211595082,1.2660168221558439,0.33253935569513526,0.6650787113902705,month_order,比肩,0.7389763459891895,1988,full
feature__month_order__劫财,1603,102,0.06363069245165315,14817,960,0.06479044340959708,0.982099968808484,0.9764299368321653,0.7738836705222581,1.2319880336777884,0.5796872086440937,0.8406255827118125,month_order,劫财,0.8365408833081429,1988,full
feature__month_order__食神,1538,104,0.06762028608582575,14882,958,0.06437306813600323,1.0504437343729214,1.0514754507194923,0.8640796085652263,1.2795124575403072,0.3081097206123637,0.6162194412247274,month_order,食神,0.7389763459891895,1988,full
feature__month_order__伤官,1647,112,0.06800242865816636,14773,950,0.06430650511067489,1.0574735563864122,1.0551689275745735,0.8673739953958804,1.283623294713504,0.29561744450945004,0.5912348890189001,month_order,伤官,0.7389763459891895,1988,full
feature__month_order__偏财,1690,105,0.0621301775147929,14730,957,0.064969450101833,0.956298343566248,0.9670341289071792,0.7900270342047055,1.1837000076999349,0.6274056624811072,0.7451886750377856,month_order,偏财,0.8365408833081429,1988,full
feature__month_order__正财,1794,112,0.06243032329988852,14626,950,0.06495282373854779,0.9611641142991258,0.9663483818048594,0.7851814652013719,1.189316401880902,0.6267155052320876,0.7465689895358246,month_order,正财,0.8365408833081429,1988,full
feature__month_order__七杀,1594,113,0.07089084065244668,14826,949,0.06400917307432888,1.107510646483851,1.1038658194761204,0.9145020733733699,1.332440661302026,0.15169927079919387,0.30339854159838775,month_order,七杀,0.7389763459891895,1988,full
feature__month_order__正官,1685,98,0.058160237388724036,14735,964,0.065422463522226,0.8889949148577267,0.910152822557446,0.7429920979191823,1.1149218985359803,0.8184017372821417,0.36319652543571657,month_order,正官,0.9317256996449157,1988,full
feature__month_order__偏印,1739,96,0.055204140310523286,14681,966,0.06579933247054015,0.8389772090049611,0.8379992365176664,0.6789177647624604,1.0343560838327635,0.9500669386884767,0.09986612262304657,month_order,偏印,0.9890298553520889,1988,full
feature__month_order__正印,1586,115,0.0725094577553594,14834,947,0.06383982742348658,1.1358028472470976,1.1136022858557186,0.919924563262299,1.3480562435090537,0.13483990380662114,0.2696798076132423,month_order,正印,0.7389763459891895,1988,full
feature__month_stem__比肩,1224,75,0.061274509803921566,11302,776,0.06866041408600247,0.8924284920153629,0.8954458406407277,0.7365873854765428,1.0885650084844065,0.8661399957593408,0.2677200084813185,month_stem,比肩,0.9460109771999453,1988,north
feature__month_stem__劫财,1239,84,0.06779661016949153,11287,767,0.06795428368919997,0.9976797118423087,1.009127833968255,0.7878184091439829,1.2926062319309786,0.47132656892273894,0.9426531378454779,month_stem,劫财,0.9426531378454779,1988,north
feature__month_stem__食神,1135,82,0.0722466960352423,11391,769,0.0675094372750417,1.07017180043881,1.062277980144953,0.8635828808273698,1.3066892965962056,0.28371939110652933,0.5674387822130587,month_stem,食神,0.7092984777663233,1988,north
feature__month_stem__伤官,1193,88,0.07376362112321877,11333,763,0.06732550957381099,1.0956266293439558,1.1034098210078598,0.8712786532012898,1.3973867357167047,0.20708528439291674,0.41417056878583347,month_stem,伤官,0.6902842813097225,1988,north
feature__month_stem__偏财,1337,102,0.0762902019446522,11189,749,0.0669407453749218,1.1396676496110996,1.1438689737882535,0.9314588454206792,1.4047171655817565,0.09982905817174481,0.19965811634348962,month_stem,偏财,0.6009377518887269,1988,north
feature__month_stem__正财,1321,87,0.06585919757759273,11205,764,0.0681838464970995,0.9659061634252966,0.9588588511866858,0.7709941540708852,1.1924996987908683,0.6471390444519588,0.7057219110960824,month_stem,正财,0.9460109771999453,1988,north
feature__month_stem__七杀,1284,97,0.07554517133956386,11242,754,0.06706991638498488,1.1263644777180064,1.13933229313326,0.9119871852565796,1.4233512215537212,0.12534084240068266,0.2506816848013653,month_stem,七杀,0.6009377518887269,1988,north
feature__month_stem__正官,1228,68,0.05537459283387622,11298,783,0.06930430164630907,0.799006577058919,0.7886876760932424,0.632831091902814,0.982929344623425,0.9827116305593087,0.034576738881382775,month_stem,正官,0.9827116305593087,1988,north
feature__month_stem__偏印,1182,81,0.06852791878172589,11344,770,0.06787729196050776,1.0095853385193485,1.0112761640198225,0.8041667497749094,1.2717256467031253,0.4617982727848603,0.9235965455697206,month_stem,偏印,0.9426531378454779,1988,north
feature__month_stem__正印,1383,87,0.06290672451193059,11143,764,0.06856322354841604,0.9174995173251868,0.9096141965145849,0.7103887938378098,1.1647114842999318,0.7737062461953143,0.4525875076093715,month_stem,正印,0.9460109771999453,1988,north
feature__month_order__比肩,1170,76,0.06495726495726496,11356,775,0.06824586121873899,0.9518125172318722,0.9329247033848453,0.7587376682547591,1.1471006892114222,0.7448809752978709,0.5102380494042583,month_order,比肩,0.9460109771999453,1988,north
feature__month_order__劫财,1214,80,0.06589785831960461,11312,771,0.06815770862800566,0.9668438045543026,0.9613487371861013,0.7268559856884729,1.2714917572205506,0.6088458957187006,0.7823082085625986,month_order,劫财,0.9460109771999453,1988,north
feature__month_order__食神,1177,90,0.07646559048428207,11349,761,0.06705436602343819,1.1403521503365537,1.1456751677356152,0.9324756044531977,1.4076202998744616,0.09774417622965365,0.1954883524593073,month_order,食神,0.6009377518887269,1988,north
feature__month_order__伤官,1283,96,0.07482462977396727,11243,755,0.0671528951347505,1.114242798077767,1.11803406616175,0.9051753976662815,1.3809480199317397,0.15023443797218172,0.30046887594436344,month_order,伤官,0.6009377518887269,1988,north
feature__month_order__偏财,1312,84,0.06402439024390244,11214,767,0.06839664704833244,0.9360749833052437,0.943718951704599,0.7278307086796855,1.2236436978896121,0.668974469768777,0.662051060462446,month_order,偏财,0.9460109771999453,1988,north
feature__month_order__正财,1384,93,0.06719653179190752,11142,758,0.06803087416980794,0.9877358274741866,0.9885285541336013,0.7956269874416253,1.2281995429537438,0.5414828375294425,0.917034324941115,month_order,正财,0.9460109771999453,1988,north
feature__month_order__七杀,1234,88,0.0713128038897893,11292,763,0.06756996103436061,1.0553921120884677,1.0605542249646116,0.8723794723281403,1.2893188111001432,0.27761013702871895,0.5552202740574379,month_order,七杀,0.7092984777663233,1988,north
feature__month_order__正官,1264,74,0.058544303797468354,11262,777,0.06899307405434203,0.8485533453887885,0.8542329708254981,0.6703919525637059,1.088488556067524,0.898710428339948,0.20257914332010407,month_order,正官,0.9460109771999453,1988,north
feature__month_order__偏印,1286,78,0.060653188180404355,11240,773,0.06877224199288257,0.8819428656503815,0.8773865702522519,0.6924448727133486,1.1117234367589675,0.8606109332322702,0.27877813353545966,month_order,偏印,0.9460109771999453,1988,north
feature__month_order__正印,1202,92,0.07653910149750416,11324,759,0.06702578594136348,1.1419351585740938,1.1402359365360772,0.9179524848810714,1.4163456305004165,0.11777199611803435,0.2355439922360687,month_order,正印,0.6009377518887269,1988,north
feature__month_stem__比肩,1638,116,0.07081807081807082,14672,937,0.06386314067611777,1.1089036660007845,1.1016613431482034,0.9304271003128666,1.3044092488051968,0.13064770417076027,0.26129540834152054,month_stem,比肩,0.8520285587124163,1989,full
feature__month_stem__劫财,1630,101,0.06196319018404908,14680,952,0.06485013623978202,0.9554828066195804,0.9425461365595108,0.8149829422274747,1.0900758451644934,0.7874264315593309,0.4251471368813381,month_stem,劫财,0.8749182572881454,1989,full
feature__month_stem__食神,1646,120,0.07290400972053462,14664,933,0.06362520458265139,1.1458353682121327,1.1672859938529585,0.9800597043905709,1.3902791690558949,0.04144273600294889,0.08288547200589778,month_stem,食神,0.8288547200589778,1989,full
feature__month_stem__伤官,1700,104,0.0611764705882353,14610,949,0.06495550992470911,0.9418211120064464,0.9575723377120569,0.7874193621507907,1.1644935672482721,0.6679782114342595,0.664043577131481,month_stem,伤官,0.8520285587124163,1989,full
feature__month_stem__偏财,1656,95,0.057367149758454104,14654,958,0.06537464173604476,0.8775137918166873,0.8732936748166801,0.7058771601262978,1.0804172249154047,0.8939283284599562,0.21214334308008753,month_stem,偏财,0.8939283284599562,1989,full
feature__month_stem__正财,1640,103,0.06280487804878049,14670,950,0.06475800954328562,0.969839537869063,0.9615670841129004,0.7904015997036515,1.1697993242878733,0.6524203349221798,0.6951593301556406,month_stem,正财,0.8520285587124163,1989,full
feature__month_stem__七杀,1556,102,0.06555269922879177,14754,951,0.06445709638064254,1.0169973968681323,1.0293388210491605,0.8511651617439293,1.2448094167153367,0.3827771246948455,0.765554249389691,month_stem,七杀,0.8520285587124163,1989,full
feature__month_stem__正官,1590,93,0.05849056603773585,14720,960,0.06521739130434782,0.8968553459119497,0.893210363374212,0.7375134230407646,1.081776586451354,0.8760859989952561,0.24782800200948785,month_stem,正官,0.8939283284599562,1989,full
feature__month_stem__偏印,1594,111,0.06963613550815559,14716,942,0.06401195977167709,1.087861327110422,1.096749493290617,0.898524767802166,1.3387048350102537,0.1819442446118988,0.3638884892237976,month_stem,偏印,0.8520285587124163,1989,full
feature__month_stem__正印,1660,108,0.06506024096385542,14650,945,0.06450511945392491,1.008605851979346,0.9916991465046155,0.8014133792454972,1.2271659328970563,0.5305636426138641,0.9388727147722717,month_stem,正印,0.8520285587124163,1989,full
feature__month_order__比肩,1772,120,0.06772009029345373,14538,933,0.06417664052827074,1.055214011453623,1.067944142239839,0.8764036975547012,1.3013462792621324,0.2572583529303814,0.5145167058607628,month_order,比肩,0.8520285587124163,1989,full
feature__month_order__劫财,1626,98,0.06027060270602706,14684,955,0.06503677472078452,0.9267157383615722,0.9161300618604045,0.7362729417366247,1.1399227686742506,0.78393735226302,0.43212529547396017,month_order,劫财,0.8749182572881454,1989,full
feature__month_order__食神,1674,107,0.06391875746714457,14636,946,0.0646351462148128,0.988916421024448,0.9857108370256668,0.8162996508052922,1.190280864718387,0.5594535886718479,0.8810928226563041,month_order,食神,0.8520285587124163,1989,full
feature__month_order__伤官,1561,99,0.06342088404868675,14749,954,0.06468235134585396,0.9804975040189526,1.003707568879587,0.8079893291433085,1.2468343918530747,0.4866618150458902,0.9733236300917804,month_order,伤官,0.8520285587124163,1989,full
feature__month_order__偏财,1499,95,0.06337558372248166,14811,958,0.06468165552629802,0.9798076936468432,0.9789723288108124,0.799996254412994,1.197989134687252,0.5817265735525661,0.8365468528948679,month_order,偏财,0.8520285587124163,1989,full
feature__month_order__正财,1522,96,0.06307490144546649,14788,957,0.06471463348661076,0.974662113454084,0.9685975722245577,0.8202755293063347,1.1437391747047232,0.646633938660263,0.706732122679474,month_order,正财,0.8520285587124163,1989,full
feature__month_order__七杀,1663,109,0.06554419723391461,14647,944,0.06445005803236158,1.0169765433105373,1.008154912170074,0.8094080302766402,1.2557032904470584,0.47110255552045155,0.9422051110409031,month_order,七杀,0.8520285587124163,1989,full
feature__month_order__正官,1652,114,0.06900726392251816,14658,939,0.06406058125255833,1.077218822764932,1.0659353455023441,0.8933469150372034,1.2718666641882161,0.23930548597392504,0.4786109719478501,month_order,正官,0.8520285587124163,1989,full
feature__month_order__偏印,1668,109,0.06534772182254196,14642,944,0.06447206665756045,1.0135819310653171,1.0346879151928752,0.8672928783963187,1.2343916438305698,0.3524483093604772,0.7048966187209544,month_order,偏印,0.8520285587124163,1989,full
feature__month_order__正印,1673,106,0.06335923490735207,14637,947,0.06469905035184806,0.9792915748034976,0.9653690264425877,0.8339968644735127,1.1174350850863508,0.6816228469699331,0.6367543060601337,month_order,正印,0.8520285587124163,1989,full
feature__month_stem__比肩,1269,98,0.07722616233254531,11275,776,0.06882483370288249,1.1220682735817633,1.117222550789857,0.955378438230577,1.3064835650939712,0.08252505111847652,0.16505010223695304,month_stem,比肩,0.5501670074565101,1989,north
feature__month_stem__劫财,1227,84,0.06845965770171149,11317,790,0.06980648581779623,0.9807062610256568,0.9709204974507595,0.8198698468269373,1.149800320158643,0.6338448075075241,0.7323103849849517,month_stem,劫财,0.9008784432885679,1989,north
feature__month_stem__食神,1285,101,0.07859922178988327,11259,773,0.06865618616218136,1.1448235939615727,1.1714264593592576,0.9776553330189003,1.4036029910966976,0.04316819640636324,0.08633639281272648,month_stem,食神,0.5501670074565101,1989,north
feature__month_stem__伤官,1299,84,0.06466512702078522,11245,790,0.07025344597598933,0.92045487765662,0.937722002198995,0.7665840437540612,1.1470660791502203,0.7341580501091319,0.5316838997817361,month_stem,伤官,0.9008784432885679,1989,north
feature__month_stem__偏财,1271,77,0.06058221872541306,11273,797,0.0706999024217156,0.8568925366268274,0.8425696472870688,0.6628902070350661,1.0709520264370136,0.9192185031228871,0.16156299375422578,month_stem,偏财,0.953239619182668,1989,north
feature__month_stem__正财,1224,82,0.06699346405228758,11320,792,0.06996466431095406,0.9575328447877467,0.9498128703987808,0.7841483897021315,1.1504767472874133,0.7007448842854012,0.5985102314291978,month_stem,正财,0.9008784432885679,1989,north
feature__month_stem__七杀,1201,86,0.07160699417152373,11343,788,0.06947015780657674,1.0307590544258804,1.0476301595253295,0.8529520987930858,1.2867416033093229,0.32865954034727757,0.6573190806945551,month_stem,七杀,0.8831969767837315,1989,north
feature__month_stem__正官,1259,77,0.06115965051628276,11285,797,0.07062472308373947,0.8659807478999385,0.8559846211642046,0.6933759791568891,1.0567277980419305,0.9260060856404506,0.14798782871909866,month_stem,正官,0.953239619182668,1989,north
feature__month_stem__偏印,1216,93,0.07648026315789473,11328,781,0.06894420903954802,1.1093065570456229,1.121086330212713,0.9296522394880786,1.351940549814515,0.11576292664135823,0.23152585328271647,month_stem,偏印,0.5788146332067912,1989,north
feature__month_stem__正印,1293,92,0.0711523588553751,11251,782,0.0695049328948538,1.02370228833993,1.0073164898022346,0.8191421367893956,1.2387184898148815,0.4724567488425732,0.9449134976851464,month_stem,正印,0.9008784432885679,1989,north
feature__month_order__比肩,1387,105,0.07570295602018745,11157,769,0.06892533835260374,1.0983327442356716,1.1047748895339566,0.9129950124769075,1.3368392377451646,0.15284943087432767,0.30569886174865535,month_order,比肩,0.6113977234973107,1989,north
feature__month_order__劫财,1250,73,0.0584,11294,801,0.07092261377722685,0.823432709113608,0.8123461267707048,0.6371734807122851,1.035677487615568,0.953239619182668,0.09352076163466398,month_order,劫财,0.953239619182668,1989,north
feature__month_order__食神,1313,88,0.06702208682406702,11231,786,0.0699848633247262,0.9576654670751867,0.9469031557937952,0.7874924311542243,1.1385831164600124,0.7190712149603469,0.5618575700793064,month_order,食神,0.9008784432885679,1989,north
feature__month_order__伤官,1179,83,0.07039864291772689,11365,791,0.06959964804223494,1.0114798694816258,1.0279796748309022,0.8348982313516892,1.2657137986202172,0.3974386395526792,0.7948772791053584,month_order,伤官,0.8831969767837315,1989,north
feature__month_order__偏财,1171,79,0.06746370623398805,11373,795,0.06990240042205223,0.9651128691813158,0.9630495518111338,0.7755547201618938,1.1958723416060464,0.6333775103430408,0.7332449793139185,month_order,偏财,0.9008784432885679,1989,north
feature__month_order__正财,1171,77,0.06575576430401367,11373,797,0.07007825551745361,0.9383190808400848,0.9278792522028452,0.7578714115299339,1.136023728524698,0.7657466767952827,0.4685066464094345,month_order,正财,0.9008784432885679,1989,north
feature__month_order__七杀,1280,93,0.07265625,11264,781,0.0693359375,1.0478873239436621,1.0473123853248938,0.8503125890490266,1.2899529497518432,0.33184955280993017,0.6636991056198603,month_order,七杀,0.8831969767837315,1989,north
feature__month_order__正官,1273,92,0.07227022780832679,11271,782,0.0693815987933635,1.0416339355852318,1.0347474288623755,0.8655022953050625,1.237087697335231,0.35388758056611047,0.7077751611322209,month_order,正官,0.8831969767837315,1989,north
feature__month_order__偏印,1251,95,0.0759392486011191,11293,779,0.0689807845568051,1.1008753972431808,1.1420362535799522,0.9669739592103678,1.348792066288923,0.0588601344195311,0.1177202688390622,month_order,偏印,0.5501670074565101,1989,north
feature__month_order__正印,1269,89,0.07013396375098503,11275,785,0.06962305986696231,1.0073381417737022,0.9946095169636247,0.8358139907663801,1.1835744581489318,0.5242822427975186,0.9514355144049629,month_order,正印,0.9008784432885679,1989,north
