member_slug,display_name,class,section,election_year,deceased_marker,candidate_dob,raw_birth_marker,structure_year,pdf_page,context,pdf_url,publication_locator,source_status,rule,bazi_variables_computed,decision
albert-eschenmoser,Prof. Dr. Albert Eschenmoser (,"Class I: Mathematics, Natural Sciences and Engineering",Chemistry,1976,1,1925-08-05,*05.08.1925,2024,383,"th Date of death Erdmann, Jeanette Humangenetik und Lübeck 08.07.2023 *21.11.1965 Molekulare Medizin Eschenmoser, Albert Chemie Küsnacht, CH 14.07.2023 *05.08.1925 Cothenius-Medaille 1991 Fulde, Peter Physik Dresden 11.04.2024 *06.04.1936 Helms, Jan Ophthalmologie, Oto- Tübingen 05.",https://www.leopoldina.org/fileadmin/Migrierte_Daten/Publikationen/Dokumente/2024_Leopoldina_Struktur_und_Mitglieder_web.pdf,https://www.leopoldina.org/ergebnisse-und-termine/publikationen/detail/leopoldina-struktur-und-mitglieder-2024,available,first_starred_exact_date_after_member_name_within_320_chars,0,accept_official_structure_table_exact_dob
albrecht-pietsch,Professor Dr Albrecht Pietsch (,"Class I: Mathematics, Natural Sciences and Engineering",Mathematics,1974,1,1934-09-13,*13.09.1934,2025,422,"mit Geburtsdatum) Sektion Sterbeort Sterbedatum Name (birth date) Section Place of death Date of death Pietsch, Albrecht Mathematik Jena 10.03.2024 *13.09.1934 Röbbelen, Gerhard Agrar- und Ernährungs- Göttingen 01.08.2024 *10.05.1929 wissenschaften Senator 1998-2002 Obperson 199",https://www.leopoldina.org/fileadmin/Daten/Publikationen/Dokumente/2025_Leopoldina_Struktur_und_Mitglieder.pdf,https://www.leopoldina.org/ergebnisse-und-termine/publikationen/detail/leopoldina-struktur-und-mitglieder-2025,available,first_starred_exact_date_after_member_name_within_320_chars,0,accept_official_structure_table_exact_dob
dagmar-schipanski,Prof. Dr. Dagmar Schipanski (,"Class I: Mathematics, Natural Sciences and Engineering",Engineering Sciences,1998,1,1943-09-03,*03.09.1943,2023,361,"it Geburtsdatum) Sektion Sterbeort Sterbedatum Name (birth date) Section Place of death Date of death Schipanski, Dagmar Technikwissenschaften Ilmenau 07.09.2022 *03.09.1943 Stellvertretende Senatorin 1998-2002 Schmidt, Maarten Physik Fresno, CA 17.09.2022 *28.12.1929 Schubert, Rudolf Organis",https://www.leopoldina.org/fileadmin/Daten/Publikationen/Dokumente/2023_Leopoldina_Struktur_und_Mitglieder_Cover.pdf,https://www.leopoldina.org/ergebnisse-und-termine/publikationen/detail/leopoldina-struktur-und-mitglieder-2023,available,first_starred_exact_date_after_member_name_within_320_chars,0,accept_official_structure_table_exact_dob
dieter-kohn,Professor Dr Dieter Kohn (,Class III: Medicine,"Surgery, Orthopaedics, Anaesthesiology",2007,1,1953-02-09,*09.02.1953,2023,360,"2 Stomatologie Obperson 1998-2002 Kleihues, Paul Pathologie und Zürich 17.03.2022 *21.05.1936 Rechtsmedizin Kohn, Dieter Chirurgie, Orthopädie Homburg (Saar) 18.09.2022 *09.02.1953 und Anästhesiologie Obperson 2011-2016 Lohmann, Dieter Innere Medizin und Leipzig 16.06.2023 *09.12.1927 Dermatologie A",https://www.leopoldina.org/fileadmin/Daten/Publikationen/Dokumente/2023_Leopoldina_Struktur_und_Mitglieder_Cover.pdf,https://www.leopoldina.org/ergebnisse-und-termine/publikationen/detail/leopoldina-struktur-und-mitglieder-2023,available,first_starred_exact_date_after_member_name_within_320_chars,0,accept_official_structure_table_exact_dob
dieter-lohmann,Prof. Dr. Dieter Lohmann (,Class III: Medicine,Internal Medicine and Dermatology,1982,1,1927-12-09,*09.12.1927,2023,360,"Kohn, Dieter Chirurgie, Orthopädie Homburg (Saar) 18.09.2022 *09.02.1953 und Anästhesiologie Obperson 2011-2016 Lohmann, Dieter Innere Medizin und Leipzig 16.06.2023 *09.12.1927 Dermatologie Adjunkt 1990-2004 Manin, Yuri I. Mathematik Bonn 07.01.2023 *16.02.1937 Mörl, Hubert Innere Medizin und Ba",https://www.leopoldina.org/fileadmin/Daten/Publikationen/Dokumente/2023_Leopoldina_Struktur_und_Mitglieder_Cover.pdf,https://www.leopoldina.org/ergebnisse-und-termine/publikationen/detail/leopoldina-struktur-und-mitglieder-2023,available,first_starred_exact_date_after_member_name_within_320_chars,0,accept_official_structure_table_exact_dob
dieter-oesterhelt,Prof. Dr. Dieter Oesterhelt (,Class II: Life Sciences,Biochemistry and Biophysics,1989,1,1940-11-10,*10.11.1940,2023,360,"11.1933 Nilsson, Lars-Göran Psychologie und Stockholm 27.11.2022 *14.07.1944 Kognitionswissenschaften Oesterhelt, Dieter Biochemie und Biophysik München 28.11.2022 *10.11.1940 Mendel-Medaille 1993 Rigler, Rudolf Biochemie und Djursholm 05.010.2022 *13.09.1936 Biophysik Röllinghoff Martin Mikrob",https://www.leopoldina.org/fileadmin/Daten/Publikationen/Dokumente/2023_Leopoldina_Struktur_und_Mitglieder_Cover.pdf,https://www.leopoldina.org/ergebnisse-und-termine/publikationen/detail/leopoldina-struktur-und-mitglieder-2023,available,first_starred_exact_date_after_member_name_within_320_chars,0,accept_official_structure_table_exact_dob
erich-hecker,Prof. Dr. Erich Hecker (,Class II: Life Sciences,Biochemistry and Biophysics,1989,1,1926-07-07,*07.07.1926,2025,421,"Humangenetik und Halle (Saale) 14.07.2024 *31.01.1944 Molekulare Medizin Sekretär für Medizin 2005-2010 Hecker, Erich Biochemie und Heidelberg 19.07.2024 *07.07.1926 Biophysik Hofmann, Klaus-Peter Biochemie und Berlin 20.07.2024 *14.12.1943 Biophysik Kalender, Willi A. Radiologie Erla",https://www.leopoldina.org/fileadmin/Daten/Publikationen/Dokumente/2025_Leopoldina_Struktur_und_Mitglieder.pdf,https://www.leopoldina.org/ergebnisse-und-termine/publikationen/detail/leopoldina-struktur-und-mitglieder-2025,available,first_starred_exact_date_after_member_name_within_320_chars,0,accept_official_structure_table_exact_dob
erich-thenius,Prof. Dr. Erich Thenius (,"Class I: Mathematics, Natural Sciences and Engineering",Earth Sciences,1987,1,1924-12-26,*26.12.1924,2023,361,"22 *10.02.1939 biologie und Zellbiologie Stöffler, Dieter Geowissenschaften Berlin 05.04.2023 *23.05.1939 Thenius, Erich Geowissenschaften Wien 29.12.2022 *26.12.1924 Tits, Jacques Mathematik Paris 05.12.2021 *12.08.1930 Varró, Vince Innere Medizin Szeged 19.012.2021 *13.10.1921 und De",https://www.leopoldina.org/fileadmin/Daten/Publikationen/Dokumente/2023_Leopoldina_Struktur_und_Mitglieder_Cover.pdf,https://www.leopoldina.org/ergebnisse-und-termine/publikationen/detail/leopoldina-struktur-und-mitglieder-2023,available,first_starred_exact_date_after_member_name_within_320_chars,0,accept_official_structure_table_exact_dob
ernst-georg-krause,Prof. Dr. Ernst-Georg Krause (,Class II: Life Sciences,Human Genetics and Molecular Medicine,1988,1,1934-07-10,*10.07.1934,2025,421,"32 stellv. Senator 1998-2006 Obperson 1998-2006 Korte, Bernard Ernst-Georg Mathematik Bonn 26.04.2025 *03.11.1938 Krause, Ernst-Georg Humangenetik und Berlin 14.12.2024 *10.07.1934 Molekulare Medizin Kümmel, Werner Wissenschafts- und Udenheim 21.01.2025 *17.10.1936 Medizingeschichte stell. Senator 2",https://www.leopoldina.org/fileadmin/Daten/Publikationen/Dokumente/2025_Leopoldina_Struktur_und_Mitglieder.pdf,https://www.leopoldina.org/ergebnisse-und-termine/publikationen/detail/leopoldina-struktur-und-mitglieder-2025,available,first_starred_exact_date_after_member_name_within_320_chars,0,accept_official_structure_table_exact_dob
friedrich-ehrendorfer,Prof. Dr. Friedrich Ehrendorfer (,Class II: Life Sciences,Organismic and Evolutionary Biology,1977,1,1927-07-26,*26.07.1927,2024,382,"MD 28.03.2023 *28.02.1921 wissenschaften Dransfeld, Klaus Physik Konstanz 26.04.2024 *12.08.1926 Ehrendorfer, Friedrich Organismische und Wien, AT 28.11.2023 *26.07.1927 Evolutionäre Biologie Adjunkt 1981-1992",https://www.leopoldina.org/fileadmin/Migrierte_Daten/Publikationen/Dokumente/2024_Leopoldina_Struktur_und_Mitglieder_web.pdf,https://www.leopoldina.org/ergebnisse-und-termine/publikationen/detail/leopoldina-struktur-und-mitglieder-2024,available,first_starred_exact_date_after_member_name_within_320_chars,0,accept_official_structure_table_exact_dob
gottfried-benad,Prof. Dr. Gottfried Benad (,Class III: Medicine,"Surgery, Orthopaedics, Anaesthesiology",1985,1,1932-03-15,*15.03.1932,2024,382,"1944 Medizingeschichte Bauch, Karlheinz Innere Medizin und Chemnitz 28.11.2023 *19.02.1936 Dermatologie Benad, Gottfried Chirurgie, Orthopädie Dummerstorf 24.02.2024 *15.03.1932 und Anästhesiologie Adjunkt 1996-2004 Davidoff, Michail Anat omie und Hamburg 19.06.2024 *18.07.1940 Anthropologie Deck",https://www.leopoldina.org/fileadmin/Migrierte_Daten/Publikationen/Dokumente/2024_Leopoldina_Struktur_und_Mitglieder_web.pdf,https://www.leopoldina.org/ergebnisse-und-termine/publikationen/detail/leopoldina-struktur-und-mitglieder-2024,available,first_starred_exact_date_after_member_name_within_320_chars,0,accept_official_structure_table_exact_dob
hans-georg-borst,Prof. Dr. Hans-Georg Borst (,Class III: Medicine,"Surgery, Orthopaedics, Anaesthesiology",1986,1,1927-10-17,*17.10.1927,2023,359,"Name (birth date) Section Place of death Date of death Binder, Kurt Physik Nieder-Olm 27.09.2022 *10.02.1944 Borst, Hans Georg Chirurgie, Orthopädie München 08.09.2022 *17.10.1927 und Anästhesiologie Burgen, Sir Arnold Physiologie und Pharma- Cambridge 26.05.2022 *20.03.1922 kologie/Toxikologie Hau",https://www.leopoldina.org/fileadmin/Daten/Publikationen/Dokumente/2023_Leopoldina_Struktur_und_Mitglieder_Cover.pdf,https://www.leopoldina.org/ergebnisse-und-termine/publikationen/detail/leopoldina-struktur-und-mitglieder-2023,available,first_starred_exact_date_after_member_name_within_320_chars,0,accept_official_structure_table_exact_dob
hans-lutz,Prof. Dr. Hans Lutz (,Class III: Medicine,Veterinary Medicine,2003,1,1946-03-20,*20.03.1946,2024,383,"eipzig 26.08.2023 Maria-Elisabeth *24.08.1953 Kühnau, Reinhard Mathematik Sangerhausen 18.11.2022 *26.10.1936 Lutz, Hans Veterinärmedizin Zürich, CH 29.03.2024 *20.03.1946 Müller, Achim Chemie Detmold 28.02.2024 *14.02.1938 Müller-Krumbhaar, Heiner Physik Monheim am Rhein 23.01.2024 *20.04.",https://www.leopoldina.org/fileadmin/Migrierte_Daten/Publikationen/Dokumente/2024_Leopoldina_Struktur_und_Mitglieder_web.pdf,https://www.leopoldina.org/ergebnisse-und-termine/publikationen/detail/leopoldina-struktur-und-mitglieder-2024,available,first_starred_exact_date_after_member_name_within_320_chars,0,accept_official_structure_table_exact_dob
hans-tuppy,Prof. Dr. Hans Tuppy (,Class II: Life Sciences,Biochemistry and Biophysics,1965,1,1924-07-22,*22.07.1924,2024,384,"Medizin Starke, Klaus Physiologie und Freiburg im Breisgau 26.01.2024 *01.11.1937 Pharmakologie/ Toxikologie Tuppy, Hans Biochemie und Wien 24.04.2024 *22.07.1924 Biophysik Adjunkt 1992-1998 Wilmut, Ian Veterinärmedizin Edinburgh, GB 10.09.2023 *07.07.1944",https://www.leopoldina.org/fileadmin/Migrierte_Daten/Publikationen/Dokumente/2024_Leopoldina_Struktur_und_Mitglieder_web.pdf,https://www.leopoldina.org/ergebnisse-und-termine/publikationen/detail/leopoldina-struktur-und-mitglieder-2024,available,first_starred_exact_date_after_member_name_within_320_chars,0,accept_official_structure_table_exact_dob
harald-zur-hausen,Professor Dr Harald zur Hausen (,Class II: Life Sciences,Human Genetics and Molecular Medicine,1987,1,1936-03-11,*11.03.1936,2023,359,"esiologie Burgen, Sir Arnold Physiologie und Pharma- Cambridge 26.05.2022 *20.03.1922 kologie/Toxikologie Hausen, Harald zur Humangenetik und Heidelberg 25.05.2023 *11.03.1936 Molekulare Medizin Altpräsidialmitglied 2009-2014 Vizepräsident 2003-2009 Senator 1998-2003 Obperson 1998-2003 Nobelpre",https://www.leopoldina.org/fileadmin/Daten/Publikationen/Dokumente/2023_Leopoldina_Struktur_und_Mitglieder_Cover.pdf,https://www.leopoldina.org/ergebnisse-und-termine/publikationen/detail/leopoldina-struktur-und-mitglieder-2023,available,first_starred_exact_date_after_member_name_within_320_chars,0,accept_official_structure_table_exact_dob
heinz-schulz,Prof. Dr. Heinz Schulz (,"Class I: Mathematics, Natural Sciences and Engineering",Earth Sciences,1997,1,1935-06-05,*05.06.1935,2025,422,"4.1946 Ophthalmologie, Oto-Rhino-Laryngologie Petersberg 10.04.2025 Senator 2002-2011 Obperson 2002-2011 Schulz, Heinz Geowissenschaften München 01.12.2024 *05.06.1935 Spranger, Jürgen W. Gynäkologie und Sinzheim 17.03.2025 *01.01.1931 Pädiatrie Senator 1998-2002 Obperson 1998-2002 Stod",https://www.leopoldina.org/fileadmin/Daten/Publikationen/Dokumente/2025_Leopoldina_Struktur_und_Mitglieder.pdf,https://www.leopoldina.org/ergebnisse-und-termine/publikationen/detail/leopoldina-struktur-und-mitglieder-2025,available,first_starred_exact_date_after_member_name_within_320_chars,0,accept_official_structure_table_exact_dob
helmut-koch-1,Prof. Dr. Helmut Koch (,"Class I: Mathematics, Natural Sciences and Engineering",Mathematics,1985,1,1932-10-05,*05.10.1932,2025,421,"e und Berlin 20.07.2024 *14.12.1943 Biophysik Kalender, Willi A. Radiologie Erlangen 20.10.2024 *01.08.1949 Koch, Helmut Mathematik Dresden 12.11.2024 *05.10.1932 stellv. Senator 1998-2006 Obperson 1998-2006 Korte, Bernard Ernst-Georg Mathematik Bonn 26.04.2025 *03.11.1938 Krause,",https://www.leopoldina.org/fileadmin/Daten/Publikationen/Dokumente/2025_Leopoldina_Struktur_und_Mitglieder.pdf,https://www.leopoldina.org/ergebnisse-und-termine/publikationen/detail/leopoldina-struktur-und-mitglieder-2025,available,first_starred_exact_date_after_member_name_within_320_chars,0,accept_official_structure_table_exact_dob
helmut-moritz,Prof. Dr. Helmut Moritz (,"Class I: Mathematics, Natural Sciences and Engineering",Earth Sciences,1987,1,1933-11-01,*01.11.1933,2023,360,"Bonn 07.01.2023 *16.02.1937 Mörl, Hubert Innere Medizin und Bammental 29.07.2022 *30.12.1935 Dermatologie Moritz, Helmut Geowissenschaften Graz 21.10.2022 *01.11.1933 Nilsson, Lars-Göran Psychologie und Stockholm 27.11.2022 *14.07.1944 Kognitionswissenschaften Oesterhelt, Dieter Bioche",https://www.leopoldina.org/fileadmin/Daten/Publikationen/Dokumente/2023_Leopoldina_Struktur_und_Mitglieder_Cover.pdf,https://www.leopoldina.org/ergebnisse-und-termine/publikationen/detail/leopoldina-struktur-und-mitglieder-2023,available,first_starred_exact_date_after_member_name_within_320_chars,0,accept_official_structure_table_exact_dob
hermann-passow,Professor Dr Hermann Passow (,Class II: Life Sciences,Biochemistry and Biophysics,1988,1,1925-12-18,*18.12.1925,2024,384,"tion Place of death Date of death Noll, Peter Informations- Berlin 16.02.2024 *09.09.1936 wissenschaften Passow, Hermann Biochemie und Wetter (Hessen) 21.11.2023 *18.12.1925 Biophysik Sano, Yakoto Anatomie und Kyoto, JP 23.07.2023 *18.04.1926 Anthropologie Sauer, Klaus Peter Organismische und",https://www.leopoldina.org/fileadmin/Migrierte_Daten/Publikationen/Dokumente/2024_Leopoldina_Struktur_und_Mitglieder_web.pdf,https://www.leopoldina.org/ergebnisse-und-termine/publikationen/detail/leopoldina-struktur-und-mitglieder-2024,available,first_starred_exact_date_after_member_name_within_320_chars,0,accept_official_structure_table_exact_dob
ian-wilmut,Prof. Dr. Ian Wilmut (,Class III: Medicine,Veterinary Medicine,2005,1,1944-07-07,*07.07.1944,2024,384,"Pharmakologie/ Toxikologie Tuppy, Hans Biochemie und Wien 24.04.2024 *22.07.1924 Biophysik Adjunkt 1992-1998 Wilmut, Ian Veterinärmedizin Edinburgh, GB 10.09.2023 *07.07.1944",https://www.leopoldina.org/fileadmin/Migrierte_Daten/Publikationen/Dokumente/2024_Leopoldina_Struktur_und_Mitglieder_web.pdf,https://www.leopoldina.org/ergebnisse-und-termine/publikationen/detail/leopoldina-struktur-und-mitglieder-2024,available,first_starred_exact_date_after_member_name_within_320_chars,0,accept_official_structure_table_exact_dob
ingo-hansmann,Prof. Dr. Ingo Hansmann (,Class II: Life Sciences,Human Genetics and Molecular Medicine,1998,1,1944-01-31,*31.01.1944,2025,421,"e (mit Geburtsdatum) Sektion Sterbeort Sterbedatum Name (birth date) Section Place of death Date of death Hansmann, Ingo Humangenetik und Halle (Saale) 14.07.2024 *31.01.1944 Molekulare Medizin Sekretär für Medizin 2005-2010 Hecker, Erich Biochemie und Heidelberg 19.07.2024 *07.07.1926 Bioph",https://www.leopoldina.org/fileadmin/Daten/Publikationen/Dokumente/2025_Leopoldina_Struktur_und_Mitglieder.pdf,https://www.leopoldina.org/ergebnisse-und-termine/publikationen/detail/leopoldina-struktur-und-mitglieder-2025,available,first_starred_exact_date_after_member_name_within_320_chars,0,accept_official_structure_table_exact_dob
jacques-tits,Prof. Dr. Jacques Tits (,"Class I: Mathematics, Natural Sciences and Engineering",Mathematics,1977,1,1930-08-12,*12.08.1930,2023,361,"owissenschaften Berlin 05.04.2023 *23.05.1939 Thenius, Erich Geowissenschaften Wien 29.12.2022 *26.12.1924 Tits, Jacques Mathematik Paris 05.12.2021 *12.08.1930 Varró, Vince Innere Medizin Szeged 19.012.2021 *13.10.1921 und Dermatologie Weiß, Eugen Veterinärmedizin Gießen 08.01.2",https://www.leopoldina.org/fileadmin/Daten/Publikationen/Dokumente/2023_Leopoldina_Struktur_und_Mitglieder_Cover.pdf,https://www.leopoldina.org/ergebnisse-und-termine/publikationen/detail/leopoldina-struktur-und-mitglieder-2023,available,first_starred_exact_date_after_member_name_within_320_chars,0,accept_official_structure_table_exact_dob
jan-helms,Prof. Dr. Jan Helms (,Class III: Medicine,"Ophthalmology, Oto-Rhino-Laryngology and Stomatology",1996,1,1937-03-03,*03.03.1937,2024,383,"üsnacht, CH 14.07.2023 *05.08.1925 Cothenius-Medaille 1991 Fulde, Peter Physik Dresden 11.04.2024 *06.04.1936 Helms, Jan Ophthalmologie, Oto- Tübingen 05.09.2023 *03.03.1937 Rhino-Laryngologie Obperson 1998-2006 und Stomatologie Hiki, Yoshiki Chirurgie, Orthopädie Tokyo, JP 14.10.2022 *28.07.",https://www.leopoldina.org/fileadmin/Migrierte_Daten/Publikationen/Dokumente/2024_Leopoldina_Struktur_und_Mitglieder_web.pdf,https://www.leopoldina.org/ergebnisse-und-termine/publikationen/detail/leopoldina-struktur-und-mitglieder-2024,available,first_starred_exact_date_after_member_name_within_320_chars,0,accept_official_structure_table_exact_dob
jeanette-erdmann,Professor Dr Jeanette Erdmann (,Class II: Life Sciences,Human Genetics and Molecular Medicine,2021,1,1965-11-21,*21.11.1965,2024,383,"mit Geburtsdatum) Sektion Sterbeort Sterbedatum Name (birth date) Section Place of death Date of death Erdmann, Jeanette Humangenetik und Lübeck 08.07.2023 *21.11.1965 Molekulare Medizin Eschenmoser, Albert Chemie Küsnacht, CH 14.07.2023 *05.08.1925 Cothenius-Medaille 1991 Fulde, Peter",https://www.leopoldina.org/fileadmin/Migrierte_Daten/Publikationen/Dokumente/2024_Leopoldina_Struktur_und_Mitglieder_web.pdf,https://www.leopoldina.org/ergebnisse-und-termine/publikationen/detail/leopoldina-struktur-und-mitglieder-2024,available,first_starred_exact_date_after_member_name_within_320_chars,0,accept_official_structure_table_exact_dob
joanne-chory,Professor Dr Joanne Chory (,Class II: Life Sciences,Organismic and Evolutionary Biology,2008,1,1955-03-19,*19.03.1955,2025,420,"rth date) Section Place of death Date of death Bradshaw, Alexander M. Physik Berlin 10.10.2024 *12.07.1944 Chory, Joanne Organismische und Methuen, MA 12.11.2024 *19.03.1955 Evolutionäre Biologie Düren, Erol Chirurgie, Orthopädie Istanbul 23.06.2025 *13.03.1927 und Anästhesiologie Engelhardt,",https://www.leopoldina.org/fileadmin/Daten/Publikationen/Dokumente/2025_Leopoldina_Struktur_und_Mitglieder.pdf,https://www.leopoldina.org/ergebnisse-und-termine/publikationen/detail/leopoldina-struktur-und-mitglieder-2025,available,first_starred_exact_date_after_member_name_within_320_chars,0,accept_official_structure_table_exact_dob
johannes-klammt,Prof. Dr. Johannes Klammt (,Class III: Medicine,"Ophthalmology, Oto-Rhino-Laryngology and Stomatology",1991,1,1936-06-27,*27.06.1936,2023,360,"(mit Geburtsdatum) Sektion Sterbeort Sterbedatum Name (birth date) Section Place of death Date of death Klammt, Johannes Ophthalmologie, Schwerin 14.11.2022 *27.06.1936 Oto-Rhino-Laryngologie und Senator 1998-2002 Stomatologie Obperson 1998-2002 Kleihues, Paul Pathologie und Zürich 17.03",https://www.leopoldina.org/fileadmin/Daten/Publikationen/Dokumente/2023_Leopoldina_Struktur_und_Mitglieder_Cover.pdf,https://www.leopoldina.org/ergebnisse-und-termine/publikationen/detail/leopoldina-struktur-und-mitglieder-2023,available,first_starred_exact_date_after_member_name_within_320_chars,0,accept_official_structure_table_exact_dob
johannes-schubert,Prof. Dr. Dr. Johannes Schubert (,Class III: Medicine,"Ophthalmology, Oto-Rhino-Laryngology and Stomatology",1998,1,1946-04-05,*05.04.1946,2025,422,"on 1998-2002 Schlag, Peter M. Chirurgie, Orthopädie Berlin 28.03.2025 *22.04.1948 und Anästhesiologie Schubert, Johannes *05.04.1946 Ophthalmologie, Oto-Rhino-Laryngologie Petersberg 10.04.2025 Senator 2002-2011 Obperson 2002-2011 Schulz, Heinz Geowi",https://www.leopoldina.org/fileadmin/Daten/Publikationen/Dokumente/2025_Leopoldina_Struktur_und_Mitglieder.pdf,https://www.leopoldina.org/ergebnisse-und-termine/publikationen/detail/leopoldina-struktur-und-mitglieder-2025,available,first_starred_exact_date_after_member_name_within_320_chars,0,accept_official_structure_table_exact_dob
josef-zemann,Proessor Dr Josef Zemann (,"Class I: Mathematics, Natural Sciences and Engineering",Earth Sciences,1984,1,1923-05-25,*25.05.1923,2023,361,"Ophthalmologie, Nürnberg 22.02.2023 *18.08.1931 Oto-Rhino-Laryngologie Obperson 1992-1998 und Stomatologie Zemann, Josef Geowissenschaften Wien 16.10.2022 *25.05.1923 Obperson 1986-1998",https://www.leopoldina.org/fileadmin/Daten/Publikationen/Dokumente/2023_Leopoldina_Struktur_und_Mitglieder_Cover.pdf,https://www.leopoldina.org/ergebnisse-und-termine/publikationen/detail/leopoldina-struktur-und-mitglieder-2023,available,first_starred_exact_date_after_member_name_within_320_chars,0,accept_official_structure_table_exact_dob
karl-decker,Prof. Dr. Karl Decker (,Class II: Life Sciences,Biochemistry and Biophysics,1976,1,1925-02-14,*14.02.1925,2024,382,"sthesiologie Adjunkt 1996-2004 Davidoff, Michail Anat omie und Hamburg 19.06.2024 *18.07.1940 Anthropologie Decker, Karl Biochemie und Ingelheim 03.04.2024 *14.02.1925 Biophysik Obperson 1991-1996 Cothenius-Medaille 2009 Diener, Theodor Agrar- und Ernährungs- Beltsville, MD 28.03.2023 *",https://www.leopoldina.org/fileadmin/Migrierte_Daten/Publikationen/Dokumente/2024_Leopoldina_Struktur_und_Mitglieder_web.pdf,https://www.leopoldina.org/ergebnisse-und-termine/publikationen/detail/leopoldina-struktur-und-mitglieder-2024,available,first_starred_exact_date_after_member_name_within_320_chars,0,accept_official_structure_table_exact_dob
karlheinz-bauch,Prof. Dr. Karlheinz Bauch (,Class III: Medicine,Internal Medicine and Dermatology,1996,1,1936-02-19,*19.02.1936,2024,382,"te of death Adams, Mark B. Wissenschafts- und Philadelphia, PA 09.05.2024 *03.07.1944 Medizingeschichte Bauch, Karlheinz Innere Medizin und Chemnitz 28.11.2023 *19.02.1936 Dermatologie Benad, Gottfried Chirurgie, Orthopädie Dummerstorf 24.02.2024 *15.03.1932 und Anästhesiologie Adjunkt 1996",https://www.leopoldina.org/fileadmin/Migrierte_Daten/Publikationen/Dokumente/2024_Leopoldina_Struktur_und_Mitglieder_web.pdf,https://www.leopoldina.org/ergebnisse-und-termine/publikationen/detail/leopoldina-struktur-und-mitglieder-2024,available,first_starred_exact_date_after_member_name_within_320_chars,0,accept_official_structure_table_exact_dob
klaus-peter-hofmann,Prof. Dr. Klaus Peter Hofmann (,Class II: Life Sciences,Biochemistry and Biophysics,2000,1,1943-12-14,*14.12.1943,2025,421,"Sekretär für Medizin 2005-2010 Hecker, Erich Biochemie und Heidelberg 19.07.2024 *07.07.1926 Biophysik Hofmann, Klaus-Peter Biochemie und Berlin 20.07.2024 *14.12.1943 Biophysik Kalender, Willi A. Radiologie Erlangen 20.10.2024 *01.08.1949 Koch, Helmut Mathematik Dresden 12.11.2024 *05.",https://www.leopoldina.org/fileadmin/Daten/Publikationen/Dokumente/2025_Leopoldina_Struktur_und_Mitglieder.pdf,https://www.leopoldina.org/ergebnisse-und-termine/publikationen/detail/leopoldina-struktur-und-mitglieder-2025,available,first_starred_exact_date_after_member_name_within_320_chars,0,accept_official_structure_table_exact_dob
klaus-peter-sauer,Prof. Dr. Klaus Peter Sauer (,Class II: Life Sciences,Organismic and Evolutionary Biology,1999,1,1941-02-02,*02.02.1941,2024,384,") 21.11.2023 *18.12.1925 Biophysik Sano, Yakoto Anatomie und Kyoto, JP 23.07.2023 *18.04.1926 Anthropologie Sauer, Klaus Peter Organismische und Bonn 12.11.2022 *02.02.1941 Evolutionäre Biologie Schneeweiß, Ulrich Mikrobiologie und Berlin 22.12.2023 *25.03.1923 Immunologie Schwab, Max Geowis",https://www.leopoldina.org/fileadmin/Migrierte_Daten/Publikationen/Dokumente/2024_Leopoldina_Struktur_und_Mitglieder_web.pdf,https://www.leopoldina.org/ergebnisse-und-termine/publikationen/detail/leopoldina-struktur-und-mitglieder-2024,available,first_starred_exact_date_after_member_name_within_320_chars,0,accept_official_structure_table_exact_dob
klaus-starke,Prof. Dr. Klaus Starke (,Class II: Life Sciences,Physiology and Pharmacology/Toxicology,1987,1,1937-11-01,*01.11.1937,2024,384,"enator 2007-2016 Speicher, Michael Humangenetik und Skiathos, GR 24.09.2023 *25.10.1960 Molekulare Medizin Starke, Klaus Physiologie und Freiburg im Breisgau 26.01.2024 *01.11.1937 Pharmakologie/ Toxikologie Tuppy, Hans Biochemie und Wien 24.04.2024 *22.07.1924 Biophysik Adjunkt 1992-1998 Wilmut, Ia",https://www.leopoldina.org/fileadmin/Migrierte_Daten/Publikationen/Dokumente/2024_Leopoldina_Struktur_und_Mitglieder_web.pdf,https://www.leopoldina.org/ergebnisse-und-termine/publikationen/detail/leopoldina-struktur-und-mitglieder-2024,available,first_starred_exact_date_after_member_name_within_320_chars,0,accept_official_structure_table_exact_dob
malte-e-wigand,Prof. Dr. Malte E. Wigand (,Class III: Medicine,"Ophthalmology, Oto-Rhino-Laryngology and Stomatology",1989,1,1931-08-18,*18.08.1931,2023,361,"Szeged 19.012.2021 *13.10.1921 und Dermatologie Weiß, Eugen Veterinärmedizin Gießen 08.01.2023 *24.02.1930 Wigand, Malte E. Ophthalmologie, Nürnberg 22.02.2023 *18.08.1931 Oto-Rhino-Laryngologie Obperson 1992-1998 und Stomatologie Zemann, Josef Geowissenschaften Wien 16.10.2022 *25.05.1923",https://www.leopoldina.org/fileadmin/Daten/Publikationen/Dokumente/2023_Leopoldina_Struktur_und_Mitglieder_Cover.pdf,https://www.leopoldina.org/ergebnisse-und-termine/publikationen/detail/leopoldina-struktur-und-mitglieder-2023,available,first_starred_exact_date_after_member_name_within_320_chars,0,accept_official_structure_table_exact_dob
maria-elisabeth-krautwald-junghanns,Professor Dr Maria-Elisabeth Krautwald-Junghanns (,Class III: Medicine,Veterinary Medicine,2011,1,1953-08-24,*24.08.1953,2024,383,"ogie Krause, Fritz Physik Nuthetal 28.02.2024 *14.03.1927 Krautwald-Junghanns, Veterinärmedizin Leipzig 26.08.2023 Maria-Elisabeth *24.08.1953 Kühnau, Reinhard Mathematik Sangerhausen 18.11.2022 *26.10.1936 Lutz, Hans Veterinärmedizin Zürich, CH 29.03.2024 *20.0",https://www.leopoldina.org/fileadmin/Migrierte_Daten/Publikationen/Dokumente/2024_Leopoldina_Struktur_und_Mitglieder_web.pdf,https://www.leopoldina.org/ergebnisse-und-termine/publikationen/detail/leopoldina-struktur-und-mitglieder-2024,available,first_starred_exact_date_after_member_name_within_320_chars,0,accept_official_structure_table_exact_dob
max-schwab,Prof. Dr. Max Schwab (,"Class I: Mathematics, Natural Sciences and Engineering",Earth Sciences,1991,1,1932-03-01,*01.03.1932,2024,384,"02.1941 Evolutionäre Biologie Schneeweiß, Ulrich Mikrobiologie und Berlin 22.12.2023 *25.03.1923 Immunologie Schwab, Max Geowissenschaften Halle (Saale) 13.04.2024 *01.03.1932 Siewert, Jörg Rüdiger Chirurgie, Orthopädie München 09.01.2024 *08.02.1940 und Anästhesiologie Obperson 2006-2016 Senat",https://www.leopoldina.org/fileadmin/Migrierte_Daten/Publikationen/Dokumente/2024_Leopoldina_Struktur_und_Mitglieder_web.pdf,https://www.leopoldina.org/ergebnisse-und-termine/publikationen/detail/leopoldina-struktur-und-mitglieder-2024,available,first_starred_exact_date_after_member_name_within_320_chars,0,accept_official_structure_table_exact_dob
michael-sela,Professor Dr Michael Sela (,Class II: Life Sciences,Microbiology and Immunology,1989,1,1924-03-06,*06.03.1924,2023,361,"*28.12.1929 Schubert, Rudolf Organismische und Halle (Saale) 03.12.2022 *26.08.1927 Evolutionäre Biologie Sela, Michael Mikrobiologie und Rechovot 27.05.2022 *06.03.1924 Immunologie Shuvalov, Vladimir A. Organismische und Moskau 08.01.2022 *13.10.1943 Evolutionäre Biologie Staehelin, L. A",https://www.leopoldina.org/fileadmin/Daten/Publikationen/Dokumente/2023_Leopoldina_Struktur_und_Mitglieder_Cover.pdf,https://www.leopoldina.org/ergebnisse-und-termine/publikationen/detail/leopoldina-struktur-und-mitglieder-2023,available,first_starred_exact_date_after_member_name_within_320_chars,0,accept_official_structure_table_exact_dob
michael-speicher,Prof. Dr. Michael Speicher (,Class II: Life Sciences,Human Genetics and Molecular Medicine,2019,1,1960-10-25,*25.10.1960,2024,384,"ie, Orthopädie München 09.01.2024 *08.02.1940 und Anästhesiologie Obperson 2006-2016 Senator 2007-2016 Speicher, Michael Humangenetik und Skiathos, GR 24.09.2023 *25.10.1960 Molekulare Medizin Starke, Klaus Physiologie und Freiburg im Breisgau 26.01.2024 *01.11.1937 Pharmakologie/ Toxikologie",https://www.leopoldina.org/fileadmin/Migrierte_Daten/Publikationen/Dokumente/2024_Leopoldina_Struktur_und_Mitglieder_web.pdf,https://www.leopoldina.org/ergebnisse-und-termine/publikationen/detail/leopoldina-struktur-und-mitglieder-2024,available,first_starred_exact_date_after_member_name_within_320_chars,0,accept_official_structure_table_exact_dob
michail-s-davidoff,Professor Dr Michail S. Davidoff (,Class III: Medicine,Anatomy and Anthropology,1985,1,1940-07-18,*18.07.1940,2024,382,"ttfried Chirurgie, Orthopädie Dummerstorf 24.02.2024 *15.03.1932 und Anästhesiologie Adjunkt 1996-2004 Davidoff, Michail Anat omie und Hamburg 19.06.2024 *18.07.1940 Anthropologie Decker, Karl Biochemie und Ingelheim 03.04.2024 *14.02.1925 Biophysik Obperson 1991-1996 Cothenius-Medail",https://www.leopoldina.org/fileadmin/Migrierte_Daten/Publikationen/Dokumente/2024_Leopoldina_Struktur_und_Mitglieder_web.pdf,https://www.leopoldina.org/ergebnisse-und-termine/publikationen/detail/leopoldina-struktur-und-mitglieder-2024,available,first_starred_exact_date_after_member_name_within_320_chars,0,accept_official_structure_table_exact_dob
otto-mayrhofer,Prof. Dr. Otto Mayrhofer (,Class III: Medicine,"Surgery, Orthopaedics, Anaesthesiology",1985,1,1920-11-02,*02.11.1920,2025,421,"er Wissenschafts- und Udenheim 21.01.2025 *17.10.1936 Medizingeschichte stell. Senator 2002-2006 Mayrhofer-Krammel, Otto Chirurgie, Orthopädie Wien 21.06.2024 *02.11.1920 und Anästhesiologie Menten, Karl Martin Physik Bonn 30.12.2024 *03.10.1957 Müller, Irmgard Wissenschafts- und Witten 09",https://www.leopoldina.org/fileadmin/Daten/Publikationen/Dokumente/2025_Leopoldina_Struktur_und_Mitglieder.pdf,https://www.leopoldina.org/ergebnisse-und-termine/publikationen/detail/leopoldina-struktur-und-mitglieder-2025,available,first_starred_exact_date_after_member_name_within_320_chars,0,accept_official_structure_table_exact_dob
paul-kleihues,Prof. Dr. Paul Kleihues (,Class III: Medicine,Pathology and Forensic Medicine,1998,1,1936-05-21,*21.05.1936,2023,360,"werin 14.11.2022 *27.06.1936 Oto-Rhino-Laryngologie und Senator 1998-2002 Stomatologie Obperson 1998-2002 Kleihues, Paul Pathologie und Zürich 17.03.2022 *21.05.1936 Rechtsmedizin Kohn, Dieter Chirurgie, Orthopädie Homburg (Saar) 18.09.2022 *09.02.1953 und Anästhesiologie Obperson 201",https://www.leopoldina.org/fileadmin/Daten/Publikationen/Dokumente/2023_Leopoldina_Struktur_und_Mitglieder_Cover.pdf,https://www.leopoldina.org/ergebnisse-und-termine/publikationen/detail/leopoldina-struktur-und-mitglieder-2023,available,first_starred_exact_date_after_member_name_within_320_chars,0,accept_official_structure_table_exact_dob
peter-j-roquette,Prof. Dr. Peter J. Roquette (,"Class I: Mathematics, Natural Sciences and Engineering",Mathematics,1985,1,1927-10-08,*08.10.1927,2023,360,"2 *13.09.1936 Biophysik Röllinghoff Martin Mikrobiologie und Erlangen 22.11.2022 *01.04.1941 Immunologie Roquette, Peter Mathematik Heidelberg 24.02.2023 *08.10.1927",https://www.leopoldina.org/fileadmin/Daten/Publikationen/Dokumente/2023_Leopoldina_Struktur_und_Mitglieder_Cover.pdf,https://www.leopoldina.org/ergebnisse-und-termine/publikationen/detail/leopoldina-struktur-und-mitglieder-2023,available,first_starred_exact_date_after_member_name_within_320_chars,0,accept_official_structure_table_exact_dob
peter-m-schlag,Prof. Dr. Peter M. Schlag (,Class III: Medicine,"Surgery, Orthopaedics, Anaesthesiology",2002,1,1948-04-22,*22.04.1948,2025,422,"grar- und Ernährungs- Göttingen 01.08.2024 *10.05.1929 wissenschaften Senator 1998-2002 Obperson 1998-2002 Schlag, Peter M. Chirurgie, Orthopädie Berlin 28.03.2025 *22.04.1948 und Anästhesiologie Schubert, Johannes *05.04.1946 Ophthalmologie, Oto-Rhino-Laryngologie Petersberg 10.04.2025 Senat",https://www.leopoldina.org/fileadmin/Daten/Publikationen/Dokumente/2025_Leopoldina_Struktur_und_Mitglieder.pdf,https://www.leopoldina.org/ergebnisse-und-termine/publikationen/detail/leopoldina-struktur-und-mitglieder-2025,available,first_starred_exact_date_after_member_name_within_320_chars,0,accept_official_structure_table_exact_dob
peter-noll,Professor Dr Peter Noll (,"Class I: Mathematics, Natural Sciences and Engineering",Informatics,1996,1,1936-09-09,*09.09.1936,2024,384,"Name (mit Geburtsdatum) Sektion Sterbeort Sterbedatum Name (birth date) Section Place of death Date of death Noll, Peter Informations- Berlin 16.02.2024 *09.09.1936 wissenschaften Passow, Hermann Biochemie und Wetter (Hessen) 21.11.2023 *18.12.1925 Biophysik Sano, Yakoto Anatomie und",https://www.leopoldina.org/fileadmin/Migrierte_Daten/Publikationen/Dokumente/2024_Leopoldina_Struktur_und_Mitglieder_web.pdf,https://www.leopoldina.org/ergebnisse-und-termine/publikationen/detail/leopoldina-struktur-und-mitglieder-2024,available,first_starred_exact_date_after_member_name_within_320_chars,0,accept_official_structure_table_exact_dob
rudolf-hagemann,Professor Dr Rudolf Hagemann (,Class II: Life Sciences,Genetics/Molecular Biology and Cell Biology,1969,1,1931-10-21,*21.10.1931,2025,420,"Engelhardt, Dietrich Baron von Wissenschafts- und Medizingeschichte Karlsruhe 14.01.2025 *05.05.1941 Hagemann, Rudolf Genetik/Molekular- Halle (Saale) 16.03.2025 *21.10.1931 biologie und Zellbiologie Adjunkt 1974-1984 Obperson 1984-1992 Haken, Hermann Physik Sindelfingen 14.08.2024 *12.07.192",https://www.leopoldina.org/fileadmin/Daten/Publikationen/Dokumente/2025_Leopoldina_Struktur_und_Mitglieder.pdf,https://www.leopoldina.org/ergebnisse-und-termine/publikationen/detail/leopoldina-struktur-und-mitglieder-2025,available,first_starred_exact_date_after_member_name_within_320_chars,0,accept_official_structure_table_exact_dob
rudolf-rigler,Prof. Dr. Rudolf Rigler (,Class II: Life Sciences,Biochemistry and Biophysics,1997,1,1936-09-13,*13.09.1936,2023,360,"enschaften Oesterhelt, Dieter Biochemie und Biophysik München 28.11.2022 *10.11.1940 Mendel-Medaille 1993 Rigler, Rudolf Biochemie und Djursholm 05.010.2022 *13.09.1936 Biophysik Röllinghoff Martin Mikrobiologie und Erlangen 22.11.2022 *01.04.1941 Immunologie Roquette, Peter Mathematik H",https://www.leopoldina.org/fileadmin/Daten/Publikationen/Dokumente/2023_Leopoldina_Struktur_und_Mitglieder_Cover.pdf,https://www.leopoldina.org/ergebnisse-und-termine/publikationen/detail/leopoldina-struktur-und-mitglieder-2023,available,first_starred_exact_date_after_member_name_within_320_chars,0,accept_official_structure_table_exact_dob
rudolf-schubert,Prof. Dr. Rudolf Schubert (,Class II: Life Sciences,Organismic and Evolutionary Biology,1989,1,1927-08-26,*26.08.1927,2023,361,".09.1943 Stellvertretende Senatorin 1998-2002 Schmidt, Maarten Physik Fresno, CA 17.09.2022 *28.12.1929 Schubert, Rudolf Organismische und Halle (Saale) 03.12.2022 *26.08.1927 Evolutionäre Biologie Sela, Michael Mikrobiologie und Rechovot 27.05.2022 *06.03.1924 Immunologie Shuvalov, Vladimir A.",https://www.leopoldina.org/fileadmin/Daten/Publikationen/Dokumente/2023_Leopoldina_Struktur_und_Mitglieder_Cover.pdf,https://www.leopoldina.org/ergebnisse-und-termine/publikationen/detail/leopoldina-struktur-und-mitglieder-2023,available,first_starred_exact_date_after_member_name_within_320_chars,0,accept_official_structure_table_exact_dob
sir-arnold-burgen,Prof. Dr. Sir Arnold Burgen (,Class II: Life Sciences,Physiology and Pharmacology/Toxicology,1984,1,1922-03-20,*20.03.1922,2023,359,".2022 *10.02.1944 Borst, Hans Georg Chirurgie, Orthopädie München 08.09.2022 *17.10.1927 und Anästhesiologie Burgen, Sir Arnold Physiologie und Pharma- Cambridge 26.05.2022 *20.03.1922 kologie/Toxikologie Hausen, Harald zur Humangenetik und Heidelberg 25.05.2023 *11.03.1936 Molekulare Medizin Altpräsidi",https://www.leopoldina.org/fileadmin/Daten/Publikationen/Dokumente/2023_Leopoldina_Struktur_und_Mitglieder_Cover.pdf,https://www.leopoldina.org/ergebnisse-und-termine/publikationen/detail/leopoldina-struktur-und-mitglieder-2023,available,first_starred_exact_date_after_member_name_within_320_chars,0,accept_official_structure_table_exact_dob
sir-j-fraser-stoddart,Professor Sir J. Fraser Stoddart (,"Class I: Mathematics, Natural Sciences and Engineering",Chemistry,1999,1,1942-05-24,*24.05.1942,2025,422,", Jürgen W. Gynäkologie und Sinzheim 17.03.2025 *01.01.1931 Pädiatrie Senator 1998-2002 Obperson 1998-2002 Stoddart, Sir Fraser Chemie Melbourne, AU 30.12.2024 *24.05.1942 Stoffel, Wilhelm *30.04.1928 Genetik/Molekular- biologie und Zellbilogie Köln 24.06.2025 Adjunkt 1994-2004",https://www.leopoldina.org/fileadmin/Daten/Publikationen/Dokumente/2025_Leopoldina_Struktur_und_Mitglieder.pdf,https://www.leopoldina.org/ergebnisse-und-termine/publikationen/detail/leopoldina-struktur-und-mitglieder-2025,available,first_starred_exact_date_after_member_name_within_320_chars,0,accept_official_structure_table_exact_dob
theodor-hiepe,Prof. Dr. Theodor Hiepe (,Class III: Medicine,Veterinary Medicine,1980,1,1929-07-03,*03.07.1929,2023,359,"r Physiologie oder Medizin 2008 Hay, William Winn Geowissenschaften Estes Park, CO 27.10.2022 *12.10.1934 Hiepe, Theodor Veterinärmedizin Berlin 02.09.2022 *03.07.1929 Senator 1998-2002 Obperson 1998-2002 Leopoldina Verdienst-Medaille 2001",https://www.leopoldina.org/fileadmin/Daten/Publikationen/Dokumente/2023_Leopoldina_Struktur_und_Mitglieder_Cover.pdf,https://www.leopoldina.org/ergebnisse-und-termine/publikationen/detail/leopoldina-struktur-und-mitglieder-2023,available,first_starred_exact_date_after_member_name_within_320_chars,0,accept_official_structure_table_exact_dob
theodor-o-diener,Prof. Dr. Theodor O. Diener,Class II: Life Sciences,Agricultural and Nutritional Sciences,1980,0,1921-02-28,*28.02.1921,2024,382,"Karl Biochemie und Ingelheim 03.04.2024 *14.02.1925 Biophysik Obperson 1991-1996 Cothenius-Medaille 2009 Diener, Theodor Agrar- und Ernährungs- Beltsville, MD 28.03.2023 *28.02.1921 wissenschaften Dransfeld, Klaus Physik Konstanz 26.04.2024 *12.08.1926 Ehrendorfer, Friedrich Organismische und Wien, A",https://www.leopoldina.org/fileadmin/Migrierte_Daten/Publikationen/Dokumente/2024_Leopoldina_Struktur_und_Mitglieder_web.pdf,https://www.leopoldina.org/ergebnisse-und-termine/publikationen/detail/leopoldina-struktur-und-mitglieder-2024,available,first_starred_exact_date_after_member_name_within_320_chars,0,accept_official_structure_table_exact_dob
vince-varro,Professor Dr Vince Varró (,Class III: Medicine,Internal Medicine and Dermatology,1983,1,1921-10-13,*13.10.1921,2023,361,", Erich Geowissenschaften Wien 29.12.2022 *26.12.1924 Tits, Jacques Mathematik Paris 05.12.2021 *12.08.1930 Varró, Vince Innere Medizin Szeged 19.012.2021 *13.10.1921 und Dermatologie Weiß, Eugen Veterinärmedizin Gießen 08.01.2023 *24.02.1930 Wigand, Malte E. Ophthalmologie, Nürnberg 2",https://www.leopoldina.org/fileadmin/Daten/Publikationen/Dokumente/2023_Leopoldina_Struktur_und_Mitglieder_Cover.pdf,https://www.leopoldina.org/ergebnisse-und-termine/publikationen/detail/leopoldina-struktur-und-mitglieder-2023,available,first_starred_exact_date_after_member_name_within_320_chars,0,accept_official_structure_table_exact_dob
vladimir-a-shuvalov,Prof. Dr. Vladimir A. Shuvalov (,Class II: Life Sciences,Organismic and Evolutionary Biology,2002,1,1943-10-13,*13.10.1943,2023,361,"927 Evolutionäre Biologie Sela, Michael Mikrobiologie und Rechovot 27.05.2022 *06.03.1924 Immunologie Shuvalov, Vladimir A. Organismische und Moskau 08.01.2022 *13.10.1943 Evolutionäre Biologie Staehelin, L. Andrew Genetik/Molekular- Boulders, CO 28.09.2022 *10.02.1939 biologie und Zellbiol",https://www.leopoldina.org/fileadmin/Daten/Publikationen/Dokumente/2023_Leopoldina_Struktur_und_Mitglieder_Cover.pdf,https://www.leopoldina.org/ergebnisse-und-termine/publikationen/detail/leopoldina-struktur-und-mitglieder-2023,available,first_starred_exact_date_after_member_name_within_320_chars,0,accept_official_structure_table_exact_dob
wilhelm-stoffel,Prof. Dr. Wilhelm Stoffel (,Class II: Life Sciences,Genetics/Molecular Biology and Cell Biology,1969,1,1928-04-30,*30.04.1928,2025,422,"e Senator 1998-2002 Obperson 1998-2002 Stoddart, Sir Fraser Chemie Melbourne, AU 30.12.2024 *24.05.1942 Stoffel, Wilhelm *30.04.1928 Genetik/Molekular- biologie und Zellbilogie Köln 24.06.2025 Adjunkt 1994-2004",https://www.leopoldina.org/fileadmin/Daten/Publikationen/Dokumente/2025_Leopoldina_Struktur_und_Mitglieder.pdf,https://www.leopoldina.org/ergebnisse-und-termine/publikationen/detail/leopoldina-struktur-und-mitglieder-2025,available,first_starred_exact_date_after_member_name_within_320_chars,0,accept_official_structure_table_exact_dob
willi-a-kalender,Professor Dr Willi A. Kalender (,Class III: Medicine,Radiology,2009,1,1949-08-01,*01.08.1949,2025,421,"07.2024 *07.07.1926 Biophysik Hofmann, Klaus-Peter Biochemie und Berlin 20.07.2024 *14.12.1943 Biophysik Kalender, Willi A. Radiologie Erlangen 20.10.2024 *01.08.1949 Koch, Helmut Mathematik Dresden 12.11.2024 *05.10.1932 stellv. Senator 1998-2006 Obperson 1998-2006 Korte, Bernard Erns",https://www.leopoldina.org/fileadmin/Daten/Publikationen/Dokumente/2025_Leopoldina_Struktur_und_Mitglieder.pdf,https://www.leopoldina.org/ergebnisse-und-termine/publikationen/detail/leopoldina-struktur-und-mitglieder-2025,available,first_starred_exact_date_after_member_name_within_320_chars,0,accept_official_structure_table_exact_dob
william-winn-hay,Professor Dr William Winn Hay (,"Class I: Mathematics, Natural Sciences and Engineering",Earth Sciences,1986,1,1934-10-12,*12.10.1934,2023,359,"4 Vizepräsident 2003-2009 Senator 1998-2003 Obperson 1998-2003 Nobelpreis für Physiologie oder Medizin 2008 Hay, William Winn Geowissenschaften Estes Park, CO 27.10.2022 *12.10.1934 Hiepe, Theodor Veterinärmedizin Berlin 02.09.2022 *03.07.1929 Senator 1998-2002 Obperson 1998-2002 Leopoldina Verdienst",https://www.leopoldina.org/fileadmin/Daten/Publikationen/Dokumente/2023_Leopoldina_Struktur_und_Mitglieder_Cover.pdf,https://www.leopoldina.org/ergebnisse-und-termine/publikationen/detail/leopoldina-struktur-und-mitglieder-2023,available,first_starred_exact_date_after_member_name_within_320_chars,0,accept_official_structure_table_exact_dob
yoshiki-hiki,Prof. em. Dr. Yoshiki Hiki (,Class III: Medicine,"Surgery, Orthopaedics, Anaesthesiology",1997,1,1933-07-28,*28.07.1933,2024,383,"phthalmologie, Oto- Tübingen 05.09.2023 *03.03.1937 Rhino-Laryngologie Obperson 1998-2006 und Stomatologie Hiki, Yoshiki Chirurgie, Orthopädie Tokyo, JP 14.10.2022 *28.07.1933 und Anästhesiologie Krause, Fritz Physik Nuthetal 28.02.2024 *14.03.1927 Krautwald-Junghanns, Veterinärmedizin Leipzig",https://www.leopoldina.org/fileadmin/Migrierte_Daten/Publikationen/Dokumente/2024_Leopoldina_Struktur_und_Mitglieder_web.pdf,https://www.leopoldina.org/ergebnisse-und-termine/publikationen/detail/leopoldina-struktur-und-mitglieder-2024,available,first_starred_exact_date_after_member_name_within_320_chars,0,accept_official_structure_table_exact_dob
yuri-i-manin,Professor Dr Yuri I. Manin (,"Class I: Mathematics, Natural Sciences and Engineering",Mathematics,2000,1,1937-02-16,*16.02.1937,2023,360,"n 2011-2016 Lohmann, Dieter Innere Medizin und Leipzig 16.06.2023 *09.12.1927 Dermatologie Adjunkt 1990-2004 Manin, Yuri I. Mathematik Bonn 07.01.2023 *16.02.1937 Mörl, Hubert Innere Medizin und Bammental 29.07.2022 *30.12.1935 Dermatologie Moritz, Helmut Geowissenschaften Graz 21.",https://www.leopoldina.org/fileadmin/Daten/Publikationen/Dokumente/2023_Leopoldina_Struktur_und_Mitglieder_Cover.pdf,https://www.leopoldina.org/ergebnisse-und-termine/publikationen/detail/leopoldina-struktur-und-mitglieder-2023,available,first_starred_exact_date_after_member_name_within_320_chars,0,accept_official_structure_table_exact_dob
