snapshot,source,source_url,zip_member,fide_id,name,title,wtitle,other_title,fed,sex,rating,games,k_factor,birth_year,active,flag_raw,rank_overall,rank_within_sex,identity_bridge_modern_fide_id,exact_dob_north_v2,dob_status_north_v2,birthplace_hemisphere,hemisphere_status,wikidata_person_qids,birthplace_qids,birthplace_labels,birthplace_latitudes,birthplace_longitudes,olimpbase_profile_url,olimpbase_profile_dob,eligible_north_primary_v2,north_v2_exclusion_reason,analysis_sex,analysis_rank_within_sex,elo_z_within_snapshot_sex,rank_percentile_within_snapshot_sex,exact_dob_frozen,age_years_at_snapshot,dob_temporal_sanity_status
2013-01,FIDE official January 2013 standard rating list,http://ratings.fide.com/download/standard_jan13frl.zip,standard_jan13frl.txt,700070,"Polgar, Judit",GM,,,HUN,F,2696,8,10,1976.0,True,w,51,1,700070,1976-07-23,wikidata_exact_year_agrees,north,resolved_unique_birthplace,Q183250,Q1781,Budapest,47.49833333,19.04083333,,,True,,F,1,4.05730270131611,1.0,1976-07-23,36.44428017002402,valid_pre_snapshot
2013-01,FIDE official January 2013 standard rating list,http://ratings.fide.com/download/standard_jan13frl.zip,standard_jan13frl.txt,8602980,"Hou, Yifan",GM,WGM,,CHN,F,2603,4,10,1994.0,True,w,208,2,8602980,1994-02-27,wikidata_exact_year_agrees,north,resolved_unique_birthplace,Q234011,Q1028116,Xinghua,32.93868,119.84036,,,True,,F,2,2.902702400762574,0.9949748743718592,1994-02-27,18.8450139291019,valid_pre_snapshot
2013-01,FIDE official January 2013 standard rating list,http://ratings.fide.com/download/standard_jan13frl.zip,standard_jan13frl.txt,5008123,"Koneru, Humpy",GM,WGM,,IND,F,2597,4,10,1987.0,True,w,233,3,5008123,1987-03-31,wikidata_exact_year_agrees,north,resolved_unique_birthplace,Q255044,Q200017,Vijayawada,16.51666667,80.61666667,,,True,,F,3,2.8282120587913777,0.9899497487437184,1987-03-31,25.758229121747878,valid_pre_snapshot
2013-01,FIDE official January 2013 standard rating list,http://ratings.fide.com/download/standard_jan13frl.zip,standard_jan13frl.txt,14111330,"Muzychuk, Anna",GM,WGM,,SLO,F,2582,8,10,1990.0,True,w,275,4,14111330,1990-02-28,wikidata_exact_year_agrees,north,resolved_unique_birthplace,Q241258,Q36036,Lviv,49.838055;49.841952,24.023055;24.0315921,,,True,,F,4,2.641986203863388,0.984924623115578,1990-02-28,22.842358159305117,valid_pre_snapshot
2013-01,FIDE official January 2013 standard rating list,http://ratings.fide.com/download/standard_jan13frl.zip,standard_jan13frl.txt,13601903,"Dzagnidze, Nana",GM,WGM,,GEO,F,2555,0,10,1987.0,True,w,395,5,13601903,1987-01-01,wikidata_exact_year_agrees,north,resolved_unique_birthplace,Q239796,Q172415,Kutaisi,42.27166667,42.70555556,,,True,,F,5,2.3067796649930066,0.9798994974874372,1987-01-01,26.001902845369855,valid_pre_snapshot
2013-01,FIDE official January 2013 standard rating list,http://ratings.fide.com/download/standard_jan13frl.zip,standard_jan13frl.txt,8601283,"Zhao, Xue",GM,WGM,,CHN,F,2554,12,10,1985.0,True,w,399,6,8601283,1985-04-06,wikidata_exact_year_agrees,north,resolved_unique_birthplace,Q197466,Q170247,Jinan,36.66666667,116.98333333,,,True,,F,6,2.294364607997807,0.9748743718592964,1985-04-06,27.74047379480756,valid_pre_snapshot
2013-01,FIDE official January 2013 standard rating list,http://ratings.fide.com/download/standard_jan13frl.zip,standard_jan13frl.txt,14109336,"Lagno, Kateryna",GM,WGM,,UKR,F,2547,4,10,1989.0,True,w,432,7,14109336,1989-12-27,wikidata_exact_year_agrees,north,resolved_unique_birthplace,Q200408,Q36036,Lviv,49.838055;49.841952,24.023055;24.0315921,,,True,,F,7,2.207459209031412,0.9698492462311558,1989-12-27,23.014846300745393,valid_pre_snapshot
2013-01,FIDE official January 2013 standard rating list,http://ratings.fide.com/download/standard_jan13frl.zip,standard_jan13frl.txt,4134974,"Kosintseva, Nadezhda",GM,WGM,,RUS,F,2531,8,10,1985.0,True,w,533,8,4134974,1985-01-14,wikidata_exact_year_agrees,north,resolved_unique_birthplace,Q269410,Q1851,Arkhangelsk,64.54305556,40.5375,,,True,,F,8,2.008818297108223,0.964824120603015,1985-01-14,27.964982169380615,valid_pre_snapshot
2013-01,FIDE official January 2013 standard rating list,http://ratings.fide.com/download/standard_jan13frl.zip,standard_jan13frl.txt,617822,"Sebag, Marie",GM,WGM,,FRA,F,2530,8,10,1986.0,True,w,543,9,617822,1986-10-15,wikidata_exact_year_agrees,north,resolved_unique_birthplace,Q266155,Q90,Paris,48.85666667,2.35222222,,,True,,F,9,1.996403240113024,0.9597989949748744,1986-10-15,26.21545959191496,valid_pre_snapshot
2013-01,FIDE official January 2013 standard rating list,http://ratings.fide.com/download/standard_jan13frl.zip,standard_jan13frl.txt,1700030,"Cramling, Pia",GM,,,SWE,F,2518,4,10,1963.0,True,w,616,10,1700030,1963-04-23,wikidata_exact_year_agrees,north,resolved_unique_birthplace,Q202015,Q1754,Stockholm,59.32944444,18.06861111,,,True,,F,10,1.847422556170632,0.9547738693467336,1963-04-23,49.6957500838484,valid_pre_snapshot
2013-01,FIDE official January 2013 standard rating list,http://ratings.fide.com/download/standard_jan13frl.zip,standard_jan13frl.txt,4133471,"Kosintseva, Tatiana",GM,WGM,,RUS,F,2517,6,10,1986.0,True,w,626,11,4133471,1986-04-11,wikidata_exact_year_agrees,north,resolved_unique_birthplace,Q269321,Q1851,Arkhangelsk,64.54305556,40.5375,,,True,,F,11,1.8350074991754328,0.949748743718593,1986-04-11,26.72744820222181,valid_pre_snapshot
2013-01,FIDE official January 2013 standard rating list,http://ratings.fide.com/download/standard_jan13frl.zip,standard_jan13frl.txt,2902257,"Stefanova, Antoaneta",GM,,FT,BUL,F,2516,14,10,1979.0,True,w,638,12,2902257,1979-04-19,wikidata_exact_year_agrees,north,resolved_unique_birthplace,Q238810,Q472,Sofia,42.697886,23.321726,,,True,,F,12,1.8225924421802333,0.9447236180904522,1979-04-19,33.706373163035515,valid_pre_snapshot
2013-01,FIDE official January 2013 standard rating list,http://ratings.fide.com/download/standard_jan13frl.zip,standard_jan13frl.txt,12801259,"Cmilyte, Viktorija",GM,WGM,,LTU,F,2515,4,10,1983.0,True,w,648,13,12801259,1983-08-06,wikidata_exact_year_agrees,north,resolved_unique_birthplace,Q270330,Q134712,Šiauliai,55.92805556,23.31666667,,,True,,F,13,1.810177385185034,0.9396984924623116,1983-08-06,29.40785916206356,valid_pre_snapshot
2013-01,FIDE official January 2013 standard rating list,http://ratings.fide.com/download/standard_jan13frl.zip,standard_jan13frl.txt,5015197,"Harika, Dronavalli",GM,WGM,,IND,F,2514,10,10,1991.0,True,w,658,14,5015197,1991-01-12,wikidata_exact_year_agrees,north,resolved_unique_birthplace,Q109147059,Q3120966,Guntur,16.3,80.45,,,True,,F,14,1.7977623281898347,0.9346733668341708,1991-01-12,21.971703731082773,valid_pre_snapshot
2013-01,FIDE official January 2013 standard rating list,http://ratings.fide.com/download/standard_jan13frl.zip,standard_jan13frl.txt,8603006,"Ju, Wenjun",WGM,WGM,,CHN,F,2505,14,10,1991.0,True,w,736,15,8603006,1991-01-31,wikidata_exact_year_agrees,north,resolved_unique_birthplace,Q468045,Q8686,Shanghai,31.2325,121.46916667,,,True,,F,15,1.6860268152330409,0.9296482412060302,1991-01-31,21.919683497949993,valid_pre_snapshot
2013-01,FIDE official January 2013 standard rating list,http://ratings.fide.com/download/standard_jan13frl.zip,standard_jan13frl.txt,8602727,"Ruan, Lufei",WGM,WGM,,CHN,F,2501,0,10,1987.0,True,w,764,16,8602727,1987-10-02,wikidata_exact_year_agrees,north,resolved_unique_birthplace,Q385149,Q16666,Nanjing,32.06083333,118.77888889,,,True,,F,16,1.6363665872522437,0.9246231155778896,1987-10-02,25.251716325455007,valid_pre_snapshot
2013-01,FIDE official January 2013 standard rating list,http://ratings.fide.com/download/standard_jan13frl.zip,standard_jan13frl.txt,13602640,"Khotenashvili, Bela",IM,WGM,,GEO,F,2498,2,10,1988.0,True,w,786,17,13602640,1988-06-01,wikidata_exact_year_agrees,north,resolved_unique_birthplace,Q9168427,Q209009,Telavi,41.91694444;41.91978,45.47315;45.47638889,,,True,,F,17,1.5991214162666456,0.9195979899497488,1988-06-01,24.5864049227568,valid_pre_snapshot
2013-01,FIDE official January 2013 standard rating list,http://ratings.fide.com/download/standard_jan13frl.zip,standard_jan13frl.txt,4128125,"Kosteniuk, Alexandra",GM,WGM,,RUS,F,2495,4,10,1984.0,True,w,811,18,4128125,1984-04-23,wikidata_exact_year_agrees,north,resolved_unique_birthplace,Q620950,Q915,Perm,58.01388889,56.24888889,,,True,,F,18,1.5618762452810475,0.914572864321608,1984-04-23,28.69326543323956,valid_pre_snapshot
2013-01,FIDE official January 2013 standard rating list,http://ratings.fide.com/download/standard_jan13frl.zip,standard_jan13frl.txt,14101572,"Zatonskih, Anna",IM,WGM,,USA,F,2491,4,10,1978.0,True,w,849,19,14101572,1978-07-17,wikidata_exact_year_agrees,north,resolved_unique_birthplace,Q436927,Q37133,Mariupol,47.13055556,37.56388889,,,True,,F,19,1.5122160173002506,0.9095477386934674,1978-07-17,34.46203549696435,valid_pre_snapshot
2013-01,FIDE official January 2013 standard rating list,http://ratings.fide.com/download/standard_jan13frl.zip,standard_jan13frl.txt,4167570,"Gunina, Valentina",IM,WGM,,RUS,F,2490,16,10,1989.0,True,w,859,20,4167570,1989-02-04,wikidata_exact_year_agrees,north,resolved_unique_birthplace,Q163256,Q1763,Murmansk,68.96666667,33.08333333,,,True,,F,20,1.499800960305051,0.9045226130653268,1989-02-04,23.90740398502365,valid_pre_snapshot
2013-01,FIDE official January 2013 standard rating list,http://ratings.fide.com/download/standard_jan13frl.zip,standard_jan13frl.txt,4641833,"Paehtz, Elisabeth",IM,WGM,,GER,F,2482,0,10,1985.0,True,w,933,21,4641833,1985-01-08,wikidata_exact_year_agrees,north,resolved_unique_birthplace,Q62319,Q1729,Erfurt,50.97805556,11.02888889,,,True,,F,21,1.4004805043434567,0.8994974874371859,1985-01-08,27.98140961142255,valid_pre_snapshot
2013-01,FIDE official January 2013 standard rating list,http://ratings.fide.com/download/standard_jan13frl.zip,standard_jan13frl.txt,8602689,"Huang, Qian",WGM,WGM,,CHN,F,2478,11,10,1986.0,True,w,970,22,8602689,1986-07-18,wikidata_exact_year_agrees,north,resolved_unique_birthplace,Q5925658,Q11725,Chongqing,29.55,106.50694444,,,True,,F,22,1.3508202763626591,0.8944723618090452,1986-07-18,26.45913331553694,valid_pre_snapshot
2013-01,FIDE official January 2013 standard rating list,http://ratings.fide.com/download/standard_jan13frl.zip,standard_jan13frl.txt,14110911,"Ushenina, Anna",GM,WGM,,UKR,F,2477,14,10,1985.0,True,w,975,23,14110911,1985-08-30,wikidata_exact_year_agrees,north,resolved_unique_birthplace,Q82655,Q42308,Kharkiv,49.9925,36.23111111,,,True,,F,23,1.33840521936746,0.8894472361809045,1985-08-30,27.340739371787237,valid_pre_snapshot
2013-01,FIDE official January 2013 standard rating list,http://ratings.fide.com/download/standard_jan13frl.zip,standard_jan13frl.txt,4147855,"Pogonina, Natalija",WGM,WGM,,RUS,F,2475,6,10,1985.0,True,w,995,24,4147855,1985-03-09,wikidata_exact_year_agrees,north,resolved_unique_birthplace,Q436685,Q959,Vladivostok,43.115,131.88527778,,,True,,F,24,1.3135751053770617,0.8844221105527639,1985-03-09,27.81713519100324,valid_pre_snapshot
2013-01,FIDE official January 2013 standard rating list,http://ratings.fide.com/download/standard_jan13frl.zip,standard_jan13frl.txt,14114550,"Muzychuk, Mariya",IM,WGM,,UKR,F,2471,6,10,1992.0,True,w,1040,25,14114550,1992-09-21,wikidata_exact_year_agrees,north,resolved_unique_birthplace,Q439881,Q36036,Lviv,49.838055;49.841952,24.023055;24.0315921,,,True,,F,25,1.263914877396264,0.8793969849246231,1992-09-21,20.279677200763874,valid_pre_snapshot
2013-01,FIDE official January 2013 standard rating list,http://ratings.fide.com/download/standard_jan13frl.zip,standard_jan13frl.txt,14101513,"Zhukova, Natalia",GM,WGM,,UKR,F,2471,6,10,1979.0,True,w,1040,25,14101513,1979-06-05,wikidata_exact_year_agrees,north,resolved_unique_birthplace,Q265680,Q1731,Dresden,51.0493286;51.05089;51.0833,13.7381437;13.73832;13.7666,,,True,,F,25,1.263914877396264,0.8793969849246231,1979-06-05,33.57769153370706,valid_pre_snapshot
2013-01,FIDE official January 2013 standard rating list,http://ratings.fide.com/download/standard_jan13frl.zip,standard_jan13frl.txt,12400149,"Hoang, Thanh Trang",GM,WGM,,HUN,F,2469,4,10,1980.0,True,w,1067,27,12400149,1980-04-25,wikidata_exact_year_agrees,north,resolved_unique_birthplace,Q284978,Q1858,Hanoi,21.0245,105.84117,,,True,,F,27,1.2390847634058657,0.8693467336683417,1980-04-25,32.68787175643579,valid_pre_snapshot
2013-01,FIDE official January 2013 standard rating list,http://ratings.fide.com/download/standard_jan13frl.zip,standard_jan13frl.txt,13300210,"Danielian, Elina",GM,WGM,,ARM,F,2466,8,10,1978.0,True,w,1100,28,13300210,1978-08-16,wikidata_exact_year_agrees,north,resolved_unique_birthplace,Q433358,Q9248,Baku,40.36665556,49.83518333,,,True,,F,28,1.2018395924202676,0.864321608040201,1978-08-16,34.37989828675469,valid_pre_snapshot
2013-01,FIDE official January 2013 standard rating list,http://ratings.fide.com/download/standard_jan13frl.zip,standard_jan13frl.txt,8603642,"Tan, Zhongyi",WGM,WGM,,CHN,F,2466,3,10,1991.0,True,w,1100,28,8603642,1991-05-29,wikidata_exact_year_agrees,north,resolved_unique_birthplace,Q7682163,Q11725,Chongqing,29.55,106.50694444,,,True,,F,28,1.2018395924202676,0.864321608040201,1991-05-29,21.59661047112535,valid_pre_snapshot
2013-01,FIDE official January 2013 standard rating list,http://ratings.fide.com/download/standard_jan13frl.zip,standard_jan13frl.txt,4130189,"Atalik, Ekaterina",IM,WGM,,TUR,F,2461,0,10,1982.0,True,w,1143,30,4130189,1982-11-14,wikidata_exact_year_agrees,north,resolved_unique_birthplace,Q271541,Q5384,Kirov,58.6,49.65,,,True,,F,30,1.139764307444271,0.8542713567839196,1982-11-14,30.133404518915516,valid_pre_snapshot
2013-01,FIDE official January 2013 standard rating list,http://ratings.fide.com/download/standard_jan13frl.zip,standard_jan13frl.txt,13601458,"Javakhishvili, Lela",IM,WGM,,GEO,F,2461,10,10,1984.0,True,w,1143,30,13601458,1984-04-23,wikidata_exact_year_agrees,north,resolved_unique_birthplace,Q1816602,Q209009,Telavi,41.91694444;41.91978,45.47315;45.47638889,,,True,,F,30,1.139764307444271,0.8542713567839196,1984-04-23,28.69326543323956,valid_pre_snapshot
2013-01,FIDE official January 2013 standard rating list,http://ratings.fide.com/download/standard_jan13frl.zip,standard_jan13frl.txt,4129725,"Galliamova, Alisa",IM,WGM,,RUS,F,2459,6,10,1972.0,True,w,1165,32,4129725,1972-01-18,wikidata_exact_year_agrees,north,resolved_unique_birthplace,Q466286,Q900,Kazan,55.79083333,49.11444444,,,True,,F,32,1.1149341934538723,0.8442211055276382,1972-01-18,40.95635091754109,valid_pre_snapshot
2013-01,FIDE official January 2013 standard rating list,http://ratings.fide.com/download/standard_jan13frl.zip,standard_jan13frl.txt,2012782,"Krush, Irina",IM,WGM,,USA,F,2458,6,10,1983.0,True,w,1172,33,2012782,1983-12-24,wikidata_exact_year_agrees,north,resolved_unique_birthplace,Q271436,Q1874,Odesa,46.47747,30.73262,,,True,,F,33,1.102519136458673,0.8391959798994975,1983-12-24,29.02455218108517,valid_pre_snapshot
2013-01,FIDE official January 2013 standard rating list,http://ratings.fide.com/download/standard_jan13frl.zip,standard_jan13frl.txt,13300601,"Mkrtchian, Lilit",IM,WGM,,ARM,F,2458,8,10,1982.0,True,w,1172,33,13300601,1982-08-09,wikidata_exact_year_agrees,north,resolved_unique_birthplace,Q468769,Q1953,Yerevan,40.18138889,44.51444444,,,True,,F,33,1.102519136458673,0.8391959798994975,1982-08-09,30.3989814985934,valid_pre_snapshot
2013-01,FIDE official January 2013 standard rating list,http://ratings.fide.com/download/standard_jan13frl.zip,standard_jan13frl.txt,4900758,"Munguntuul, Batkhuyag",IM,WGM,,MGL,F,2453,0,10,1987.0,True,w,1220,35,4900758,1987-10-08,wikidata_exact_year_agrees,north,resolved_unique_birthplace,Q444506,Q23430,Ulaanbaatar,47.921357,106.905515,,,True,,F,35,1.0404438514826766,0.8291457286432161,1987-10-08,25.235288883413073,valid_pre_snapshot
2013-01,FIDE official January 2013 standard rating list,http://ratings.fide.com/download/standard_jan13frl.zip,standard_jan13frl.txt,403512,"Hunt, Harriet V",IM,WGM,,ENG,F,2450,0,10,1978.0,True,w,1250,36,403512,1978-02-04,wikidata_exact_year_agrees,north,resolved_unique_birthplace,Q274794,Q34217,Oxford,51.75194444,-1.25777778,,,True,,F,36,1.0031986804970785,0.8241206030150754,1978-02-04,34.90831433910347,valid_pre_snapshot
2013-01,FIDE official January 2013 standard rating list,http://ratings.fide.com/download/standard_jan13frl.zip,standard_jan13frl.txt,723916,"Dembo, Yelena",IM,WGM,,GRE,F,2448,2,10,1983.0,True,w,1273,37,723916,1983-12-08,wikidata_exact_year_agrees,north,resolved_unique_birthplace,Q465876,Q5540,Penza,53.2,45.0,,,True,,F,37,0.97836856650668,0.8190954773869347,1983-12-08,29.068358693196984,valid_pre_snapshot
2013-01,FIDE official January 2013 standard rating list,http://ratings.fide.com/download/standard_jan13frl.zip,standard_jan13frl.txt,1106619,"Socko, Monika",GM,WGM,,POL,F,2445,6,10,1978.0,True,w,1310,38,1106619,1978-03-24,wikidata_exact_year_agrees,north,resolved_unique_birthplace,Q261896,Q270,Warsaw,52.23,21.01111111,,,True,,F,38,0.941123395521082,0.8140703517587939,1978-03-24,34.77689480276803,valid_pre_snapshot
2013-01,FIDE official January 2013 standard rating list,http://ratings.fide.com/download/standard_jan13frl.zip,standard_jan13frl.txt,1201930,"Peptan, Corina-Isabela",IM,WGM,,ROU,F,2443,7,10,1978.0,True,w,1339,39,1201930,1978-03-17,wikidata_exact_year_agrees,north,resolved_unique_birthplace,Q453765,Q584531,Bumbești-Jiu,45.17861111,23.38138889,,,True,,F,39,0.9162932815306832,0.8090452261306532,1978-03-17,34.796060151816945,valid_pre_snapshot
2013-01,FIDE official January 2013 standard rating list,http://ratings.fide.com/download/standard_jan13frl.zip,standard_jan13frl.txt,4195752,"Girya, Olga",WGM,WGM,,RUS,F,2441,14,10,1991.0,True,w,1378,41,4195752,1991-06-04,wikidata_exact_year_agrees,north,resolved_unique_birthplace,Q2019607,Q157395,Langepas,61.25;61.25439,75.16666667;75.2124,,,True,,F,40,0.8914631675402848,0.8040201005025126,1991-06-04,21.58018302908342,valid_pre_snapshot
2013-01,FIDE official January 2013 standard rating list,http://ratings.fide.com/download/standard_jan13frl.zip,standard_jan13frl.txt,13900145,"Skripchenko, Almira",IM,WGM,,FRA,F,2436,2,10,1976.0,True,w,1452,43,13900145,1976-02-17,wikidata_exact_year_agrees,north,resolved_unique_birthplace,Q440144,Q21197,Chișinău,47.02277778,28.83527778,,,True,,F,41,0.8293878825642882,0.7989949748743719,1976-02-17,36.87413157012122,valid_pre_snapshot
2013-01,FIDE official January 2013 standard rating list,http://ratings.fide.com/download/standard_jan13frl.zip,standard_jan13frl.txt,8604002,"Guo, Qi",WGM,WGM,,CHN,F,2431,6,10,1995.0,True,w,1522,45,8604002,1995-01-27,wikidata_exact_year_agrees,north,resolved_unique_birthplace,Q11702909,Q1028116,Xinghua,32.93868,119.84036,,,True,,F,42,0.7673125975882916,0.7939698492462312,1995-01-27,17.930552988767737,valid_pre_snapshot
2013-01,FIDE official January 2013 standard rating list,http://ratings.fide.com/download/standard_jan13frl.zip,standard_jan13frl.txt,4181751,"Bodnaruk, Anastasia",IM,WGM,,RUS,F,2430,2,10,1992.0,True,w,1536,46,4181751,1992-03-30,wikidata_exact_year_agrees,north,resolved_unique_birthplace,Q9150572,Q656,Saint Petersburg,59.95,30.31666667,,,True,,F,43,0.7548975405930923,0.7889447236180904,1992-03-30,20.758810926986865,valid_pre_snapshot
2013-01,FIDE official January 2013 standard rating list,http://ratings.fide.com/download/standard_jan13frl.zip,standard_jan13frl.txt,14102463,"Alexandrova, Olga",IM,WGM,,ESP,F,2427,0,10,1978.0,True,w,1579,47,14102463,1978-01-28,wikidata_exact_year_agrees,north,resolved_unique_birthplace,Q555424,Q42308,Kharkiv,49.9925,36.23111111,,,True,,F,44,0.7176523696074943,0.7839195979899497,1978-01-28,34.92747968815239,valid_pre_snapshot
2013-01,FIDE official January 2013 standard rating list,http://ratings.fide.com/download/standard_jan13frl.zip,standard_jan13frl.txt,8602972,"Ding, Yixin",WGM,WGM,,CHN,F,2427,4,10,1991.0,True,w,1579,47,8602972,1991-04-26,wikidata_exact_year_agrees,north,resolved_unique_birthplace,Q5278150,Q42666,Shaoxing,30.0,120.58333333,,,True,,F,44,0.7176523696074943,0.7839195979899497,1991-04-26,21.68696140235597,valid_pre_snapshot
2013-01,FIDE official January 2013 standard rating list,http://ratings.fide.com/download/standard_jan13frl.zip,standard_jan13frl.txt,4139518,"Zaiatz, Elena",IM,WGM,,RUS,F,2427,0,10,1969.0,True,w,1579,47,4139518,1969-06-16,wikidata_exact_year_agrees,north,resolved_unique_birthplace,Q2364132,Q237655,Baranavichy,53.1325,26.01777778,,,True,,F,44,0.7176523696074943,0.7839195979899497,1969-06-16,43.546410946152214,valid_pre_snapshot
2013-01,FIDE official January 2013 standard rating list,http://ratings.fide.com/download/standard_jan13frl.zip,standard_jan13frl.txt,12401226,"Pham, Le Thao Nguyen",IM,WGM,,VIE,F,2426,4,10,1987.0,True,w,1589,50,12401226,1987-12-07,wikidata_exact_year_agrees,north,resolved_unique_birthplace,Q2089653,Q881,Vietnam,16.0,108.0,,,True,,F,47,0.705237312612295,0.7688442211055276,1987-12-07,25.071014462993762,valid_pre_snapshot
2013-01,FIDE official January 2013 standard rating list,http://ratings.fide.com/download/standard_jan13frl.zip,standard_jan13frl.txt,405094,"Houska, Jovanka",IM,WGM,,ENG,F,2416,9,10,1980.0,True,w,1749,51,405094,1980-06-10,wikidata_exact_year_agrees,north,resolved_unique_birthplace,Q439685,Q84,London,51.50722222,-0.1275,,,True,,F,48,0.5810867426603019,0.7638190954773869,1980-06-10,32.561928034114324,valid_pre_snapshot
2013-01,FIDE official January 2013 standard rating list,http://ratings.fide.com/download/standard_jan13frl.zip,standard_jan13frl.txt,8603162,"Shen, Yang",IM,WGM,,CHN,F,2415,6,10,1989.0,True,w,1777,52,8603162,1989-01-23,wikidata_exact_year_agrees,north,resolved_unique_birthplace,Q440378,Q16666,Nanjing,32.06083333,118.77888889,,,True,,F,49,0.5686716856651026,0.7587939698492462,1989-01-23,23.94025886910751,valid_pre_snapshot
2013-01,FIDE official January 2013 standard rating list,http://ratings.fide.com/download/standard_jan13frl.zip,standard_jan13frl.txt,13602888,"Guramishvili, Sopiko",IM,WGM,,GEO,F,2414,9,10,1991.0,True,w,1799,53,13602888,1991-01-01,wikidata_exact_year_agrees,north,resolved_unique_birthplace,Q4152234,Q994,Tbilisi,41.7225,44.7925,,,True,,F,50,0.5562566286699032,0.7537688442211056,1991-01-01,22.00182070815965,valid_pre_snapshot
2013-01,FIDE official January 2013 standard rating list,http://ratings.fide.com/download/standard_jan13frl.zip,standard_jan13frl.txt,4116704,"Kovalevskaya, Ekaterina",IM,WGM,,RUS,F,2411,2,10,1974.0,True,w,1851,54,4116704,1974-04-17,wikidata_exact_year_agrees,north,resolved_unique_birthplace,Q448996,Q908,Rostov-on-Don,47.2225,39.71,,,True,,F,51,0.5190114576843053,0.7487437185929648,1974-04-17,38.71126717181051,valid_pre_snapshot
2013-01,FIDE official January 2013 standard rating list,http://ratings.fide.com/download/standard_jan13frl.zip,standard_jan13frl.txt,13601377,"Matnadze, Ana",IM,WGM,,ESP,F,2408,22,10,1983.0,True,w,1909,55,13601377,1983-02-20,wikidata_exact_year_agrees,north,resolved_unique_birthplace,Q482971,Q209009,Telavi,41.91694444;41.91978,45.47315;45.47638889,,,True,,F,52,0.4817662866987073,0.7437185929648241,1983-02-20,29.865089632230642,valid_pre_snapshot
2013-01,FIDE official January 2013 standard rating list,http://ratings.fide.com/download/standard_jan13frl.zip,standard_jan13frl.txt,13602993,"Batsiashvili, Nino",WGM,WGM,,GEO,F,2407,18,10,1987.0,True,w,1928,56,13602993,1987-01-01,wikidata_exact_year_agrees,north,resolved_unique_birthplace,Q11792327,Q25475,Batumi,41.64583333,41.64166667,,,True,,F,53,0.469351229703508,0.7386934673366834,1987-01-01,26.001902845369855,valid_pre_snapshot
2013-01,FIDE official January 2013 standard rating list,http://ratings.fide.com/download/standard_jan13frl.zip,standard_jan13frl.txt,1108166,"Rajlich, Iweta",IM,WGM,,POL,F,2407,2,10,1981.0,True,w,1928,56,1108166,1981-03-16,wikidata_exact_year_agrees,north,resolved_unique_birthplace,Q275303,Q270,Warsaw,52.23,21.01111111,,,True,,F,53,0.469351229703508,0.7386934673366834,1981-03-16,31.798051979164526,valid_pre_snapshot
2013-01,FIDE official January 2013 standard rating list,http://ratings.fide.com/download/standard_jan13frl.zip,standard_jan13frl.txt,13600168,"Arakhamia-Grant, Ketevan",GM,WGM,,SCO,F,2405,2,10,1968.0,True,w,1978,58,13600168,1968-07-19,wikidata_exact_year_agrees,north,resolved_unique_birthplace,Q451654,Q211600,Ochamchire,42.70833333,41.46611111,,,True,,F,55,0.4445211157131094,0.7286432160804021,1968-07-19,44.455396072472396,valid_pre_snapshot
2013-01,FIDE official January 2013 standard rating list,http://ratings.fide.com/download/standard_jan13frl.zip,standard_jan13frl.txt,14101181,"Gaponenko, Inna",IM,WGM,,UKR,F,2405,0,10,1976.0,True,w,1978,58,14101181,1976-06-22,wikidata_exact_year_agrees,north,resolved_unique_birthplace,Q445102,Q156732,Kherson,46.6425,32.625,,,True,,F,55,0.4445211157131094,0.7286432160804021,1976-06-22,36.52915528724067,valid_pre_snapshot
2013-01,FIDE official January 2013 standard rating list,http://ratings.fide.com/download/standard_jan13frl.zip,standard_jan13frl.txt,14101610,"Vasilevich, Tatjana",IM,WGM,,UKR,F,2404,0,10,1977.0,True,w,1996,60,14101610,1977-01-14,wikidata_exact_year_agrees,north,resolved_unique_birthplace,Q9355843,Q33345,Yevpatoriya,45.2,33.35833333,,,True,,F,57,0.4321060587179101,0.7185929648241206,1977-01-14,35.96514644380103,valid_pre_snapshot
2013-01,FIDE official January 2013 standard rating list,http://ratings.fide.com/download/standard_jan13frl.zip,standard_jan13frl.txt,908550,"Bojkovic, Natasa",IM,WGM,,SRB,F,2403,0,10,1971.0,True,w,2013,61,908550,1971-09-03,wikidata_exact_year_agrees,north,resolved_unique_birthplace,Q1558686,Q3711,Belgrade,44.81777778,20.45694444,,,True,,F,58,0.4196910017227108,0.7135678391959799,1971-09-03,41.33144417749851,valid_pre_snapshot
2013-01,FIDE official January 2013 standard rating list,http://ratings.fide.com/download/standard_jan13frl.zip,standard_jan13frl.txt,13602446,"Melia, Salome",IM,WGM,,GEO,F,2403,0,10,1987.0,True,w,2013,61,13602446,1987-04-14,wikidata_exact_year_agrees,north,resolved_unique_birthplace,Q918597,Q25475,Batumi,41.64583333,41.64166667,,,True,,F,58,0.4196910017227108,0.7135678391959799,1987-04-14,25.71989842365004,valid_pre_snapshot
2013-01,FIDE official January 2013 standard rating list,http://ratings.fide.com/download/standard_jan13frl.zip,standard_jan13frl.txt,623725,"Milliet, Sophie",IM,WGM,,FRA,F,2403,4,10,1983.0,True,w,2013,61,623725,1983-11-02,wikidata_exact_year_agrees,north,resolved_unique_birthplace,Q449567,Q23482,Marseille,43.29666667,5.37638889,,,True,,F,58,0.4196910017227108,0.7135678391959799,1983-11-02,29.16692334544857,valid_pre_snapshot
2013-01,FIDE official January 2013 standard rating list,http://ratings.fide.com/download/standard_jan13frl.zip,standard_jan13frl.txt,5007844,"Tania, Sachdev",IM,WGM,,IND,F,2403,19,10,1986.0,True,w,2013,61,5007844,1986-08-20,wikidata_exact_year_agrees,north,resolved_unique_birthplace,Q453607,Q1353,Delhi,28.66666667,77.21666667,,,True,,F,58,0.4196910017227108,0.7135678391959799,1986-08-20,26.368782384306318,valid_pre_snapshot
2013-01,FIDE official January 2013 standard rating list,http://ratings.fide.com/download/standard_jan13frl.zip,standard_jan13frl.txt,4147103,"Goryachkina, Aleksandra",WGM,WGM,,RUS,F,2402,6,10,1998.0,True,w,2038,65,4147103,1998-09-28,wikidata_exact_year_agrees,north,resolved_unique_birthplace,Q4146345,Q47166,Orsk,51.229,58.4681,,,True,,F,62,0.4072759447275115,0.6934673366834171,1998-09-28,14.261757599403136,valid_pre_snapshot
2013-01,FIDE official January 2013 standard rating list,http://ratings.fide.com/download/standard_jan13frl.zip,standard_jan13frl.txt,1004786,"Peng, Zhaoqin",GM,WGM,FI,NED,F,2398,1,10,1968.0,True,w,2116,66,1004786,1968-05-08,wikidata_exact_year_agrees,north,resolved_unique_birthplace,Q271811,Q16572,Guangzhou,23.13,113.26,,,True,,F,63,0.3576157167467142,0.6884422110552764,1968-05-08,44.65252537697557,valid_pre_snapshot
2013-01,FIDE official January 2013 standard rating list,http://ratings.fide.com/download/standard_jan13frl.zip,standard_jan13frl.txt,8600643,"Li, Ruofan",IM,WGM,,SIN,F,2396,2,10,1978.0,True,w,2159,67,8600643,1978-04-30,wikidata_exact_year_agrees,north,resolved_unique_birthplace,Q379462,Q57958,Zhenjiang,32.21086,119.45508,,,True,,F,64,0.3327856027563156,0.6834170854271356,1978-04-30,34.67559224350945,valid_pre_snapshot
2013-01,FIDE official January 2013 standard rating list,http://ratings.fide.com/download/standard_jan13frl.zip,standard_jan13frl.txt,5013623,"Gomes, Mary Ann",WGM,WGM,,IND,F,2394,22,15,1989.0,True,w,2200,68,5013623,1989-09-19,wikidata_exact_year_agrees,north,resolved_unique_birthplace,Q590606,Q1348,Kolkata,22.5675,88.37,,,True,,F,65,0.3079554887659169,0.678391959798995,1989-09-19,23.28589909443726,valid_pre_snapshot
2013-01,FIDE official January 2013 standard rating list,http://ratings.fide.com/download/standard_jan13frl.zip,standard_jan13frl.txt,5004098,"Vijayalakshmi, Subbaraman",IM,WGM,,IND,F,2393,11,10,1979.0,True,w,2214,69,5004098,1979-03-25,wikidata_exact_year_agrees,north,resolved_unique_birthplace,Q275263,Q987,New Delhi,28.61388889,77.20888889,,,True,,F,66,0.2955404317707176,0.6733668341708543,1979-03-25,33.77482083821023,valid_pre_snapshot
2013-01,FIDE official January 2013 standard rating list,http://ratings.fide.com/download/standard_jan13frl.zip,standard_jan13frl.txt,5012600,"Karavade, Eesha",IM,WGM,,IND,F,2391,11,10,1987.0,True,w,2257,70,5012600,1987-11-21,wikidata_exact_year_agrees,north,resolved_unique_birthplace,Q511053,Q1538,Pune,18.52111111,73.85527778,,,True,,F,67,0.270710317780319,0.6683417085427136,1987-11-21,25.11482097510558,valid_pre_snapshot
2013-01,FIDE official January 2013 standard rating list,http://ratings.fide.com/download/standard_jan13frl.zip,standard_jan13frl.txt,13603620,"Paikidze, Nazi",IM,WGM,,GEO,F,2391,0,10,1993.0,True,w,2257,70,13603620,1993-10-27,wikidata_exact_year_agrees,north,resolved_unique_birthplace,Q517307,Q6576,Irkutsk,52.28916667,104.28,,,True,,F,67,0.270710317780319,0.6683417085427136,1993-10-27,19.181776490961486,valid_pre_snapshot
2013-01,FIDE official January 2013 standard rating list,http://ratings.fide.com/download/standard_jan13frl.zip,standard_jan13frl.txt,1122320,"Zawadzka, Jolanta",WGM,WGM,,POL,F,2391,12,10,1987.0,True,w,2257,70,1122320,1987-02-08,wikidata_exact_year_agrees,north,resolved_unique_birthplace,Q3817025,Q1799,Wrocław,51.11,17.0325,,,True,,F,67,0.270710317780319,0.6683417085427136,1987-02-08,25.897862379104293,valid_pre_snapshot
2013-01,FIDE official January 2013 standard rating list,http://ratings.fide.com/download/standard_jan13frl.zip,standard_jan13frl.txt,4164083,"Kovanova, Baira",WGM,WGM,,RUS,F,2387,4,10,1987.0,True,w,2340,74,4164083,1987-05-12,wikidata_exact_year_agrees,north,resolved_unique_birthplace,Q2658117,Q3977,Elista,46.31666667,44.26666667,,,True,,F,70,0.2210500897995217,0.6532663316582915,1987-05-12,25.64323702745436,valid_pre_snapshot
2013-01,FIDE official January 2013 standard rating list,http://ratings.fide.com/download/standard_jan13frl.zip,standard_jan13frl.txt,1121979,"Majdan-Gajewska, Joanna",WGM,WGM,,POL,F,2383,0,15,1988.0,True,w,2435,76,1121979,1988-06-09,wikidata_exact_year_agrees,north,resolved_unique_birthplace,Q511240,Q62868,Koszalin,54.19027778,16.18166667,,,True,,F,71,0.1713898618187245,0.6482412060301508,1988-06-09,24.56450166670089,valid_pre_snapshot
2013-01,FIDE official January 2013 standard rating list,http://ratings.fide.com/download/standard_jan13frl.zip,standard_jan13frl.txt,1106686,"Michna, Marta",WGM,WGM,,GER,F,2383,0,10,1978.0,True,w,2435,76,1106686,1978-01-30,wikidata_exact_year_agrees,north,resolved_unique_birthplace,Q98568,Q66013,Głogów,51.65888889,16.08027778,,,True,,F,71,0.1713898618187245,0.6482412060301508,1978-01-30,34.92200387413841,valid_pre_snapshot
2013-01,FIDE official January 2013 standard rating list,http://ratings.fide.com/download/standard_jan13frl.zip,standard_jan13frl.txt,4119827,"Matveeva, Svetlana",IM,WGM,,RUS,F,2380,2,10,1969.0,True,w,2495,78,4119827,1969-07-04,wikidata_exact_year_agrees,north,resolved_unique_birthplace,Q2079533,Q9361,Bishkek,42.86666667,74.56666667,,,True,,F,73,0.1341446908331265,0.6381909547738693,1969-07-04,43.49712862002642,valid_pre_snapshot
2013-01,FIDE official January 2013 standard rating list,http://ratings.fide.com/download/standard_jan13frl.zip,standard_jan13frl.txt,1122681,"Szczepkowska-Horowska, Karina",WGM,WGM,,POL,F,2378,0,15,1987.0,True,w,2525,79,1122681,1987-10-28,wikidata_exact_year_agrees,north,resolved_unique_birthplace,Q6371012,Q107094,Rybnik,50.08333333,18.5,,,True,,F,74,0.1093145768427279,0.6331658291457286,1987-10-28,25.180530743273305,valid_pre_snapshot
2013-01,FIDE official January 2013 standard rating list,http://ratings.fide.com/download/standard_jan13frl.zip,standard_jan13frl.txt,1210246,"L'Ami, Alina",WGM,WGM,,ROU,F,2376,6,15,1985.0,True,w,2565,80,1210246,1985-06-01,wikidata_exact_year_agrees,north,resolved_unique_birthplace,Q2132105,Q46852,Iași,47.16222222,27.58888889,,,True,,F,75,0.0844844628523293,0.628140703517588,1985-06-01,27.587151002416203,valid_pre_snapshot
2013-01,FIDE official January 2013 standard rating list,http://ratings.fide.com/download/standard_jan13frl.zip,standard_jan13frl.txt,8603219,"Zhang, Xiaowen",WGM,WGM,,CHN,F,2376,0,10,1989.0,True,w,2565,80,8603219,1989-02-24,wikidata_exact_year_agrees,north,resolved_unique_birthplace,Q9390854,Q8686,Shanghai,31.2325,121.46916667,,,True,,F,75,0.0844844628523293,0.628140703517588,1989-02-24,23.852645844883877,valid_pre_snapshot
2013-01,FIDE official January 2013 standard rating list,http://ratings.fide.com/download/standard_jan13frl.zip,standard_jan13frl.txt,8604070,"Wang, Jue",WGM,WGM,,CHN,F,2375,4,15,1995.0,True,w,2595,82,8604070,1995-10-17,wikidata_exact_year_agrees,north,resolved_unique_birthplace,Q16924414,Q956,Beijing,39.90403,116.407526,,,True,,F,77,0.0720694058571299,0.6180904522613065,1995-10-17,17.210483445929757,valid_pre_snapshot
2013-01,FIDE official January 2013 standard rating list,http://ratings.fide.com/download/standard_jan13frl.zip,standard_jan13frl.txt,4119118,"Shadrina, Tatiana",WGM,WGM,,RUS,F,2372,0,10,1974.0,True,w,2665,83,4119118,1974-04-20,wikidata_exact_year_agrees,north,resolved_unique_birthplace,Q16215094,Q155893,Kstovo,56.15166667,44.19555556,,,True,,F,78,0.034824234871532,0.6130653266331658,1974-04-20,38.70305345078955,valid_pre_snapshot
2013-01,FIDE official January 2013 standard rating list,http://ratings.fide.com/download/standard_jan13frl.zip,standard_jan13frl.txt,3506940,"Ordaz Valdes, Lisandra Teresa",WGM,WGM,,CUB,F,2371,16,15,1988.0,True,w,2688,84,3506940,1988-11-25,wikidata_exact_year_agrees,north,resolved_unique_birthplace,Q622933,Q244139,Pinar del Río,22.41222222,-83.67194444,,,True,,F,79,0.0224091778763327,0.6080402010050251,1988-11-25,24.101795382519832,valid_pre_snapshot
2013-01,FIDE official January 2013 standard rating list,http://ratings.fide.com/download/standard_jan13frl.zip,standard_jan13frl.txt,6302920,"Yildiz, Betul Cemre",WGM,WGM,,TUR,F,2370,9,15,1989.0,True,w,2716,85,6302920,1989-05-16,wikidata_exact_year_agrees,north,resolved_unique_birthplace,Q513707,Q175323,Adapazarı,40.77625,30.40256,,,True,,F,80,0.0099941208811334,0.6030150753768844,1989-05-16,23.63087537731781,valid_pre_snapshot
2013-01,FIDE official January 2013 standard rating list,http://ratings.fide.com/download/standard_jan13frl.zip,standard_jan13frl.txt,14102145,"Melamed, Tatjana",WGM,WGM,,GER,F,2368,0,15,1974.0,True,w,2765,87,14102145,1974-02-03,wikidata_exact_year_agrees,north,resolved_unique_birthplace,Q108199,Q157053,Chernihiv,51.49388889,31.29472222,,,True,,F,81,-0.0148359931092652,0.5979899497487438,1974-02-03,38.91113438332067,valid_pre_snapshot
2013-01,FIDE official January 2013 standard rating list,http://ratings.fide.com/download/standard_jan13frl.zip,standard_jan13frl.txt,14900440,"Repkova, Eva",IM,WGM,,SVK,F,2368,0,10,1975.0,True,w,2765,87,14900440,1975-01-16,wikidata_exact_year_agrees,north,resolved_unique_birthplace,Q543492,Q605521,Stará Ľubovňa,49.31666667,20.68333333,,,True,,F,81,-0.0148359931092652,0.5979899497487438,1975-01-16,37.96108065189566,valid_pre_snapshot
2013-01,FIDE official January 2013 standard rating list,http://ratings.fide.com/download/standard_jan13frl.zip,standard_jan13frl.txt,4623614,"Kachiani-Gersinska, Ketino",IM,WGM,,GER,F,2366,0,10,1971.0,True,w,2810,89,4623614,1971-09-11,wikidata_exact_year_agrees,north,resolved_unique_birthplace,Q89044,Q1011051,Mestia,43.04355556,42.72397222,,,True,,F,83,-0.0396661070996638,0.5879396984924623,1971-09-11,41.309540921442604,valid_pre_snapshot
2013-01,FIDE official January 2013 standard rating list,http://ratings.fide.com/download/standard_jan13frl.zip,standard_jan13frl.txt,14102358,"Kononenko, Tatiana",IM,WGM,,UKR,F,2364,0,10,1978.0,True,w,2864,90,14102358,1978-12-05,wikidata_exact_year_agrees,north,resolved_unique_birthplace,Q2395547,Q33613,Kramatorsk,48.73916667,37.58388889,,,True,,F,84,-0.0644962210900624,0.5829145728643216,1978-12-05,34.07599060897896,valid_pre_snapshot
2013-01,FIDE official January 2013 standard rating list,http://ratings.fide.com/download/standard_jan13frl.zip,standard_jan13frl.txt,13505211,"Ziaziulkina, Nastassia",WGM,WGM,,BLR,F,2364,11,15,1995.0,True,w,2864,90,13505211,1995-10-06,wikidata_exact_year_agrees,north,resolved_unique_birthplace,Q9150557,Q2280,Minsk,53.902246,27.561837,,,True,,F,84,-0.0644962210900624,0.5829145728643216,1995-10-06,17.240600423006633,valid_pre_snapshot
2013-01,FIDE official January 2013 standard rating list,http://ratings.fide.com/download/standard_jan13frl.zip,standard_jan13frl.txt,13403508,"Mammadova, Gulnar",WGM,WGM,,AZE,F,2363,0,15,1991.0,True,w,2891,92,13403508,1991-05-11,wikidata_exact_year_agrees,north,resolved_unique_birthplace,Q9283967,Q241116,Shirvan,39.93194444,48.92027778,,,True,,F,86,-0.0769112780852617,0.5728643216080402,1991-05-11,21.64589279725114,valid_pre_snapshot
2013-01,FIDE official January 2013 standard rating list,http://ratings.fide.com/download/standard_jan13frl.zip,standard_jan13frl.txt,723894,"Vajda, Szidonia",IM,WGM,,HUN,F,2362,0,10,1979.0,True,w,2920,93,723894,1979-01-20,wikidata_exact_year_agrees,north,resolved_unique_birthplace,Q519274,Q623099,Odorheiu Secuiesc,46.31388889,25.30166667,,,True,,F,87,-0.0893263350804611,0.5678391959798995,1979-01-20,33.950046886657496,valid_pre_snapshot
2013-01,FIDE official January 2013 standard rating list,http://ratings.fide.com/download/standard_jan13frl.zip,standard_jan13frl.txt,4137582,"Ubiennykh, Ekaterina",WIM,WIM,,RUS,F,2360,0,15,1983.0,True,w,2974,96,4137582,1983-02-22,wikidata_exact_year_agrees,north,resolved_unique_birthplace,Q11723981,Q919,Krasnoyarsk,56.00888889,92.87194444,,,True,,F,88,-0.1141564490708597,0.5628140703517588,1983-02-22,29.859613818216662,valid_pre_snapshot
2013-01,FIDE official January 2013 standard rating list,http://ratings.fide.com/download/standard_jan13frl.zip,standard_jan13frl.txt,8601097,"Wang, Yu A.",IM,WGM,,CHN,F,2359,0,10,1982.0,True,w,2999,97,8601097,1982-11-19,wikidata_exact_year_agrees,north,resolved_unique_birthplace,Q7967738,Q11736,Tianjin,39.14666667,117.20555556,,,True,,F,89,-0.126571506066059,0.5577889447236181,1982-11-19,30.119714983880574,valid_pre_snapshot
2013-01,FIDE official January 2013 standard rating list,http://ratings.fide.com/download/standard_jan13frl.zip,standard_jan13frl.txt,3504794,"Linares Napoles, Oleiny",WGM,WGM,,CUB,F,2358,0,15,1983.0,True,w,3020,98,3504794,1983-05-09,wikidata_exact_year_agrees,north,resolved_unique_birthplace,Q6049755,Q117040,Santiago de Cuba,20.02166667,-75.82944444,,,True,,F,90,-0.1389865630612583,0.5527638190954773,1983-05-09,29.651532885685537,valid_pre_snapshot
2013-01,FIDE official January 2013 standard rating list,http://ratings.fide.com/download/standard_jan13frl.zip,standard_jan13frl.txt,322750,"Nemcova, Katerina",WGM,WGM,,CZE,F,2357,0,15,1990.0,True,w,3044,99,322750,1990-11-14,wikidata_exact_year_agrees,north,resolved_unique_birthplace,Q436695,Q1085,Prague,50.0875,14.42138889,,,True,,F,91,-0.1514016200564576,0.5477386934673367,1990-11-14,22.133240244495095,valid_pre_snapshot
2013-01,FIDE official January 2013 standard rating list,http://ratings.fide.com/download/standard_jan13frl.zip,standard_jan13frl.txt,4671660,"Schleining, Zoya",WGM,WGM,,GER,F,2357,0,10,1961.0,True,w,3044,99,4671660,1961-09-06,wikidata_exact_year_agrees,north,resolved_unique_birthplace,Q227082,Q36036,Lviv,49.838055;49.841952,24.023055;24.0315921,,,True,,F,91,-0.1514016200564576,0.5477386934673367,1961-09-06,51.32206684599957,valid_pre_snapshot
2013-01,FIDE official January 2013 standard rating list,http://ratings.fide.com/download/standard_jan13frl.zip,standard_jan13frl.txt,13604040,"Arabidze, Meri",WGM,WGM,,GEO,F,2355,0,15,1994.0,True,w,3102,101,13604040,1994-02-25,wikidata_exact_year_agrees,north,resolved_unique_birthplace,Q1921654,Q513727,Samtredia,42.1625,42.34166667,,,True,,F,93,-0.1762317340468563,0.5376884422110553,1994-02-25,18.850489743115876,valid_pre_snapshot
2013-01,FIDE official January 2013 standard rating list,http://ratings.fide.com/download/standard_jan13frl.zip,standard_jan13frl.txt,13903063,"Bulmaga, Irina",WGM,WGM,,ROU,F,2355,9,15,1993.0,True,w,3102,101,13903063,1993-11-11,wikidata_exact_year_agrees,north,resolved_unique_birthplace,Q15149603,Q21197,Chișinău,47.02277778,28.83527778,,,True,,F,93,-0.1762317340468563,0.5376884422110553,1993-11-11,19.140707885856656,valid_pre_snapshot
2013-01,FIDE official January 2013 standard rating list,http://ratings.fide.com/download/standard_jan13frl.zip,standard_jan13frl.txt,12800619,"Ciuksyte, Dagne",IM,WGM,,ENG,F,2354,0,10,1977.0,True,w,3126,103,12800619,1977-01-01,wikidata_exact_year_agrees,north,resolved_unique_birthplace,Q1157347,Q1719466,Panevėžys,55.725,24.36388889,,,True,,F,95,-0.1886467910420556,0.5276381909547738,1977-01-01,36.00073923489189,valid_pre_snapshot
2013-01,FIDE official January 2013 standard rating list,http://ratings.fide.com/download/standard_jan13frl.zip,standard_jan13frl.txt,2907763,"Videnova, Iva",WGM,WGM,,BUL,F,2354,17,15,1987.0,True,w,3126,103,2907763,1987-10-17,wikidata_exact_year_agrees,north,resolved_unique_birthplace,Q1621887,Q472,Sofia,42.697886,23.321726,,,True,,F,95,-0.1886467910420556,0.5276381909547738,1987-10-17,25.210647720350178,valid_pre_snapshot
2013-01,FIDE official January 2013 standard rating list,http://ratings.fide.com/download/standard_jan13frl.zip,standard_jan13frl.txt,13601431,"Charkhalashvili, Inga",WGM,WGM,,GEO,F,2353,0,15,1983.0,True,w,3151,105,13601431,1983-04-23,wikidata_exact_year_agrees,north,resolved_unique_birthplace,Q11712491,Q172415,Kutaisi,42.27166667,42.70555556,,,True,,F,97,-0.2010618480372549,0.5175879396984925,1983-04-23,29.695339397797355,valid_pre_snapshot
2013-01,FIDE official January 2013 standard rating list,http://ratings.fide.com/download/standard_jan13frl.zip,standard_jan13frl.txt,14902052,"Pokorna, Regina",WGM,WGM,,SVK,F,2352,0,10,1982.0,True,w,3172,106,14902052,1982-01-18,wikidata_exact_year_agrees,north,resolved_unique_birthplace,Q440813,Q1780,Bratislava,48.14816;48.1516988,17.10674;17.1093063,,,True,,F,98,-0.2134769050324542,0.5125628140703518,1982-01-18,30.954776621012066,valid_pre_snapshot
2013-01,FIDE official January 2013 standard rating list,http://ratings.fide.com/download/standard_jan13frl.zip,standard_jan13frl.txt,14900866,"Stockova, Zuzana",IM,WGM,,SVK,F,2352,0,10,1977.0,True,w,3172,106,14900866,1977-11-25,wikidata_exact_year_agrees,north,resolved_unique_birthplace,Q231246,Q327977,Kežmarok,49.13833333,20.42916667,,,True,,F,98,-0.2134769050324542,0.5125628140703518,1977-11-25,35.10270573659965,valid_pre_snapshot
2013-01,FIDE official January 2013 standard rating list,http://ratings.fide.com/download/standard_jan13frl.zip,standard_jan13frl.txt,2219026,"Vega Gutierrez, Sabrina",WGM,WGM,,ESP,F,2352,0,15,1987.0,True,w,3172,106,2219026,1987-02-28,wikidata_exact_year_agrees,north,resolved_unique_birthplace,Q9072507,Q11974,Las Palmas de Gran Canaria,28.12722222,-15.43138889,,,True,,F,98,-0.2134769050324542,0.5125628140703518,1987-02-28,25.84310423896452,valid_pre_snapshot
2013-01,FIDE official January 2013 standard rating list,http://ratings.fide.com/download/standard_jan13frl.zip,standard_jan13frl.txt,4129709,"Kursova, Maria",WGM,WGM,,ARM,F,2351,0,15,1986.0,True,w,3210,109,4129709,1986-01-03,wikidata_exact_year_agrees,north,resolved_unique_birthplace,Q11769931,Q190499,Severodvinsk,64.56666667,39.85,,,True,,F,101,-0.2258919620276535,0.4974874371859296,1986-01-03,26.995763088906685,valid_pre_snapshot
2013-01,FIDE official January 2013 standard rating list,http://ratings.fide.com/download/standard_jan13frl.zip,standard_jan13frl.txt,717444,"Gara, Ticia",WGM,WGM,,HUN,F,2350,17,15,1984.0,True,w,3236,111,717444,1984-10-25,wikidata_exact_year_agrees,north,resolved_unique_birthplace,Q519335,Q1781,Budapest,47.49833333,19.04083333,,,True,,F,102,-0.2383070190228528,0.4924623115577889,1984-10-25,28.186752636946686,valid_pre_snapshot
2013-01,FIDE official January 2013 standard rating list,http://ratings.fide.com/download/standard_jan13frl.zip,standard_jan13frl.txt,4198026,"Kashlinskaya, Alina",WGM,WGM,,RUS,F,2350,8,15,1993.0,True,w,3236,111,4198026,1993-10-28,wikidata_exact_year_agrees,north,resolved_unique_birthplace,Q4218235,Q649,Moscow,55.75055556,37.6175,,,True,,F,102,-0.2383070190228528,0.4924623115577889,1993-10-28,19.179038583954494,valid_pre_snapshot
2013-01,FIDE official January 2013 standard rating list,http://ratings.fide.com/download/standard_jan13frl.zip,standard_jan13frl.txt,14107449,"Kostiuk, Tatiana",WGM,WGM,,UKR,F,2349,2,15,1982.0,True,w,3266,113,14107449,1982-11-21,wikidata_exact_year_agrees,north,resolved_unique_birthplace,Q7688085,Q157053,Chernihiv,51.49388889,31.29472222,,,True,,F,104,-0.2507220760180522,0.4824120603015075,1982-11-21,30.114239169866593,valid_pre_snapshot
2013-01,FIDE official January 2013 standard rating list,http://ratings.fide.com/download/standard_jan13frl.zip,standard_jan13frl.txt,4149351,"Romanko, Marina",IM,WGM,,RUS,F,2349,2,10,1986.0,True,w,3266,113,4149351,1986-08-05,wikidata_exact_year_agrees,north,resolved_unique_birthplace,Q6763901,Q197386,Fryazino,55.95,38.05,,,True,,F,104,-0.2507220760180522,0.4824120603015075,1986-08-05,26.409850989411144,valid_pre_snapshot
2013-01,FIDE official January 2013 standard rating list,http://ratings.fide.com/download/standard_jan13frl.zip,standard_jan13frl.txt,812153,"Sedina, Elena",IM,WGM,,ITA,F,2349,0,10,1968.0,True,w,3266,113,812153,1968-06-01,wikidata_exact_year_agrees,north,resolved_unique_birthplace,Q465448,Q1899,Kyiv,50.45,30.52361111,,,True,,F,104,-0.2507220760180522,0.4824120603015075,1968-06-01,44.586815608807846,valid_pre_snapshot
2013-01,FIDE official January 2013 standard rating list,http://ratings.fide.com/download/standard_jan13frl.zip,standard_jan13frl.txt,639370,"Guichard, Pauline",WGM,WGM,,FRA,F,2347,0,15,1988.0,True,w,3318,117,639370,1988-11-14,wikidata_exact_year_agrees,north,resolved_unique_birthplace,Q11813816,Q174002,Colombes,48.92361111,2.25222222,,,True,,F,107,-0.2755521900084508,0.4673366834170854,1988-11-14,24.131912359596704,valid_pre_snapshot
2013-01,FIDE official January 2013 standard rating list,http://ratings.fide.com/download/standard_jan13frl.zip,standard_jan13frl.txt,13600656,"Lomineishvili, Maia",IM,WGM,,GEO,F,2345,0,10,1977.0,True,w,3359,118,13600656,1977-11-11,wikidata_exact_year_agrees,north,resolved_unique_birthplace,Q599880,Q994,Tbilisi,41.7225,44.7925,,,True,,F,108,-0.3003823039988494,0.4623115577889447,1977-11-11,35.1410364346975,valid_pre_snapshot
2013-01,FIDE official January 2013 standard rating list,http://ratings.fide.com/download/standard_jan13frl.zip,standard_jan13frl.txt,14201526,"Muminova, Nafisa",WGM,WGM,,UZB,F,2343,9,15,1990.0,True,w,3403,119,14201526,1990-02-01,wikidata_exact_year_agrees,north,resolved_unique_birthplace,Q1963433,Q269,Tashkent,41.31111111,69.27972222,,,True,,F,109,-0.325212417989248,0.457286432160804,1990-02-01,22.916281648493808,valid_pre_snapshot
2013-01,FIDE official January 2013 standard rating list,http://ratings.fide.com/download/standard_jan13frl.zip,standard_jan13frl.txt,4132190,"Zimina, Olga",IM,WGM,,ITA,F,2341,9,10,1982.0,True,w,3453,120,4132190,1982-05-14,wikidata_exact_year_agrees,north,resolved_unique_birthplace,Q526780,Q2684,Vladimir,56.12861111,40.40583333,,,True,,F,110,-0.3500425319796467,0.4522613065326633,1982-05-14,30.6371794082014,valid_pre_snapshot
2013-01,FIDE official January 2013 standard rating list,http://ratings.fide.com/download/standard_jan13frl.zip,standard_jan13frl.txt,14104652,"Gritsayeva, Oksana",WF,WF,,UKR,F,2340,0,15,1980.0,True,w,3477,122,14104652,1980-03-17,wikidata_exact_year_agrees,north,resolved_unique_birthplace,Q28479340,Q158491,Feodosiia,45.04609;45.04888889,35.378768;35.37916667,,,True,,F,111,-0.362457588974846,0.4472361809045226,1980-03-17,32.794650129708344,valid_pre_snapshot
2013-01,FIDE official January 2013 standard rating list,http://ratings.fide.com/download/standard_jan13frl.zip,standard_jan13frl.txt,4129903,"Sudakova, Irina",WGM,WGM,,RUS,F,2340,0,15,1982.0,True,w,3477,122,4129903,1982-09-05,wikidata_exact_year_agrees,north,resolved_unique_birthplace,Q11714010,Q656,Saint Petersburg,59.95,30.31666667,,,True,,F,111,-0.362457588974846,0.4472361809045226,1982-09-05,30.32505800940471,valid_pre_snapshot
2013-01,FIDE official January 2013 standard rating list,http://ratings.fide.com/download/standard_jan13frl.zip,standard_jan13frl.txt,13601440,"Gvetadze, Sofio",IM,WGM,,GEO,F,2339,9,10,1983.0,True,w,3513,124,13601440,1983-11-15,wikidata_exact_year_agrees,north,resolved_unique_birthplace,Q28312812,Q994,Tbilisi,41.7225,44.7925,,,True,,F,113,-0.3748726459700453,0.4371859296482412,1983-11-15,29.13133055435772,valid_pre_snapshot
2013-01,FIDE official January 2013 standard rating list,http://ratings.fide.com/download/standard_jan13frl.zip,standard_jan13frl.txt,4196872,"Savina, Anastasia",IM,WGM,,RUS,F,2339,9,10,1992.0,True,w,3513,124,4196872,1992-03-18,wikidata_exact_year_agrees,north,resolved_unique_birthplace,Q487160,Q649,Moscow,55.75055556,37.6175,,,True,,F,113,-0.3748726459700453,0.4371859296482412,1992-03-18,20.791665811070725,valid_pre_snapshot
2013-01,FIDE official January 2013 standard rating list,http://ratings.fide.com/download/standard_jan13frl.zip,standard_jan13frl.txt,927007,"Manakova, Maria",WGM,WGM,,SRB,F,2338,0,15,1974.0,True,w,3543,126,927007,1974-03-01,wikidata_exact_year_agrees,north,resolved_unique_birthplace,Q545025,Q900,Kazan,55.79083333,49.11444444,,,True,,F,115,-0.3872877029652447,0.4271356783919598,1974-03-01,38.839948801138966,valid_pre_snapshot
2013-01,FIDE official January 2013 standard rating list,http://ratings.fide.com/download/standard_jan13frl.zip,standard_jan13frl.txt,13704788,"Nakhbayeva, Guliskhan",WGM,WGM,,KAZ,F,2338,8,15,1991.0,True,w,3543,126,13704788,1991-06-20,wikidata_exact_year_agrees,north,resolved_unique_birthplace,Q16225599,Q485496,Shymkent,42.3,69.6,,,True,,F,115,-0.3872877029652447,0.4271356783919598,1991-06-20,21.5363765169716,valid_pre_snapshot
2013-01,FIDE official January 2013 standard rating list,http://ratings.fide.com/download/standard_jan13frl.zip,standard_jan13frl.txt,4200446,"Botsari, Anna-Maria",WGM,WGM,,GRE,F,2337,0,15,1972.0,True,w,3575,128,4200446,1972-10-05,wikidata_exact_year_agrees,north,resolved_unique_birthplace,Q9150296,Q1524,Athens,37.98416667,23.72805556,,,True,,F,117,-0.3997027599604439,0.4170854271356783,1972-10-05,40.24175718871709,valid_pre_snapshot
2013-01,FIDE official January 2013 standard rating list,http://ratings.fide.com/download/standard_jan13frl.zip,standard_jan13frl.txt,704458,"Grabics, Monika",WGM,WGM,,HUN,F,2335,0,15,1976.0,True,w,3634,129,704458,1976-08-31,wikidata_exact_year_agrees,north,resolved_unique_birthplace,Q1957793,Q1781,Budapest,47.49833333,19.04083333,,,True,,F,118,-0.4245328739508426,0.4120603015075377,1976-08-31,36.337501796751475,valid_pre_snapshot
2013-01,FIDE official January 2013 standard rating list,http://ratings.fide.com/download/standard_jan13frl.zip,standard_jan13frl.txt,5004330,"Mohota, Nisha",IM,WGM,,IND,F,2335,22,10,1980.0,True,w,3634,129,5004330,1980-10-13,wikidata_exact_year_agrees,north,resolved_unique_birthplace,Q11792343,Q1191,Maharashtra,19.75148,75.71388806,,,True,,F,118,-0.4245328739508426,0.4120603015075377,1980-10-13,32.21968965824076,valid_pre_snapshot
2013-01,FIDE official January 2013 standard rating list,http://ratings.fide.com/download/standard_jan13frl.zip,standard_jan13frl.txt,1201590,"Cosma, Elena-Luminita",WGM,WGM,,ROU,F,2332,0,10,1972.0,True,w,3733,131,1201590,1972-01-22,wikidata_exact_year_agrees,north,resolved_unique_birthplace,Q9252595,Q19660,Bucharest,44.41336111,26.09777778,,,True,,F,120,-0.4617780449364405,0.4020100502512563,1972-01-22,40.945399289513134,valid_pre_snapshot
2013-01,FIDE official January 2013 standard rating list,http://ratings.fide.com/download/standard_jan13frl.zip,standard_jan13frl.txt,4000510,"Berend, Elvira",WGM,WGM,,LUX,F,2331,0,15,1965.0,True,w,3765,134,4000510,1965-09-19,wikidata_exact_year_agrees,north,resolved_unique_birthplace,Q3247101,Q35493,Almaty,43.24,76.915,,,True,,F,121,-0.4741931019316398,0.3969849246231156,1965-09-19,47.286391917698516,valid_pre_snapshot
2013-01,FIDE official January 2013 standard rating list,http://ratings.fide.com/download/standard_jan13frl.zip,standard_jan13frl.txt,13600125,"Gaprindashvili, Nona",GM,WIM,,GEO,F,2329,0,10,1941.0,True,w,3821,135,13600125,1941-05-03,wikidata_exact_year_agrees,north,resolved_unique_birthplace,Q231630,Q185336,Zugdidi,42.50805556,41.8725,,,True,,F,122,-0.4990232159220384,0.3919597989949748,1941-05-03,71.66745381493118,valid_pre_snapshot
2013-01,FIDE official January 2013 standard rating list,http://ratings.fide.com/download/standard_jan13frl.zip,standard_jan13frl.txt,705136,"Medvegy, Nora Dr.",IM,WGM,,HUN,F,2328,0,10,1977.0,True,w,3844,136,705136,1977-03-29,wikidata_exact_year_agrees,north,resolved_unique_birthplace,Q2006623,Q187821,Tatabánya,47.58616,18.39485,,,True,,F,123,-0.5114382729172378,0.3869346733668342,1977-03-29,35.762541325283884,valid_pre_snapshot
2013-01,FIDE official January 2013 standard rating list,http://ratings.fide.com/download/standard_jan13frl.zip,standard_jan13frl.txt,12502014,"Pourkashiyan, Atousa",WGM,WGM,,IRI,F,2328,2,15,1988.0,True,w,3844,136,12502014,1988-05-16,wikidata_exact_year_agrees,north,resolved_unique_birthplace,Q4817454,Q3616,Tehran,35.68888889,51.38972222,,,True,,F,123,-0.5114382729172378,0.3869346733668342,1988-05-16,24.630211434868613,valid_pre_snapshot
2013-01,FIDE official January 2013 standard rating list,http://ratings.fide.com/download/standard_jan13frl.zip,standard_jan13frl.txt,2802015,"Klinova, Masha",IM,WGM,FT,ISR,F,2327,0,10,1968.0,True,w,3883,138,2802015,1968-11-18,wikidata_exact_year_agrees,north,resolved_unique_birthplace,Q1922932,Q1874,Odesa,46.47747,30.73262,,,True,,F,125,-0.5238533299124372,0.3768844221105528,1968-11-18,44.1213714176198,valid_pre_snapshot
2013-01,FIDE official January 2013 standard rating list,http://ratings.fide.com/download/standard_jan13frl.zip,standard_jan13frl.txt,13301314,"Galojan, Lilit",IM,WGM,,ARM,F,2326,0,10,1983.0,True,w,3914,139,13301314,1983-06-17,wikidata_exact_year_agrees,north,resolved_unique_birthplace,Q16222185,Q1953,Yerevan,40.18138889,44.51444444,,,True,,F,126,-0.5362683869076365,0.371859296482412,1983-06-17,29.544754512412986,valid_pre_snapshot
2013-01,FIDE official January 2013 standard rating list,http://ratings.fide.com/download/standard_jan13frl.zip,standard_jan13frl.txt,14400073,"Misanovic, Vesna",WGM,WGM,,BIH,F,2326,0,15,1964.0,True,w,3914,139,14400073,1964-11-27,wikidata_exact_year_agrees,north,resolved_unique_birthplace,Q7923258,Q11194,Sarajevo,43.85638889,18.41305556,,,True,,F,126,-0.5362683869076365,0.371859296482412,1964-11-27,48.09681239176711,valid_pre_snapshot
2013-01,FIDE official January 2013 standard rating list,http://ratings.fide.com/download/standard_jan13frl.zip,standard_jan13frl.txt,13601105,"Goletiani, Rusudan",IM,WGM,,USA,F,2325,0,10,1980.0,True,w,3942,141,13601105,1980-09-08,wikidata_exact_year_agrees,north,resolved_unique_birthplace,Q275873,Q40811,Sokhumi,43.00361111,41.01916667,,,True,,F,128,-0.5486834439028357,0.3618090452261306,1980-09-08,32.315516403485354,valid_pre_snapshot
2013-01,FIDE official January 2013 standard rating list,http://ratings.fide.com/download/standard_jan13frl.zip,standard_jan13frl.txt,4900839,"Batchimeg, Tuvshintugs",WGM,WGM,FA,MGL,F,2323,0,15,1986.0,True,w,3992,142,4900839,1986-05-03,wikidata_exact_year_agrees,north,resolved_unique_birthplace,Q526325,Q23430,Ulaanbaatar,47.921357,106.905515,,,True,,F,129,-0.5735135578932343,0.3567839195979899,1986-05-03,26.667214248068063,valid_pre_snapshot
2013-01,FIDE official January 2013 standard rating list,http://ratings.fide.com/download/standard_jan13frl.zip,standard_jan13frl.txt,4108752,"Grabuzova, Tatiana",WGM,WGM,,RUS,F,2323,0,10,1967.0,True,w,3992,142,4108752,1967-02-09,wikidata_exact_year_agrees,north,resolved_unique_birthplace,Q27559996,Q900,Kazan,55.79083333,49.11444444,,,True,,F,129,-0.5735135578932343,0.3567839195979899,1967-02-09,45.895535158148355,valid_pre_snapshot
2013-01,FIDE official January 2013 standard rating list,http://ratings.fide.com/download/standard_jan13frl.zip,standard_jan13frl.txt,4690745,"Ohme, Melanie",WGM,WGM,,GER,F,2322,0,15,1990.0,True,w,4025,145,4690745,1990-06-23,wikidata_exact_year_agrees,north,resolved_unique_birthplace,Q1476950,Q2079,Leipzig,51.339444;51.33962;51.3406321;51.35,12.371111;12.37129;12.3747329;12.3833,,,True,,F,131,-0.5859286148884337,0.3467336683417085,1990-06-23,22.52749885350144,valid_pre_snapshot
2013-01,FIDE official January 2013 standard rating list,http://ratings.fide.com/download/standard_jan13frl.zip,standard_jan13frl.txt,700550,"Madl, Ildiko",IM,WGM,,HUN,F,2321,0,10,1969.0,True,w,4061,147,700550,1969-11-05,wikidata_exact_year_agrees,north,resolved_unique_birthplace,Q469065,Q288413,Tapolca,46.88277778,17.44111111,,,True,,F,132,-0.598343671883633,0.3417085427135678,1969-11-05,43.15762815115985,valid_pre_snapshot
2013-01,FIDE official January 2013 standard rating list,http://ratings.fide.com/download/standard_jan13frl.zip,standard_jan13frl.txt,11600209,"Safranska, Anda",WGM,WGM,,FRA,F,2319,5,15,1960.0,True,w,4112,149,11600209,1960-12-02,wikidata_exact_year_agrees,north,resolved_unique_birthplace,Q2600515,Q1773,Riga,56.9475,24.10694444,,,True,,F,133,-0.6231737858740316,0.3366834170854271,1960-12-02,52.08320499394238,valid_pre_snapshot
2013-01,FIDE official January 2013 standard rating list,http://ratings.fide.com/download/standard_jan13frl.zip,standard_jan13frl.txt,1212915,"Foisor, Sabina-Francesca",WGM,WGM,NI,USA,F,2317,0,15,1989.0,True,w,4176,150,1212915,1989-08-30,wikidata_exact_year_agrees,north,resolved_unique_birthplace,Q9332568,Q83404,Timișoara,45.75972222,21.23,,,True,,F,134,-0.6480038998644303,0.3316582914572864,1989-08-30,23.340657234577026,valid_pre_snapshot
2013-01,FIDE official January 2013 standard rating list,http://ratings.fide.com/download/standard_jan13frl.zip,standard_jan13frl.txt,1107445,"Dworakowska, Joanna",IM,WGM,,POL,F,2316,0,10,1978.0,True,w,4217,154,1107445,1978-10-21,wikidata_exact_year_agrees,north,resolved_unique_birthplace,Q437434,Q270,Warsaw,52.23,21.01111111,,,True,,F,135,-0.6604189568596296,0.3266331658291457,1978-10-21,34.19919642429345,valid_pre_snapshot
2013-01,FIDE official January 2013 standard rating list,http://ratings.fide.com/download/standard_jan13frl.zip,standard_jan13frl.txt,3503950,"Marrero Lopez, Yaniet",WGM,WGM,,CUB,F,2316,16,15,1983.0,True,w,4217,154,3503950,1983-04-04,wikidata_exact_year_agrees,north,resolved_unique_birthplace,Q720164,Q115527,Las Tunas,20.96666667,-76.95,,,True,,F,135,-0.6604189568596296,0.3266331658291457,1983-04-04,29.747359630930134,valid_pre_snapshot
2013-01,FIDE official January 2013 standard rating list,http://ratings.fide.com/download/standard_jan13frl.zip,standard_jan13frl.txt,13603108,"Mikadze, Miranda",WIM,WIM,,GEO,F,2314,0,15,1989.0,True,w,4277,156,13603108,1989-09-18,wikidata_exact_year_agrees,north,resolved_unique_birthplace,Q23754528,Q25475,Batumi,41.64583333,41.64166667,,,True,,F,137,-0.6852490708500282,0.3165829145728643,1989-09-18,23.288637001444247,valid_pre_snapshot
2013-01,FIDE official January 2013 standard rating list,http://ratings.fide.com/download/standard_jan13frl.zip,standard_jan13frl.txt,722855,"Rudolf, Anna",WGM,WGM,,HUN,F,2312,9,15,1987.0,True,w,4353,159,722855,1987-11-12,wikidata_exact_year_agrees,north,resolved_unique_birthplace,Q433980,Q102397,Miskolc,48.1,20.78333333,,,True,,F,138,-0.7100791848404269,0.3115577889447236,1987-11-12,25.139462138168476,valid_pre_snapshot
2013-01,FIDE official January 2013 standard rating list,http://ratings.fide.com/download/standard_jan13frl.zip,standard_jan13frl.txt,13700090,"Saduakassova, Dinara",WGM,WGM,,KAZ,F,2312,9,15,1996.0,True,w,4353,159,13700090,1996-10-31,wikidata_exact_year_agrees,north,resolved_unique_birthplace,Q18388576,Q1520,Astana,51.13333333,71.43333333,,,True,,F,138,-0.7100791848404269,0.3115577889447236,1996-10-31,16.170078783274125,valid_pre_snapshot
2013-01,FIDE official January 2013 standard rating list,http://ratings.fide.com/download/standard_jan13frl.zip,standard_jan13frl.txt,1008498,"Muhren, Bianca",WGM,WGM,,NED,F,2311,1,15,1986.0,True,w,4410,161,1008498,1986-02-28,wikidata_exact_year_agrees,north,resolved_unique_birthplace,Q4021160,Q84125,Gouda,52.01805556,4.70555556,,,True,,F,140,-0.7224942418356262,0.3015075376884422,1986-02-28,26.842440296515328,valid_pre_snapshot
2013-01,FIDE official January 2013 standard rating list,http://ratings.fide.com/download/standard_jan13frl.zip,standard_jan13frl.txt,14113414,"Dolzhykova, Kateryna",WIM,WIM,,UKR,F,2309,0,15,1988.0,True,w,4481,162,14113414,1988-09-25,wikidata_exact_year_agrees,north,resolved_unique_birthplace,Q13742178,Q1899,Kyiv,50.45,30.52361111,,,True,,F,141,-0.7473243558260247,0.2964824120603015,1988-09-25,24.26880770994613,valid_pre_snapshot
2013-01,FIDE official January 2013 standard rating list,http://ratings.fide.com/download/standard_jan13frl.zip,standard_jan13frl.txt,24606812,"Hoolt, Sarah",WGM,WGM,,GER,F,2308,0,15,1988.0,True,w,4527,164,24606812,1988-04-30,wikidata_exact_year_agrees,north,resolved_unique_birthplace,Q1642557,Q4133,Nordhorn,52.43333333,7.06666667,,,True,,F,142,-0.759739412821224,0.2914572864321608,1988-04-30,24.67401794698043,valid_pre_snapshot
2013-01,FIDE official January 2013 standard rating list,http://ratings.fide.com/download/standard_jan13frl.zip,standard_jan13frl.txt,14105551,"Cherednichenko, Svetlana",WGM,WGM,,UKR,F,2307,0,15,1984.0,True,w,4568,165,14105551,1984-05-02,wikidata_exact_year_agrees,north,resolved_unique_birthplace,Q9348627,Q4090589,Bokovo-Platove,48.11444444,39.02416667,,,True,,F,143,-0.7721544698164234,0.2864321608040201,1984-05-02,28.668624270176664,valid_pre_snapshot
2013-01,FIDE official January 2013 standard rating list,http://ratings.fide.com/download/standard_jan13frl.zip,standard_jan13frl.txt,4139690,"Kochetkova, Julia",WGM,WGM,,SVK,F,2306,0,15,1981.0,True,w,4614,167,4139690,1981-11-26,wikidata_exact_year_agrees,north,resolved_unique_birthplace,Q518957,Q155148,Kopeysk,55.1,61.61666667,,,True,,F,144,-0.7845695268116227,0.2814070351758794,1981-11-26,31.099885692382458,valid_pre_snapshot
2013-01,FIDE official January 2013 standard rating list,http://ratings.fide.com/download/standard_jan13frl.zip,standard_jan13frl.txt,11601876,"Rogule, Laura",WGM,WGM,,LAT,F,2306,0,15,1988.0,True,w,4614,167,11601876,1988-02-05,wikidata_exact_year_agrees,north,resolved_unique_birthplace,Q465579,Q1773,Riga,56.9475,24.10694444,,,True,,F,144,-0.7845695268116227,0.2814070351758794,1988-02-05,24.906740042574455,valid_pre_snapshot
2013-01,FIDE official January 2013 standard rating list,http://ratings.fide.com/download/standard_jan13frl.zip,standard_jan13frl.txt,13601717,"Maisuradze, Nino",WGM,WGM,,FRA,F,2305,18,15,1982.0,True,w,4659,169,13601717,1982-06-13,wikidata_exact_year_agrees,north,resolved_unique_birthplace,Q543367,Q994,Tbilisi,41.7225,44.7925,,,True,,F,146,-0.796984583806822,0.271356783919598,1982-06-13,30.555042197991746,valid_pre_snapshot
2013-01,FIDE official January 2013 standard rating list,http://ratings.fide.com/download/standard_jan13frl.zip,standard_jan13frl.txt,13601040,"Tammert, Iamze",WF,WF,,GER,F,2305,0,15,1971.0,True,w,4659,169,13601040,1971-01-04,wikidata_exact_year_agrees,north,resolved_unique_birthplace,Q27597824,Q994,Tbilisi,41.7225,44.7925,,,True,,F,146,-0.796984583806822,0.271356783919598,1971-01-04,41.99401767318973,valid_pre_snapshot
2013-01,FIDE official January 2013 standard rating list,http://ratings.fide.com/download/standard_jan13frl.zip,standard_jan13frl.txt,13301918,"Abrahamyan, Tatev",WGM,WGM,,USA,F,2304,2,15,1988.0,True,w,4701,172,13301918,1988-01-13,wikidata_exact_year_agrees,north,resolved_unique_birthplace,Q1878892,Q1953,Yerevan,40.18138889,44.51444444,,,True,,F,148,-0.8093996408020213,0.2613065326633166,1988-01-13,24.96971190373519,valid_pre_snapshot
2013-01,FIDE official January 2013 standard rating list,http://ratings.fide.com/download/standard_jan13frl.zip,standard_jan13frl.txt,709751,"Gara, Anita",IM,WGM,,HUN,F,2302,0,10,1983.0,True,w,4784,173,709751,1983-03-04,wikidata_exact_year_agrees,north,resolved_unique_birthplace,Q518749,Q1781,Budapest,47.49833333,19.04083333,,,True,,F,149,-0.83422975479242,0.2562814070351759,1983-03-04,29.832234748146778,valid_pre_snapshot
2013-01,FIDE official January 2013 standard rating list,http://ratings.fide.com/download/standard_jan13frl.zip,standard_jan13frl.txt,13700081,"Khasanova, Flyura",WGM,WGM,IA,KAZ,F,2301,0,15,1964.0,True,w,4819,174,13700081,1964-12-31,wikidata_exact_year_agrees,north,resolved_unique_birthplace,Q1429004,Q913406,Chirchiq,41.46666667,69.58333333,,,True,,F,150,-0.8466448117876193,0.2512562814070351,1964-12-31,48.003723553529504,valid_pre_snapshot
2013-01,FIDE official January 2013 standard rating list,http://ratings.fide.com/download/standard_jan13frl.zip,standard_jan13frl.txt,4682920,"Klink, Tamara",WGM,WGM,,GER,F,2301,0,15,1967.0,True,w,4819,174,4682920,1967-04-27,wikidata_exact_year_agrees,north,resolved_unique_birthplace,Q2391190,Q485496,Shymkent,42.3,69.6,,,True,,F,150,-0.8466448117876193,0.2512562814070351,1967-04-27,45.684716318610235,valid_pre_snapshot
2013-01,FIDE official January 2013 standard rating list,http://ratings.fide.com/download/standard_jan13frl.zip,standard_jan13frl.txt,1119907,"Toma, Katarzyna",WGM,WGM,,POL,F,2301,4,15,1985.0,True,w,4819,174,1119907,1985-09-16,wikidata_exact_year_agrees,north,resolved_unique_birthplace,Q11737083,Q103217,Częstochowa,50.80964,19.12217,,,True,,F,150,-0.8466448117876193,0.2512562814070351,1985-09-16,27.29419495266843,valid_pre_snapshot
2013-01,FIDE official January 2013 standard rating list,http://ratings.fide.com/download/standard_jan13frl.zip,standard_jan13frl.txt,5016193,"Soumya, Swaminathan",WGM,WGM,,IND,F,2300,24,15,1989.0,True,w,4855,177,5016193,1989-03-21,wikidata_exact_year_agrees,north,resolved_unique_birthplace,Q7653304,Q1006240,Palakkad,10.77916667,76.65472222,,,True,,F,153,-0.8590598687828186,0.236180904522613,1989-03-21,23.784198169709164,valid_pre_snapshot
2013-01,FIDE official January 2013 standard rating list,http://ratings.fide.com/download/standard_jan13frl.zip,standard_jan13frl.txt,309672,"Havlikova, Kristyna",WIM,WIM,,CZE,F,2299,8,15,1992.0,True,w,4900,178,309672,1992-07-22,wikidata_exact_year_agrees,north,resolved_unique_birthplace,Q1230518,Q43453,Plzeň,49.74138889,13.3825,,,True,,F,154,-0.8714749257780179,0.2311557788944723,1992-07-22,20.446689528190173,valid_pre_snapshot
2013-01,FIDE official January 2013 standard rating list,http://ratings.fide.com/download/standard_jan13frl.zip,standard_jan13frl.txt,721530,"Schneider, Veronika",WGM,WGM,,HUN,F,2299,9,15,1987.0,True,w,4900,178,721530,1987-07-17,wikidata_exact_year_agrees,north,resolved_unique_birthplace,Q187788,Q1781,Budapest,47.49833333,19.04083333,,,True,,F,154,-0.8714749257780179,0.2311557788944723,1987-07-17,25.46253516499312,valid_pre_snapshot
2013-01,FIDE official January 2013 standard rating list,http://ratings.fide.com/download/standard_jan13frl.zip,standard_jan13frl.txt,8602425,"Gong, Qianyun",WIM,WIM,FT,CHN,F,2298,12,15,1985.0,True,w,4948,180,8602425,1985-03-11,wikidata_exact_year_agrees,north,resolved_unique_birthplace,Q5581695,Q1023909,Lechang,25.13067,113.34724,,,True,,F,156,-0.8838899827732172,0.2211055276381909,1985-03-11,27.81165937698926,valid_pre_snapshot
2013-01,FIDE official January 2013 standard rating list,http://ratings.fide.com/download/standard_jan13frl.zip,standard_jan13frl.txt,1123009,"Przezdziecka, Marta",WGM,WGM,,POL,F,2298,4,15,1988.0,True,w,4948,180,1123009,1988-05-20,wikidata_exact_year_agrees,north,resolved_unique_birthplace,Q11770619,Q145719,Zambrów,52.98527778,22.24222222,,,True,,F,156,-0.8838899827732172,0.2211055276381909,1988-05-20,24.61925980684066,valid_pre_snapshot
2013-01,FIDE official January 2013 standard rating list,http://ratings.fide.com/download/standard_jan13frl.zip,standard_jan13frl.txt,1118080,"Worek, Joanna",WIM,WIM,,POL,F,2298,4,15,1986.0,True,w,4948,180,1118080,1986-01-23,wikidata_exact_year_agrees,north,resolved_unique_birthplace,Q6206012,Q948304,Pszczyna,49.97805556;49.98333333,18.94166667;18.95,,,True,,F,156,-0.8838899827732172,0.2211055276381909,1986-01-23,26.941004948766913,valid_pre_snapshot
2013-01,FIDE official January 2013 standard rating list,http://ratings.fide.com/download/standard_jan13frl.zip,standard_jan13frl.txt,13401521,"Mamedjarova, Zeinab",WGM,WGM,,AZE,F,2296,0,15,1983.0,True,w,5009,183,13401521,1983-10-03,wikidata_exact_year_agrees,north,resolved_unique_birthplace,Q2041993,Q179833,Sumgait,40.59611111,49.67,,,True,,F,159,-0.908720096763616,0.2060301507537688,1983-10-03,29.249060555658225,valid_pre_snapshot
2013-01,FIDE official January 2013 standard rating list,http://ratings.fide.com/download/standard_jan13frl.zip,standard_jan13frl.txt,14107503,"Rohonyan, Katerina",WGM,WGM,,USA,F,2296,0,15,1984.0,True,w,5009,183,14107503,1984-04-25,wikidata_exact_year_agrees,north,resolved_unique_birthplace,Q527815,Q41572,Mykolaiv,46.975,31.995,,,True,,F,159,-0.908720096763616,0.2060301507537688,1984-04-25,28.687789619225583,valid_pre_snapshot
2013-01,FIDE official January 2013 standard rating list,http://ratings.fide.com/download/standard_jan13frl.zip,standard_jan13frl.txt,1005308,"Lanchava, Tea",IM,WGM,,NED,F,2295,1,15,1974.0,True,w,5044,186,1005308,1974-09-11,wikidata_exact_year_agrees,north,resolved_unique_birthplace,Q2044099,Q172415,Kutaisi,42.27166667,42.70555556,,,True,,F,161,-0.9211351537588152,0.1959798994974874,1974-09-11,38.3087948417832,valid_pre_snapshot
2013-01,FIDE official January 2013 standard rating list,http://ratings.fide.com/download/standard_jan13frl.zip,standard_jan13frl.txt,1019481,"Schut, Lisa",WIM,WIM,,NED,F,2295,0,15,1994.0,True,w,5044,186,1019481,1994-07-06,wikidata_exact_year_agrees,north,resolved_unique_birthplace,Q1298717,Q9875,Veldhoven,51.41833;51.42,5.40278;5.405,,,True,,F,161,-0.9211351537588152,0.1959798994974874,1994-07-06,18.49182392520038,valid_pre_snapshot
2013-01,FIDE official January 2013 standard rating list,http://ratings.fide.com/download/standard_jan13frl.zip,standard_jan13frl.txt,4166299,"Ambartsumova, Karina",WGM,WGM,,RUS,F,2294,0,15,1989.0,True,w,5086,189,4166299,1989-08-17,wikidata_exact_year_agrees,north,resolved_unique_birthplace,Q27559845,Q900,Kazan,55.79083333,49.11444444,,,True,,F,163,-0.9335502107540145,0.185929648241206,1989-08-17,23.37625002566788,valid_pre_snapshot
2013-01,FIDE official January 2013 standard rating list,http://ratings.fide.com/download/standard_jan13frl.zip,standard_jan13frl.txt,4617304,"Belic, Jordanka",WGM,WGM,,SRB,F,2292,0,15,1964.0,True,w,5166,191,4617304,1964-01-12,wikidata_exact_year_agrees,north,resolved_unique_birthplace,Q1703697,Q2726048,Budoželja,43.5333,20.29,,,True,,F,164,-0.9583803247444131,0.1809045226130653,1964-01-12,48.97294263400344,valid_pre_snapshot
2013-01,FIDE official January 2013 standard rating list,http://ratings.fide.com/download/standard_jan13frl.zip,standard_jan13frl.txt,11601345,"Berzina, Ilze",WGM,WGM,,LAT,F,2292,0,15,1984.0,True,w,5166,191,11601345,1984-01-04,wikidata_exact_year_agrees,north,resolved_unique_birthplace,Q4084868,Q1773,Riga,56.9475,24.10694444,,,True,,F,164,-0.9583803247444131,0.1809045226130653,1984-01-04,28.994435204008294,valid_pre_snapshot
2013-01,FIDE official January 2013 standard rating list,http://ratings.fide.com/download/standard_jan13frl.zip,standard_jan13frl.txt,24605611,"Fuchs, Judith",WIM,WIM,,GER,F,2292,0,15,1990.0,True,w,5166,191,24605611,1990-01-23,wikidata_exact_year_agrees,north,resolved_unique_birthplace,Q1711027,Q2079,Leipzig,51.339444;51.33962;51.3406321;51.35,12.371111;12.37129;12.3747329;12.3833,,,True,,F,164,-0.9583803247444131,0.1809045226130653,1990-01-23,22.940922811556707,valid_pre_snapshot
2013-01,FIDE official January 2013 standard rating list,http://ratings.fide.com/download/standard_jan13frl.zip,standard_jan13frl.txt,2900602,"Voiska, Margarita",WGM,WGM,,BUL,F,2291,0,15,1963.0,True,w,5209,195,2900602,1963-04-03,wikidata_exact_year_agrees,north,resolved_unique_birthplace,Q2064795,Q472,Sofia,42.697886,23.321726,,,True,,F,167,-0.9707953817396124,0.1658291457286432,1963-04-03,49.75050822398817,valid_pre_snapshot
2013-01,FIDE official January 2013 standard rating list,http://ratings.fide.com/download/standard_jan13frl.zip,standard_jan13frl.txt,2806819,"Gesser, Bella",WGM,WGM,,ISR,F,2290,0,15,1985.0,True,w,5259,196,2806819,1985-06-02,wikidata_exact_year_agrees,north,resolved_unique_birthplace,Q262251,Q3544,Tambov,52.72305556,41.45388889,,,True,,F,168,-0.9832104387348116,0.1608040201005025,1985-06-02,27.584413095409214,valid_pre_snapshot
2013-01,FIDE official January 2013 standard rating list,http://ratings.fide.com/download/standard_jan13frl.zip,standard_jan13frl.txt,1107453,"Jaracz, Barbara",WGM,WGM,,POL,F,2290,4,15,1977.0,True,w,5259,196,1107453,1977-06-08,wikidata_exact_year_agrees,north,resolved_unique_birthplace,Q510440,Q312061,Gubin,51.95,14.73333333,,,True,,F,168,-0.9832104387348116,0.1608040201005025,1977-06-08,35.5681499277877,valid_pre_snapshot
2013-01,FIDE official January 2013 standard rating list,http://ratings.fide.com/download/standard_jan13frl.zip,standard_jan13frl.txt,705128,"Lakos, Nikoletta",WGM,WGM,,HUN,F,2290,0,10,1978.0,True,w,5259,196,705128,1978-12-14,wikidata_exact_year_agrees,north,resolved_unique_birthplace,Q1753641,Q1781,Budapest,47.49833333,19.04083333,,,True,,F,168,-0.9832104387348116,0.1608040201005025,1978-12-14,34.05134944591607,valid_pre_snapshot
2013-01,FIDE official January 2013 standard rating list,http://ratings.fide.com/download/standard_jan13frl.zip,standard_jan13frl.txt,13503189,"Sharevich, Anna",WGM,WGM,,BLR,F,2290,0,15,1985.0,True,w,5259,196,13503189,1985-12-18,wikidata_exact_year_agrees,north,resolved_unique_birthplace,Q467203,Q140147,Brest,52.08472222,23.65694444,,,True,,F,168,-0.9832104387348116,0.1608040201005025,1985-12-18,27.0395696010185,valid_pre_snapshot
2013-01,FIDE official January 2013 standard rating list,http://ratings.fide.com/download/standard_jan13frl.zip,standard_jan13frl.txt,14112035,"Doluhanova, Evgeniya",WGM,WGM,,ARM,F,2289,0,15,1984.0,True,w,5308,202,14112035,1984-06-10,wikidata_exact_year_agrees,north,resolved_unique_birthplace,Q1426663,Q9248,Baku,40.36665556,49.83518333,,,True,,F,172,-0.995625495730011,0.1407035175879397,1984-06-10,28.56184589690411,valid_pre_snapshot
2013-01,FIDE official January 2013 standard rating list,http://ratings.fide.com/download/standard_jan13frl.zip,standard_jan13frl.txt,2902265,"Collas, Silvia",IM,WGM,,FRA,F,2288,3,10,1974.0,True,w,5349,203,2902265,1974-05-04,wikidata_exact_year_agrees,north,resolved_unique_birthplace,Q2002673,Q472,Sofia,42.697886,23.321726,,,True,,F,173,-1.0080405527252103,0.135678391959799,1974-05-04,38.6647227526917,valid_pre_snapshot
2013-01,FIDE official January 2013 standard rating list,http://ratings.fide.com/download/standard_jan13frl.zip,standard_jan13frl.txt,4617339,"Juergens, Vera",WGM,WGM,,GER,F,2288,0,15,1969.0,True,w,5349,203,4617339,1969-09-05,wikidata_exact_year_agrees,north,resolved_unique_birthplace,Q96436,Q219,Bulgaria,42.75,25.5,,,True,,F,173,-1.0080405527252103,0.135678391959799,1969-09-05,43.32464047858615,valid_pre_snapshot
2013-01,FIDE official January 2013 standard rating list,http://ratings.fide.com/download/standard_jan13frl.zip,standard_jan13frl.txt,14200686,"Levushkina, Elena",WGM,WGM,,GER,F,2288,0,15,1984.0,True,w,5349,203,14200686,1984-02-27,wikidata_exact_year_agrees,north,resolved_unique_birthplace,Q1327880,Q269,Tashkent,41.31111111,69.27972222,,,True,,F,173,-1.0080405527252103,0.135678391959799,1984-02-27,28.846588225630917,valid_pre_snapshot
2013-01,FIDE official January 2013 standard rating list,http://ratings.fide.com/download/standard_jan13frl.zip,standard_jan13frl.txt,1131044,"Kulon, Klaudia",WIM,WIM,,POL,F,2287,0,15,1992.0,True,w,5393,208,1131044,1992-03-13,wikidata_exact_year_agrees,north,resolved_unique_birthplace,Q11739851,Q62868,Koszalin,54.19027778,16.18166667,,,True,,F,176,-1.0204556097204096,0.1206030150753768,1992-03-13,20.80535534610567,valid_pre_snapshot
2013-01,FIDE official January 2013 standard rating list,http://ratings.fide.com/download/standard_jan13frl.zip,standard_jan13frl.txt,14117665,"Soloviova, Liza",WGM,WGM,,UKR,F,2287,0,15,1993.0,True,w,5393,208,14117665,1993-03-13,wikidata_exact_year_agrees,north,resolved_unique_birthplace,Q23658928,Q36036,Lviv,49.838055;49.841952,24.023055;24.0315921,,,True,,F,176,-1.0204556097204096,0.1206030150753768,1993-03-13,19.806019288554864,valid_pre_snapshot
2013-01,FIDE official January 2013 standard rating list,http://ratings.fide.com/download/standard_jan13frl.zip,standard_jan13frl.txt,2204185,"Calzetta Ruiz, Monica",WGM,WGM,,ESP,F,2286,0,15,1972.0,True,w,5430,210,2204185,1972-11-29,wikidata_exact_year_agrees,north,resolved_unique_birthplace,Q1993929,Q71,Geneva,46.2,6.15,,,True,,F,178,-1.032870666715609,0.1105527638190954,1972-11-29,40.09117230333272,valid_pre_snapshot
2013-01,FIDE official January 2013 standard rating list,http://ratings.fide.com/download/standard_jan13frl.zip,standard_jan13frl.txt,1119990,"Kadziolka, Beata",WGM,WGM,,POL,F,2286,0,15,1986.0,True,w,5430,210,1119990,1986-06-26,wikidata_exact_year_agrees,north,resolved_unique_birthplace,Q527913,Q270,Warsaw,52.23,21.01111111,,,True,,F,178,-1.032870666715609,0.1105527638190954,1986-06-26,26.519367269690683,valid_pre_snapshot
2013-01,FIDE official January 2013 standard rating list,http://ratings.fide.com/download/standard_jan13frl.zip,standard_jan13frl.txt,4142411,"Fominykh, Maria",WIM,WIM,,RUS,F,2284,2,15,1987.0,True,w,5504,214,4142411,1987-02-06,wikidata_exact_year_agrees,north,resolved_unique_birthplace,Q4491591,Q919,Krasnoyarsk,56.00888889,92.87194444,,,True,,F,180,-1.0577007807060077,0.100502512562814,1987-02-06,25.90333819311827,valid_pre_snapshot
2013-01,FIDE official January 2013 standard rating list,http://ratings.fide.com/download/standard_jan13frl.zip,standard_jan13frl.txt,3506487,"Llaudy Pupo, Lisandra",WIM,WIM,,CUB,F,2284,18,15,1988.0,True,w,5504,214,3506487,1988-05-09,wikidata_exact_year_agrees,north,resolved_unique_birthplace,Q622942,Q244154,Holguin,20.88722222,-76.26305556,,,True,,F,180,-1.0577007807060077,0.100502512562814,1988-05-09,24.649376783917536,valid_pre_snapshot
2013-01,FIDE official January 2013 standard rating list,http://ratings.fide.com/download/standard_jan13frl.zip,standard_jan13frl.txt,3501418,"Arribas Robaina, Maritza",WGM,WGM,FT,CUB,F,2283,20,15,1971.0,True,w,5548,216,3501418,1971-07-02,wikidata_exact_year_agrees,north,resolved_unique_birthplace,Q625820,Q117040,Santiago de Cuba,20.02166667,-75.82944444,,,True,,F,182,-1.070115837701207,0.0904522613065326,1971-07-02,41.50393231893879,valid_pre_snapshot
2013-01,FIDE official January 2013 standard rating list,http://ratings.fide.com/download/standard_jan13frl.zip,standard_jan13frl.txt,2014599,"Baginskaite, Camilla",WGM,WGM,,USA,F,2283,0,15,1967.0,True,w,5548,216,2014599,1967-04-24,wikidata_exact_year_agrees,north,resolved_unique_birthplace,Q468829,Q216,Vilnius,54.68722222,25.28,,,True,,F,182,-1.070115837701207,0.0904522613065326,1967-04-24,45.6929300396312,valid_pre_snapshot
2013-01,FIDE official January 2013 standard rating list,http://ratings.fide.com/download/standard_jan13frl.zip,standard_jan13frl.txt,12512214,"Khademalsharieh, Sarasadat",WIM,WIM,,IRI,F,2282,0,15,1997.0,True,w,5600,219,12512214,1997-03-10,wikidata_exact_year_agrees,north,resolved_unique_birthplace,Q18338211,Q3616,Tehran,35.68888889,51.38972222,,,True,,F,184,-1.0825308946964065,0.0804020100502512,1997-03-10,15.81415087236562,valid_pre_snapshot
2013-01,FIDE official January 2013 standard rating list,http://ratings.fide.com/download/standard_jan13frl.zip,standard_jan13frl.txt,6302599,"Ozturk, Kubra",WGM,WGM,,TUR,F,2281,9,15,1991.0,True,w,5637,220,6302599,1991-05-11,wikidata_exact_year_agrees,north,resolved_unique_birthplace,Q11751880,Q3640,Ankara,39.93576,32.83869,,,True,,F,185,-1.0949459516916056,0.0753768844221105,1991-05-11,21.64589279725114,valid_pre_snapshot
2013-01,FIDE official January 2013 standard rating list,http://ratings.fide.com/download/standard_jan13frl.zip,standard_jan13frl.txt,305650,"Ptacnikova, Lenka",WGM,WGM,FT,ISL,F,2281,0,15,1976.0,True,w,5637,220,305650,1976-01-16,wikidata_exact_year_agrees,north,resolved_unique_birthplace,Q467300,Q213,Czech Republic,50.0,15.0,,,True,,F,185,-1.0949459516916056,0.0753768844221105,1976-01-16,36.96174459434485,valid_pre_snapshot
2013-01,FIDE official January 2013 standard rating list,http://ratings.fide.com/download/standard_jan13frl.zip,standard_jan13frl.txt,1206729,"Voicu-Jagodzinsky, Carmen",WGM,WGM,,ROU,F,2281,0,15,1981.0,True,w,5637,220,1206729,1981-04-25,wikidata_exact_year_agrees,north,resolved_unique_birthplace,Q430543,Q19660,Bucharest,44.41336111,26.09777778,,,True,,F,185,-1.0949459516916056,0.0753768844221105,1981-04-25,31.688535698884987,valid_pre_snapshot
2013-01,FIDE official January 2013 standard rating list,http://ratings.fide.com/download/standard_jan13frl.zip,standard_jan13frl.txt,739049,"Papp, Petra",WGM,WGM,,HUN,F,2280,9,15,1993.0,True,w,5678,224,739049,1993-08-22,wikidata_exact_year_agrees,north,resolved_unique_birthplace,Q1350484,Q28,Hungary,47.0,19.0,,,True,,F,188,-1.1073610086868049,0.0603015075376884,1993-08-22,19.362478353422727,valid_pre_snapshot
2013-01,FIDE official January 2013 standard rating list,http://ratings.fide.com/download/standard_jan13frl.zip,standard_jan13frl.txt,14117258,"Kalinina, Olga",WIM,WIM,,UKR,F,2279,0,15,1989.0,True,w,5719,225,14117258,1989-06-20,wikidata_exact_year_agrees,north,resolved_unique_birthplace,Q18560557,Q156743,Ternopil,49.56666667,25.6,,,True,,F,189,-1.1197760656820042,0.0552763819095477,1989-06-20,23.53504863207321,valid_pre_snapshot
2013-01,FIDE official January 2013 standard rating list,http://ratings.fide.com/download/standard_jan13frl.zip,standard_jan13frl.txt,13603434,"Tsatsalashvili, Keti",WGM,WGM,,GEO,F,2279,0,15,1992.0,True,w,5719,225,13603434,1992-06-10,wikidata_exact_year_agrees,north,resolved_unique_birthplace,Q924674,Q994,Tbilisi,41.7225,44.7925,,,True,,F,189,-1.1197760656820042,0.0552763819095477,1992-06-10,20.561681622483693,valid_pre_snapshot
2013-01,FIDE official January 2013 standard rating list,http://ratings.fide.com/download/standard_jan13frl.zip,standard_jan13frl.txt,4150740,"Burtasova, Anna",WGM,WGM,,RUS,F,2278,0,15,1987.0,True,w,5766,228,4150740,1987-02-19,wikidata_exact_year_agrees,north,resolved_unique_birthplace,Q560110,Q2684,Vladimir,56.12861111,40.40583333,,,True,,F,191,-1.1321911226772037,0.0452261306532663,1987-02-19,25.86774540202742,valid_pre_snapshot
2013-01,FIDE official January 2013 standard rating list,http://ratings.fide.com/download/standard_jan13frl.zip,standard_jan13frl.txt,13402005,"Mamedjarova, Turkan",WGM,WGM,,AZE,F,2277,0,15,1989.0,True,w,5805,229,13402005,1989-08-07,wikidata_exact_year_agrees,north,resolved_unique_birthplace,Q4279894,Q179833,Sumgait,40.59611111,49.67,,,True,,F,192,-1.1446061796724027,0.0402010050251256,1989-08-07,23.403629095737763,valid_pre_snapshot
2013-01,FIDE official January 2013 standard rating list,http://ratings.fide.com/download/standard_jan13frl.zip,standard_jan13frl.txt,2905612,"Genova, Lyubka",WIM,WIM,,BUL,F,2276,0,15,1983.0,True,w,5844,230,2905612,1983-10-25,wikidata_exact_year_agrees,north,resolved_unique_birthplace,Q11762260,Q472,Sofia,42.697886,23.321726,,,True,,F,193,-1.157021236667602,0.0351758793969849,1983-10-25,29.18882660150448,valid_pre_snapshot
2013-01,FIDE official January 2013 standard rating list,http://ratings.fide.com/download/standard_jan13frl.zip,standard_jan13frl.txt,4127951,"Mirzoeva, Elmira",WGM,WGM,,RUS,F,2276,2,15,1981.0,True,w,5844,230,4127951,1981-11-02,wikidata_exact_year_agrees,north,resolved_unique_birthplace,Q21107658,Q649,Moscow,55.75055556,37.6175,,,True,,F,193,-1.157021236667602,0.0351758793969849,1981-11-02,31.165595460550183,valid_pre_snapshot
2013-01,FIDE official January 2013 standard rating list,http://ratings.fide.com/download/standard_jan13frl.zip,standard_jan13frl.txt,2908689,"Nikolova, Adriana",WGM,WGM,,BUL,F,2276,0,15,1988.0,True,w,5844,230,2908689,1988-11-09,wikidata_exact_year_agrees,north,resolved_unique_birthplace,Q375113,Q170415,Stara Zagora,42.425668,25.634595,,,True,,F,193,-1.157021236667602,0.0351758793969849,1988-11-09,24.14560189463165,valid_pre_snapshot
2013-01,FIDE official January 2013 standard rating list,http://ratings.fide.com/download/standard_jan13frl.zip,standard_jan13frl.txt,11601124,"Reizniece-Ozola, Dana",WGM,WGM,,LAT,F,2273,0,15,1981.0,True,w,5966,234,11601124,1981-11-06,wikidata_exact_year_agrees,north,resolved_unique_birthplace,Q4392612,Q155281,Kuldīga,56.96722222,21.97,,,True,,F,196,-1.1942664076532,0.0201005025125628,1981-11-06,31.15464383252223,valid_pre_snapshot
2013-01,FIDE official January 2013 standard rating list,http://ratings.fide.com/download/standard_jan13frl.zip,standard_jan13frl.txt,4636546,"Schmidt, Jessica",WGM,WGM,,GER,F,2273,0,15,1979.0,True,w,5966,234,4636546,1979-10-11,wikidata_exact_year_agrees,north,resolved_unique_birthplace,Q1688263,Q636259,Hainburg,50.07666667,8.95298611,,,True,,F,196,-1.1942664076532,0.0201005025125628,1979-10-11,33.227239436812525,valid_pre_snapshot
2013-01,FIDE official January 2013 standard rating list,http://ratings.fide.com/download/standard_jan13frl.zip,standard_jan13frl.txt,13703595,"Davletbayeva, Madina",WIM,WIM,,KAZ,F,2272,10,15,1989.0,True,w,6010,237,13703595,1989-08-19,wikidata_exact_year_agrees,north,resolved_unique_birthplace,Q27597775,Q486545,Taraz,42.88333333,71.36666667,,,True,,F,198,-1.2066814646483994,0.0100502512562814,1989-08-19,23.370774211653902,valid_pre_snapshot
2013-01,FIDE official January 2013 standard rating list,http://ratings.fide.com/download/standard_jan13frl.zip,standard_jan13frl.txt,4106792,"Fatalibekova, Elena",WGM,WGM,,RUS,F,2272,0,15,1947.0,True,w,6010,237,4106792,1947-10-04,wikidata_exact_year_agrees,north,resolved_unique_birthplace,Q434089,Q649,Moscow,55.75055556,37.6175,,,True,,F,198,-1.2066814646483994,0.0100502512562814,1947-10-04,65.24706188354313,valid_pre_snapshot
2013-01,FIDE official January 2013 standard rating list,http://ratings.fide.com/download/standard_jan13frl.zip,standard_jan13frl.txt,12401676,"Nguyen, Thi Mai Hung",WIM,WIM,,VIE,F,2272,0,15,1994.0,True,w,6010,237,12401676,1994-01-28,wikidata_exact_year_agrees,north,resolved_unique_birthplace,Q1984355,Q36736,Bắc Giang,21.27305556;21.27356,106.192209;106.19472222,,,True,,F,198,-1.2066814646483994,0.0100502512562814,1994-01-28,18.927151139311555,valid_pre_snapshot
