cohort,position,target,observed_count,observed_rate,same_year_calendar_expected_rate
1994_M,year_stem,伤官,52,0.10379241516966067,0.09990766277909037
1994_M,year_stem,偏印,50,0.0998003992015968,0.09989675563163666
1994_M,year_branch_main_qi,伤官,52,0.10379241516966067,0.1001152123479667
1994_M,year_branch_main_qi,偏印,57,0.11377245508982035,0.09977626900551767
1994_M,month_stem,伤官,42,0.08383233532934131,0.10027944709428362
1994_M,month_stem,偏印,51,0.10179640718562874,0.10071639040953947
1994_M,month_branch_main_qi,伤官,45,0.08982035928143713,0.10056222609799488
1994_M,month_branch_main_qi,偏印,38,0.07584830339321358,0.09941171627849922
1994_M,day_stem,伤官,0,0.0,0.0
1994_M,day_stem,偏印,0,0.0,0.0
1994_M,day_branch_main_qi,伤官,32,0.06387225548902195,0.06661610531463459
1994_M,day_branch_main_qi,偏印,77,0.1536926147704591,0.13344430235270158
1994_F,year_stem,伤官,28,0.13930348258706468,0.1000762710886022
1994_F,year_stem,偏印,18,0.08955223880597014,0.09994037597028707
1994_F,year_branch_main_qi,伤官,18,0.08955223880597014,0.1002255732342107
1994_F,year_branch_main_qi,偏印,24,0.11940298507462686,0.0997903662315714
1994_F,month_stem,伤官,20,0.09950248756218906,0.09965469456371112
1994_F,month_stem,偏印,24,0.11940298507462686,0.100757683250787
1994_F,month_branch_main_qi,伤官,13,0.06467661691542288,0.09962605566374283
1994_F,month_branch_main_qi,偏印,16,0.07960199004975124,0.09981822305494759
1994_F,day_stem,伤官,0,0.0,0.0
1994_F,day_stem,偏印,0,0.0,0.0
1994_F,day_branch_main_qi,伤官,13,0.06467661691542288,0.06678572851738014
1994_F,day_branch_main_qi,偏印,23,0.11442786069651742,0.1333803696540875
2013_M,year_stem,伤官,59,0.11776447105788423,0.10004164139719662
2013_M,year_stem,偏印,50,0.0998003992015968,0.09993230097929749
2013_M,year_branch_main_qi,伤官,49,0.09780439121756487,0.10015081746081907
2013_M,year_branch_main_qi,偏印,61,0.1217564870259481,0.10003581429102272
2013_M,month_stem,伤官,59,0.11776447105788423,0.10020629449985424
2013_M,month_stem,偏印,44,0.08782435129740519,0.0992819809889914
2013_M,month_branch_main_qi,伤官,52,0.10379241516966067,0.10008053359558299
2013_M,month_branch_main_qi,偏印,46,0.09181636726546906,0.09931899058384465
2013_M,day_stem,伤官,0,0.0,0.0
2013_M,day_stem,偏印,0,0.0,0.0
2013_M,day_branch_main_qi,伤官,42,0.08383233532934131,0.06662893988951507
2013_M,day_branch_main_qi,偏印,68,0.13572854291417166,0.1333508445344508
2013_F,year_stem,伤官,26,0.13,0.10026165880679691
2013_F,year_stem,偏印,27,0.135,0.09986451081667791
2013_F,year_branch_main_qi,伤官,21,0.105,0.100165768395838
2013_F,year_branch_main_qi,偏印,27,0.135,0.09991878134590912
2013_F,month_stem,伤官,23,0.115,0.10033063852084738
2013_F,month_stem,偏印,16,0.08,0.09938547046934648
2013_F,month_branch_main_qi,伤官,21,0.105,0.09987895800583876
2013_F,month_branch_main_qi,偏印,16,0.08,0.09961737405494421
2013_F,day_stem,伤官,0,0.0,0.0
2013_F,day_stem,偏印,0,0.0,0.0
2013_F,day_branch_main_qi,伤官,11,0.055,0.0666540160191631
2013_F,day_branch_main_qi,偏印,32,0.16,0.13336301369863013
