scope,analysis_family,feature,feature_min,feature_max,feature_mean,glm_beta_per_1_0,glm_or_per_1_0,glm_ci95_low,glm_ci95_high,glm_p_two_sided,glm_p_one_sided_positive,primary_global_bh_q
gregorian_1988,PRIMARY,P_HOUR_COMPLETES_DAY_SANHE,0.0,0.08333333333333333,0.024413145539906103,0.5651312923190477,1.7596787998665084,0.37299322202603286,8.301677606579991,0.47522305871520243,0.23761152935760121,0.3564172940364018
gregorian_1988,SECONDARY,P4_DAY_HALF_TRINE,0.16666666666666666,1.0,0.4225352112676056,0.060842706493552924,1.062731740238017,0.9143016629204711,1.2352583370588957,0.42795278258676384,0.21397639129338192,
gregorian_1988,SECONDARY,P4_FULL_SANHE_ANY,0.0,1.0,0.04788732394366197,0.047090328974358386,1.0482166891418503,0.8234764425694109,1.3342922403064228,0.7021036966340718,0.3510518483170359,
gregorian_1988,SECONDARY,P4_FULL_SANHE_INVOLVES_DAY,0.0,1.0,0.03849765258215962,0.1374452529234801,1.1473388908025655,0.916136508265159,1.436889064535628,0.2312621845592856,0.1156310922796428,
gregorian_1988,SECONDARY,P4_DAY_STEM_COMBINE,0.08333333333333333,1.0,0.27323943661971833,-0.0511029287959225,0.9501808645266917,0.803950536037551,1.1230089848096343,0.5489331215681946,0.7255334392159027,
gregorian_1988,SECONDARY,P4_FULL_DAY_SANHE_AND_STEM_COMBINE,0.0,0.16666666666666666,0.003990610328638497,-0.9781131083808949,0.3760199387601105,0.019961833488400485,7.0830665142717155,0.513753818533274,0.743123090733363,
bazi_year_戊辰,PRIMARY,P_HOUR_COMPLETES_DAY_SANHE,0.0,0.08333333333333333,0.02388369678089304,0.3528627687861636,1.4231358313748594,0.2749734760216492,7.365494388206211,0.6739723681554955,0.3369861840777478,0.5054792761166217
bazi_year_戊辰,SECONDARY,P4_DAY_HALF_TRINE,0.16666666666666666,1.0,0.41848390446521283,0.0408641144085671,1.0417105424743405,0.8888218956053265,1.2208979770498825,0.6138297165151801,0.3069148582575901,
bazi_year_戊辰,SECONDARY,P4_FULL_SANHE_ANY,0.0,1.0,0.0498442367601246,0.01944421691307381,1.0196344869149871,0.797608225719038,1.3034651015154066,0.8766753833063016,0.4383376916531508,
bazi_year_戊辰,SECONDARY,P4_FULL_SANHE_INVOLVES_DAY,0.0,1.0,0.03946002076843198,0.11441071501454754,1.1212125291504296,0.8973323169135131,1.4009498062522876,0.3140510786136843,0.15702553930684215,
bazi_year_戊辰,SECONDARY,P4_DAY_STEM_COMBINE,0.08333333333333333,1.0,0.2720664589823469,-0.09704122348423508,0.9075185942836901,0.7618892508132608,1.0809838806513192,0.27685864582351294,0.8615706770882435,
bazi_year_戊辰,SECONDARY,P4_FULL_DAY_SANHE_AND_STEM_COMBINE,0.0,0.16666666666666666,0.004413291796469366,-0.9958283543008652,0.36941730935034744,0.019349856289643457,7.052721550221134,0.5080960888403034,0.7459519555798483,
