profile_url,name,candidate_dob,decision,accepted_exact_dob,decision_basis,primary_source_url,secondary_source_url,note
https://www.nasonline.org/directory-entry/david-baker-ptk5z7/,David Baker,1962-10-06,hold,,wikipedia_derived_authority_date,https://id.loc.gov/authorities/names/nb2007008454.marcxml.xml,https://www.nobelprize.org/prizes/chemistry/2024/press-release/,"LOC 046 carries 1962-10-06, but MARC 670 shows the exact day is sourced from Wikipedia; Nobel/UW official material confirms 1962 and Seattle but not exact day. Hold under strict independent-source policy."
https://www.nasonline.org/directory-entry/thomas-banks-yhqiiy/,Thomas Banks,1949-04-19,accept,1949-04-19,direct_author_confirmation_plus_gnd,https://id.loc.gov/authorities/names/no2008153666.marcxml.xml,https://lobid.org/gnd/137339518.json,"LOC MARC 670 records Email from author, Oct. 20, 2008: b. Apr. 19, 1949; GND independently exposes 1949-04-19."
https://www.nasonline.org/directory-entry/alison-butler-h2vgze/,Alison Butler,1954-11-19,accept,1954-11-19,professional_society_biography_plus_loc,https://acspss.org/wp-content/uploads/2022/10/2022-LinusPaulingMedalSymposium-booklet-web.pdf,https://id.loc.gov/authorities/names/no2015072938.marcxml.xml,"ACS local-section symposium booklet explicitly states born in Chicago on November 19, 1954; LOC 046/670 agrees and cites US Public Records Index."
https://www.nasonline.org/directory-entry/lance-dixon-pek5j4/,Lance Dixon,1961-06-22,hold,,wikipedia_only_exact_day,https://id.loc.gov/authorities/names/n86143385.marcxml.xml,,"LOC identifies Lance Jenkins Dixon but exposes no exact DOB; current exact day remains Wikipedia-derived."
https://www.nasonline.org/directory-entry/michael-e-goldberg-rxzy5u/,Michael E. Goldberg,1941-08-30,correct,1941-08-10,loc_reference_corrects_wrong_gnd_namesake,https://id.loc.gov/authorities/names/n88146027.marcxml.xml,https://www.gsas.cuimc.columbia.edu/profile/michael-e-goldberg-md,"GND 12980231X is an economist at UBC and is an identity mismatch. LOC 670 identifies Michael Ellis Goldberg, neurologist, and cites American Men & Women of Science with b. 10 Aug. 1941. Columbia official profile confirms Michael Ellis Goldberg is the NAS neuroscientist."
https://www.nasonline.org/directory-entry/scott-keeney-u7p06y/,Scott Keeney,1965-12-03,accept,1965-12-03,official_institutional_cv,https://www.mskcc.org/sites/default/files/node/1491/document/150826-keeney-cv.pdf,https://www.mskcc.org/research/ski/labs/scott-keeney,"MSK official CV explicitly states Born: December 3, 1965, Baltimore, Maryland."
https://www.nasonline.org/directory-entry/young-kee-kim-rsnten/,Young-Kee Kim,1962-11-25,accept,1962-11-25,official_university_cv,https://hep.uchicago.edu/~ykkim/curriculum.shtml,https://www.nasonline.org/directory-entry/young-kee-kim-rsnten/,"University of Chicago CV explicitly states Birth: November 25, 1962, Kyeong-Book, South Korea."
https://www.nasonline.org/directory-entry/se-jin-lee-1myi5e/,Se-Jin Lee,1958-10-20,accept,1958-10-20,official_institutional_cv,https://www.jax.org/-/media/jaxweb/files/research-and-faculty/cvs/se-jin-lee-cv.pdf,https://www.nasonline.org/directory-entry/se-jin-lee-1myi5e/,"Jackson Laboratory official CV explicitly states birthplace Seoul and born October 20, 1958."
https://www.nasonline.org/directory-entry/andrew-r-marks-eilbfj/,Andrew R. Marks,1955-02-22,accept,1955-02-22,loc_cip_data_sheet,https://id.loc.gov/authorities/names/n97800083.marcxml.xml,https://www.nasonline.org/directory-entry/andrew-r-marks-eilbfj/,"LOC MARC 670 cites Molecular biology of cardiovascular disease CIP data sheet: b. Feb. 22, 1955. Automated matcher missed abbreviated month."
https://www.nasonline.org/directory-entry/james-m-mayer-llo2zn/,James M. Mayer,1958-04-30,accept,1958-04-30,loc_publisher_information,https://id.loc.gov/authorities/names/n88015287.marcxml.xml,https://www.nasonline.org/directory-entry/james-m-mayer-llo2zn/,"LOC MARC 670 cites publisher information: b. 4/30/58; identity additionally tied to University of Washington Chemistry and later Yale. Automated matcher missed two-digit year."
https://www.nasonline.org/directory-entry/rasmus-nielsen-uryzgx/,Rasmus Nielsen,1970-01-27,accept,1970-01-27,loc_personal_homepage,https://id.loc.gov/authorities/names/no2005049828.marcxml.xml,https://www.nasonline.org/directory-entry/rasmus-nielsen-uryzgx/,"LOC MARC 670 cites Rasmus Nielsen homepage: b. 1/27/70 in Denmark; LOC 046 also carries 1970-01-27."
https://www.nasonline.org/directory-entry/h-frederik-nijhout-lynuxp/,H. Frederik Nijhout,1947-11-25,accept,1947-11-25,loc_publisher_information,https://id.loc.gov/authorities/names/n90714160.marcxml.xml,https://www.nasonline.org/directory-entry/h-frederik-nijhout-lynuxp/,"LOC MARC 670 publication information identifies Duke Zoology and states b. 11/25/47. Automated matcher missed two-digit year."
https://www.nasonline.org/directory-entry/krzysztof-palczewski-a68rb9/,Krzysztof Palczewski,1957-06-24,hold,,exact_day_not_independently_confirmed,https://id.loc.gov/authorities/names/no00017393.marcxml.xml,https://archiwalna.fnp.org.pl/en/prof-krzysztof-palczewski/,"LOC identifies the correct vision biochemist but no DOB; Foundation for Polish Science confirms year 1957 only. Exact June 24 remains insufficiently independently sourced."
https://www.nasonline.org/directory-entry/richard-d-wood-s6qmkw/,Richard D. Wood,1955-06-03,hold,,exact_day_not_independently_confirmed,https://www.nasonline.org/directory-entry/richard-d-wood-s6qmkw/,,"Current exact date is Wikidata/Wikipedia-derived with no LOC/GND provenance or authoritative exact-date source located in this pass."
