profile_url,name,wikipedia_candidate_dob,known_birth_year,decision,accepted_exact_dob,decision_basis,note
https://www.nasonline.org/directory-entry/thomas-w-cline-5ml5rh/,Thomas W. Cline,1946-05-06,,pending,,independent_source_needed,No sufficiently authoritative independent exact-date source verified yet.
https://www.nasonline.org/directory-entry/j-c-seamus-davis-oat6hd/,J. C. Séamus Davis,1961-03-22,1960,reject_year_conflict,,known_birth_year_conflict,Wikipedia candidate year conflicts with pre-existing unique birth year 1960.
https://www.nasonline.org/directory-entry/david-j-derosier-akxzrh/,David J. DeRosier,1939-02-22,,accept,1939-02-22,independent_institutional_source,Brandeis University scholar profile explicitly states February 22 1939.
https://www.nasonline.org/directory-entry/john-f-dewey-osg4mz/,John F. Dewey,1937-05-22,1937,pending,,independent_source_needed,Year agrees but exact day still lacks a sufficiently authoritative independent source in this audit pass.
https://www.nasonline.org/directory-entry/thaddeus-p-dryja-lup7ze/,Thaddeus P. Dryja,1951-12-06,,pending,,independent_source_needed,NAS biosketch verifies identity/career but not exact date.
https://www.nasonline.org/directory-entry/daniel-e-gottschling-n4k2iu/,Daniel E. Gottschling,1955-05-28,,accept,1955-05-28,independent_institutional_source,Science History Institute oral-history metadata explicitly states May 28 1955.
https://www.nasonline.org/directory-entry/gregory-j-hannon-rt7qjo/,Gregory J. Hannon,1964-05-05,,accept,1964-05-05,current_nas_official_card,Current NAS official profile gives May 5 1964 - April 4 2026.
https://www.nasonline.org/directory-entry/harald-hess-rv8uxn/,Harald Hess,1955-09-12,,pending,,independent_source_needed,Exact date currently traced only to Wikipedia-derived sources; NAS biosketch has no DOB.
https://www.nasonline.org/directory-entry/clyde-a-hutchison-iii-1lcrkr/,Clyde A. Hutchison III,1938-11-26,1938,accept,1938-11-26,independent_institutional_source,JCVI memorial explicitly gives November 26 1938 - September 27 2025.
https://www.nasonline.org/directory-entry/vassiliki-vicky-kalogera-8384g3/,Vassiliki (Vicky) Kalogera,1971-02-15,1975,reject_year_conflict,,known_birth_year_conflict,Wikipedia candidate year conflicts with pre-existing unique birth year 1975.
https://www.nasonline.org/directory-entry/anthony-a-kossiakoff-njvekl/,Anthony A. Kossiakoff,1945-05-04,,accept,1945-05-04,independent_professional_society_source,ASBMB profile gives personal data b. Cumberland MD 5/4/45.
https://www.nasonline.org/directory-entry/chryssa-kouveliotou-glxw4l/,Chryssa Kouveliotou,1953-05-26,1956,reject_year_conflict,,known_birth_year_conflict,Wikipedia candidate year conflicts with pre-existing unique birth year 1956.
https://www.nasonline.org/directory-entry/stanislas-leibler-qkhzs2/,Stanislas Leibler,1954-02-28,1957,reject_year_conflict,,known_birth_year_conflict,Wikipedia candidate year conflicts with pre-existing unique birth year 1957.
https://www.nasonline.org/directory-entry/james-c-mcwilliams-mlpmmv/,James C. McWilliams,1928-05-20,1946,reject_year_conflict,,known_birth_year_conflict,Wikipedia candidate year conflicts with pre-existing unique birth year 1946; likely namesake/identity mismatch.
https://www.nasonline.org/directory-entry/david-d-moore-bvck8u/,David D. Moore,1952-08-21,,pending,,independent_source_needed,Exact date currently traced only to Wikipedia-derived sources in this audit pass.
https://www.nasonline.org/directory-entry/daniel-m-neumark-jtaktp/,Daniel M. Neumark,1955-03-27,1955,accept,1955-03-27,independent_professional_source,ACS autobiography supporting CV explicitly states March 27 1955.
https://www.nasonline.org/directory-entry/roger-a-nicoll-isrsts/,Roger A. Nicoll,1941-01-15,1941,accept,1941-01-15,independent_professional_source,Society for Neuroscience autobiography explicitly states January 15 1941.
https://www.nasonline.org/directory-entry/angela-villela-olinto-rfckdt/,Angela Villela Olinto,1961-07-19,1961,correct,1961-01-19,official_academy_source_conflict,Brazilian Academy of Sciences gives Nascimento 19/01/1961 in DD/MM/YYYY; Wikipedia candidate is rejected.
https://www.nasonline.org/directory-entry/wesley-i-sundquist-pthxml/,Wesley I. Sundquist,1959-09-11,1959,pending,,independent_source_needed,NAS and AAAS-style profiles confirm 1959 only; exact day remains Wikipedia-derived in this pass.
https://www.nasonline.org/directory-entry/david-a-tirrell-l3bhnt/,David A. Tirrell,1938-03-07,1953,reject_year_conflict,,known_birth_year_conflict,Wikipedia candidate year conflicts with pre-existing unique birth year 1953; likely wrong identity.
https://www.nasonline.org/directory-entry/susumu-tonegawa-vkst1i/,Susumu Tonegawa,1939-11-05,1939,correct,1939-09-05,current_nas_official_card_conflict,Current NAS official profile gives September 5 1939; Wikipedia diagnostic candidate is rejected.
https://www.nasonline.org/directory-entry/owen-n-witte-sgjafr/,Owen N. Witte,1949-05-17,1949,pending,,source_conflict_needs_resolution,Wikidata itself carries May 17 and March 17 1949; do not accept Wikipedia candidate without independent resolution.
https://www.nasonline.org/directory-entry/feng-zhang-klpgks/,Feng Zhang,1981-10-22,,accept,1981-10-22,independent_official_award_source,National Science and Technology Medals Foundation explicitly gives October 22 1981.
