profile_url,name,expected_old_final_exact_dob,new_final_exact_dob,review_status,primary_source_url,secondary_source_url,note
https://www.nasonline.org/directory-entry/john-c-avise-iak8i1/,John C. Avise,,1948-09-19,resolved_add_loc_provenance,https://id.loc.gov/authorities/names/n93014120.marcxml.xml,https://www.nasonline.org/directory-entry/john-c-avise-iak8i1/,"LOC MARC 670 cites Conservation genetics (1995) CIP data sheet explicitly: b. 9-19-48. Candidate identity matches John C. Avise, University of Georgia."
https://www.nasonline.org/directory-entry/utpal-banerjee-mvdrq0/,Utpal Banerjee,,1957-12-19,resolved_add_loc_provenance,https://id.loc.gov/authorities/names/no2025098962.marcxml.xml,https://www.nasonline.org/directory-entry/utpal-banerjee-mvdrq0/,"LOC MARC 670 cites Year book of the Indian National Science Academy, 2021, vol. 1 p.177: Utpal Banerjee; b. 19.12.1957; UCLA affiliations."
https://www.nasonline.org/directory-entry/margaret-t-fuller-xgn9eg/,Margaret T. Fuller,,1951-12-10,resolved_add_loc_provenance,https://id.loc.gov/authorities/names/n2011043707.marcxml.xml,https://www.nasonline.org/directory-entry/margaret-t-fuller-xgn9eg/,"LOC MARC 670 cites Germ cells (2011) ECIP data view: b. 12/10/1951; professor, Developmental Biology and Genetics, Stanford University."
https://www.nasonline.org/directory-entry/tina-m-henkin-bcqqjg/,Tina M. Henkin,,1956-06-16,resolved_add_loc_provenance,https://id.loc.gov/authorities/names/no2018075355.marcxml.xml,https://www.nasonline.org/directory-entry/tina-m-henkin-bcqqjg/,"LOC MARC 670 records email received from publisher, May 27 2020: b. June 16, 1956; identity cross-checked against Ohio State microbiology profile."
https://www.nasonline.org/directory-entry/frank-mccormick-dyutps/,Frank McCormick,,1950-07-31,resolved_add_loc_provenance,https://id.loc.gov/authorities/names/n92115081.marcxml.xml,https://www.nasonline.org/directory-entry/frank-mccormick-dyutps/,"LOC MARC 670 records phone call to publisher, 1992: Frank Patrick McCormick; b. 07-31-50; employee of Onyx Pharmaceuticals; later UCSF identity notes are consistent."
https://www.nasonline.org/directory-entry/james-c-mcwilliams-mlpmmv/,James C. McWilliams,,1946-08-22,resolved_add_loc_provenance,https://id.loc.gov/authorities/names/n88672506.marcxml.xml,https://www.nasonline.org/directory-entry/james-c-mcwilliams-mlpmmv/,"LOC MARC 670 cites AMWS 1982: McWilliams, James Cyrus; b. 8/22/46, with UCLA atmospheric/oceanic sciences identity corroboration."
https://www.nasonline.org/directory-entry/douglas-c-rees-x0j4gc/,Douglas C. Rees,,1952-10-07,resolved_add_loc_provenance,https://id.loc.gov/authorities/names/n85186396.marcxml.xml,https://www.nasonline.org/directory-entry/douglas-c-rees-x0j4gc/,"LOC MARC 670 cites Dynamic models in biochemistry CIP data sheet: Douglas C. Rees; b. 10/7/52; UCLA."
https://www.nasonline.org/directory-entry/john-rubenstein-vauyxt/,John Rubenstein,,1955-10-18,resolved_add_loc_provenance,https://id.loc.gov/authorities/names/n2005185011.marcxml.xml,https://www.nasonline.org/directory-entry/john-rubenstein-vauyxt/,"LOC MARC 670 records phone call from publisher, Dec. 15 2005: John L.R. Rubenstein, b. Oct. 18, 1955; UCSF identity matches."
https://www.nasonline.org/directory-entry/lisa-tauxe-sw5l27/,Lisa Tauxe,,1956-01-26,resolved_add_loc_provenance,https://id.loc.gov/authorities/names/n88674667.marcxml.xml,https://www.nasonline.org/directory-entry/lisa-tauxe-sw5l27/,"LOC MARC 670 cites Essentials of paleomagnetism ECIP data view: b. Jan. 26, 1956; Scripps distinguished professor identity corroborated."
https://www.nasonline.org/directory-entry/anne-m-villeneuve-cmu175/,Anne M. Villeneuve,,1959-11-29,resolved_add_loc_provenance,https://id.loc.gov/authorities/names/n2010000146.marcxml.xml,https://www.nasonline.org/directory-entry/anne-m-villeneuve-cmu175/,"LOC MARC 670 records information from publisher, Jan. 4 2010: Anne M. Villeneuve; b. Nov. 29, 1959; Stanford Genetics identity consistent."
https://www.nasonline.org/directory-entry/wei-yang-69qcv9/,Wei Yang,,1963-02-16,resolved_add_loc_provenance,https://id.loc.gov/authorities/names/n2001127967.marcxml.xml,https://www.nasonline.org/directory-entry/wei-yang-69qcv9/,"LOC MARC 670 records direct phone call to W. Yang, Apr. 23 2001: Wei Yang; b. Feb. 16, 1963; NIDDK/NIH molecular biology identity consistent."
