name,candidate_dob,nas_profile_url,frozen_affiliation,viaf_birth_support_codes,independent_search_status,accepted_for_v17,primary_nonlibrary_source_url,secondary_source_url,evidence_note
Richard W. Aldrich,1937-06-10,https://www.nasonline.org/directory-entry/richard-w-aldrich-j4qqri/,The University of Texas at Austin,SUDOC,unresolved_no_exact_official_source,0,,,"Targeted official-source search has not produced an exact day-level DOB; VIAF/library authority evidence alone is insufficient."
David Arnett,1940-02-05,https://www.nasonline.org/directory-entry/david-arnett-zpdjdp/,University of Arizona,BNF|J9U,unresolved_no_exact_official_source,0,,,"University of Arizona official profile found, but no exact day-level DOB; library authority evidence alone is insufficient."
Christophe Benoist,1955-04-06,https://www.nasonline.org/directory-entry/christophe-benoist-iizfyn/,Harvard Medical School,SUDOC,unresolved_year_only_official,0,,,"Académie des sciences official biography gives birth year 1955 but not exact date; Harvard official pages likewise do not give full DOB."
Dudley B. Chelton,1952-09-16,https://www.nasonline.org/directory-entry/dudley-b-chelton-c5urzv/,Oregon State University,J9U,unresolved_official_vita_pending,0,https://ceoas.oregonstate.edu/directory/dudley-chelton,https://oregonstate.box.com/s/27y6g8iych5cpl5ji8i6xbqx5zl9dubk,"Official Oregon State profile links a Vita hosted in Oregon State Box; exact DOB not yet verified from the Vita."
John E. Dowling,1935-08-31,https://www.nasonline.org/directory-entry/john-e-dowling-actszu/,Harvard University,J9U|LNB,accepted_professional_society_autobiography,1,https://www.brainfacts.org/-/media/SfN/Documents/TheHistoryofNeuroscience/Volume-4/c6.pdf,https://www.mcb.harvard.edu/directory/john-dowling/,"Society for Neuroscience-published autobiography explicitly states BORN: Pawtucket Rhode Island, August 31, 1935; Harvard official faculty page establishes identity."
Joshua A. Frieman,1959-11-09,https://www.nasonline.org/directory-entry/joshua-a-frieman-sntlbg/,SLAC National Accelerator Laboratory,BNF|J9U|SUDOC,unresolved_year_only_official,0,,,"Official UChicago/Fermilab/AIP/AAAS-style sources found only birth year 1959, not full date."
John C. Gerhart,1936-03-27,https://www.nasonline.org/directory-entry/john-c-gerhart-saurnh/,University of California Berkeley,BNF|J9U|SUDOC,unresolved_no_exact_official_source,0,,,"No exact day-level DOB found in official UC Berkeley or professional sources; people-search data is deliberately excluded."
George Gloeckler,1937-08-07,https://www.nasonline.org/directory-entry/george-gloeckler-am7cp6/,University of Michigan,SUDOC,rejected_candidate_nonlibrary_conflict,0,https://www.georgegloeckler.com/?page_id=35,,"VIAF/SUDOC candidate 1937-08-07 conflicts with Gloeckler's personal long-form interview biography, which states August 10, 1937. Do not accept either date into v17 without higher-authority non-library corroboration."
Karen I. Goldberg,1962-04-24,https://www.nasonline.org/directory-entry/karen-i-goldberg-9jcdcl/,University of Pennsylvania,J9U,unresolved_no_exact_official_source,0,,,"Official UPenn biography does not state full DOB; people-search data is deliberately excluded."
Rebecca Heald,1963-12-18,https://www.nasonline.org/directory-entry/rebecca-heald-6go0qy/,University of California Berkeley,BNF|CAOONL|J9U,unresolved_year_only_official,0,,,"Science History Institute and ACS biography sources give birth year 1963 but not exact day."
Mark Johnston,1951-12-20,https://www.nasonline.org/directory-entry/mark-johnston-x3eiat/,University of Colorado School of Medicine,J9U,accepted_official_institutional_cv,1,https://medschool.cuanschutz.edu/docs/librariesprovider239/dear/mark-johnston-cv-2024.pdf?sfvrsn=7e48f6bb_1,https://medschool.cuanschutz.edu/biochemistry/people/emeritus-faculty/johnston-mark,"Official University of Colorado School of Medicine-hosted CV explicitly states Date of Birth: December 20 1951; faculty page links the CV."
Diane Mathis,1950-01-13,https://www.nasonline.org/directory-entry/diane-mathis-wnzrwx/,Harvard Medical School,BNF|SUDOC,unresolved_no_exact_official_source,0,,,"Harvard Medical School/HHMI-style official profiles found but no exact day-level DOB."
Jay Quade,1955-12-13,https://www.nasonline.org/directory-entry/jay-quade-ufbtgu/,University of Arizona,BNF|J9U,accepted_official_nas_plus_institutional_cv,1,https://www.nasonline.org/directory-entry/jay-quade-ufbtgu/,https://www.geo.arizona.edu/sites/www.geo.arizona.edu/files/QuadeCV7_16.pdf,"Current NAS official profile explicitly lists December 13 1955 as birth date; University of Arizona-hosted personal CV independently corroborates it."
John M. Tranquada,1955-10-05,https://www.nasonline.org/directory-entry/john-m-tranquada-7o0p8f/,Brookhaven National Laboratory,BNF|J9U,accepted_official_bnl_document,1,https://www.bnl.gov/cmpmsd/neutrons/HYSPEC/files/pdfs/reports/HYSPEC_DOEproposal.pdf,https://www.nasonline.org/directory-entry/john-m-tranquada-7o0p8f/,"Brookhaven National Laboratory-hosted professional biographical record explicitly states Birth Date: Oct. 5 1955."
Reed B. Wickner,1942-09-27,https://www.nasonline.org/directory-entry/reed-b-wickner-q8vdhu/,National Institutes of Health,J9U,unresolved_no_exact_official_source,0,,,"NIH/NIDDK official biography found but does not state exact day-level DOB."
