profile_url,name,election_year,qid,gnd_ids,loc_ids,authority_candidate_dob,authority_candidate_basis,known_birth_year
https://www.nasonline.org/directory-entry/john-c-avise-iak8i1/,John C. Avise,1991,Q6219798,124170714,n93014120,1948-09-19,loc_unique,1948
https://www.nasonline.org/directory-entry/utpal-banerjee-mvdrq0/,Utpal Banerjee,2018,Q7902972,,no2025098962,1957-12-19,loc_unique,1957
https://www.nasonline.org/directory-entry/margaret-t-fuller-xgn9eg/,Margaret T. Fuller,2008,Q6759943,1025365542,n2011043707,1951-12-10,loc_unique,1951
https://www.nasonline.org/directory-entry/tina-m-henkin-bcqqjg/,Tina M. Henkin,2012,Q56863730,,no2018075355,1956-06-16,loc_unique,1956
https://www.nasonline.org/directory-entry/frank-mccormick-dyutps/,Frank McCormick,2014,Q21166323,1047952300,n92115081,1950-07-31,loc_unique,1950
https://www.nasonline.org/directory-entry/james-c-mcwilliams-mlpmmv/,James C. McWilliams,2002,Q6130771,,n88672506,1946-08-22,loc_unique,1946
https://www.nasonline.org/directory-entry/douglas-c-rees-x0j4gc/,Douglas C. Rees,2000,Q28868922,,n85186396,1952-10-07,loc_unique,1952
https://www.nasonline.org/directory-entry/john-rubenstein-vauyxt/,John Rubenstein,2020,Q59751766,103808847X,n2005185011,1955-10-18,loc_unique,1955
https://www.nasonline.org/directory-entry/lisa-tauxe-sw5l27/,Lisa Tauxe,2015,Q28017758,,n88674667,1956-01-26,loc_unique,1956
https://www.nasonline.org/directory-entry/anne-m-villeneuve-cmu175/,Anne M. Villeneuve,2017,Q61351503,,n2010000146,1959-11-29,loc_unique,1959
https://www.nasonline.org/directory-entry/wei-yang-69qcv9/,Wei Yang,2013,Q18208290,1069939552,n2001127967,1963-02-16,loc_unique,1963
