status_at_source,election_era,rows,exact_dob,unresolved,exact_dob_coverage
past,pre-1900,4837,2640,2197,0.545793
past,1900-1949,864,854,10,0.988426
past,1950-1979,861,856,5,0.994193
past,1980-1999,435,434,1,0.997701
past,2000-2009,68,68,0,1.0
past,2010-2019,26,26,0,1.0
past,2020-2025,5,5,0,1.0
past,unknown,3,1,2,0.333333
current,1950-1979,35,5,30,0.142857
current,1980-1999,371,44,327,0.118598
current,2000-2009,370,21,349,0.056757
current,2010-2019,448,18,430,0.040179
current,2020-2025,346,11,335,0.031792