cohort_key,display_name,candidate_dob,library_locator_domain,library_locator_url,decision,independent_source_url,independent_source_class,evidence_note
RS_CURRENT_11046,Philip Bartlett,1956-05-27,catalogue.bnf.fr,https://catalogue.bnf.fr/ark:/12148/cb124770697,downgraded_unresolved,,,Library-authority date retained as locator evidence only; targeted non-library exact-DOB search did not identify an acceptance-grade independent source.
RS_CURRENT_11085,James Binney,1950-04-12,catalogue.bnf.fr,https://catalogue.bnf.fr/ark:/12148/cb12311700b,downgraded_unresolved,,,Library-authority date retained as locator evidence only; targeted non-library exact-DOB search did not identify an acceptance-grade independent source.
RS_CURRENT_11094,Elizabeth Blackburn,1948-11-26,d-nb.info,https://d-nb.info/gnd/134048385/about/lds,recovered_independent_nonlibrary,https://www.eoas.info/biogs/P004176b.htm,academic_science_encyclopedia,"Encyclopedia of Australian Science and Innovation explicitly states Born 26 November 1948, Hobart."
RS_CURRENT_11105,Walter Bodmer,1936-01-10,catalogue.bnf.fr,https://catalogue.bnf.fr/ark:/12148/cb12455852t,downgraded_unresolved,,,Library-authority date retained as locator evidence only; targeted non-library exact-DOB search did not identify an acceptance-grade independent source.
RS_CURRENT_11159,Margaret Buckingham,1945-03-02,catalogue.bnf.fr,https://catalogue.bnf.fr/ark:/12148/cb16772005v,downgraded_unresolved,,,Library-authority date retained as locator evidence only; targeted non-library exact-DOB search did not identify an acceptance-grade independent source.
RS_CURRENT_11185,Philip Candelas,1951-10-24,catalogue.bnf.fr,https://catalogue.bnf.fr/ark:/12148/cb15538007p,recovered_independent_nonlibrary,https://www.maths.ox.ac.uk/system/files/user-cvs/candelas.pdf,institutional_academic_cv,"University of Oxford-hosted CV explicitly states Date and Place of Birth: 24 October 1951, London, U.K."
RS_CURRENT_11198,Richard Catlow,1947-04-24,catalogue.bnf.fr,https://catalogue.bnf.fr/ark:/12148/cb12332025d,recovered_independent_nonlibrary,https://levana.leopoldina.org/servlets/MCRFileNodeServlet/leopoldina_derivate_00257/2021_Leopoldina_Struktur_und_Mitglieder.pdf,academy_official_cv,Leopoldina official member volume CV explicitly states Born: 24 April 1947.
RS_CURRENT_11280,Fergus Craik,1935-04-17,d-nb.info,https://d-nb.info/gnd/134040198/about/lds,downgraded_unresolved,,,Library-authority date retained as locator evidence only; targeted non-library exact-DOB search did not identify an acceptance-grade independent source.
RS_CURRENT_11301,Partha Dasgupta,1942-11-17,d-nb.info,https://d-nb.info/gnd/120484129/about/lds,recovered_independent_nonlibrary,https://www.pass.va/en/academicians/former/dasgupta.html,academy_official,Pontifical Academy of Social Sciences official former-academician page explicitly states Date of birth 17 November 1942.
RS_CURRENT_11316,Richard Dawkins,1941-03-26,catalogue.bnf.fr,https://catalogue.bnf.fr/ark:/12148/cb118988507,downgraded_unresolved,,,Library-authority date retained as locator evidence only; targeted non-library exact-DOB search did not identify an acceptance-grade independent source.
RS_CURRENT_11349,Simon Donaldson,1957-08-20,d-nb.info,https://d-nb.info/gnd/101382685X/about/lds,recovered_independent_nonlibrary,https://mathshistory.st-andrews.ac.uk/Biographies/Donaldson/,institutional_academic_biography,University of St Andrews MacTutor biography explicitly states Born 20 August 1957.
RS_CURRENT_11412,Martin Evans,1941-01-01,d-nb.info,https://d-nb.info/gnd/133485404/about/lds,recovered_independent_nonlibrary,https://embryo.asu.edu/pages/martin-john-evans-1941,university_academic_encyclopedia,Arizona State University Embryo Project Encyclopedia explicitly states Evans was born on 1 January 1941 and traces the account to his Nobel autobiography.
RS_CURRENT_11472,Stephen Furber,1953-03-21,d-nb.info,https://d-nb.info/gnd/130298697/about/lds,downgraded_unresolved,,,Library-authority date retained as locator evidence only; targeted non-library exact-DOB search did not identify an acceptance-grade independent source.
RS_CURRENT_11508,Jeffrey Goldstone,1933-09-03,d-nb.info,https://d-nb.info/gnd/1212863410/about/lds,downgraded_unresolved,,,Library-authority date retained as locator evidence only; targeted non-library exact-DOB search did not identify an acceptance-grade independent source.
RS_CURRENT_11521,Douglas Gough,1941-02-08,catalogue.bnf.fr,https://catalogue.bnf.fr/ark:/12148/cb12393981v,recovered_independent_nonlibrary,https://www.ast.cam.ac.uk/news/douglas-gough-awarded-crafoord-prize-astronomy,university_official_biography,University of Cambridge Institute of Astronomy page explicitly states he was born on 8 February 1941.
RS_CURRENT_11626,Nigel Hitchin,1946-08-02,d-nb.info,https://d-nb.info/gnd/122017781/about/lds,recovered_independent_nonlibrary,https://mathshistory.st-andrews.ac.uk/Biographies/Hitchin/,institutional_academic_biography,University of St Andrews MacTutor biography explicitly states Born 2 August 1946.
RS_CURRENT_11750,John Kingman,1939-08-28,d-nb.info,https://d-nb.info/gnd/108793877/about/lds,recovered_independent_nonlibrary,https://mathshistory.st-andrews.ac.uk/Biographies/Kingman/,institutional_academic_biography,University of St Andrews MacTutor biography explicitly states Born 28 August 1939.
RS_CURRENT_11775,Shrinivas Kulkarni,1956-10-04,catalogue.bnf.fr,https://catalogue.bnf.fr/ark:/12148/cb13761857f,downgraded_unresolved,,,Library-authority date retained as locator evidence only; targeted non-library exact-DOB search did not identify an acceptance-grade independent source.
RS_CURRENT_11783,David Lane,1952-07-01,catalogue.bnf.fr,https://catalogue.bnf.fr/ark:/12148/cb12281519g,downgraded_unresolved,,,Library-authority date retained as locator evidence only; targeted non-library exact-DOB search did not identify an acceptance-grade independent source.
RS_CURRENT_11824,Peter Liss,1942-10-27,catalogue.bnf.fr,https://catalogue.bnf.fr/ark:/12148/cb122758986,downgraded_unresolved,,,Library-authority date retained as locator evidence only; targeted non-library exact-DOB search did not identify an acceptance-grade independent source.
RS_CURRENT_11857,Angus MacIntyre,1941-10-10,catalogue.bnf.fr,https://catalogue.bnf.fr/ark:/12148/cb150232116,downgraded_unresolved,,,Library-authority date retained as locator evidence only; targeted non-library exact-DOB search did not identify an acceptance-grade independent source.
RS_CURRENT_11895,Barry Marshall,1951-09-30,d-nb.info,https://d-nb.info/gnd/139878653/about/lds,recovered_independent_nonlibrary,https://www.nobelprize.org/prizes/medicine/2005/marshall/facts/,award_official,Nobel Prize official facts page explicitly states Born: 30 September 1951.
RS_CURRENT_12050,Richard Passingham,1943-08-16,catalogue.bnf.fr,https://catalogue.bnf.fr/ark:/12148/cb12532319n,downgraded_unresolved,,,Library-authority date retained as locator evidence only; targeted non-library exact-DOB search did not identify an acceptance-grade independent source.
RS_CURRENT_12105,John Polanyi,1929-01-23,d-nb.info,https://d-nb.info/gnd/137236395/about/lds,recovered_independent_nonlibrary,https://www.pas.va/en/academicians/ordinary/polanyi.html,academy_official,Pontifical Academy of Sciences official member page explicitly states Date of birth 23 January 1929.
RS_CURRENT_12156,Martin Rees,1942-06-23,d-nb.info,https://d-nb.info/gnd/118178687/about/lds,recovered_independent_nonlibrary,https://people.ast.cam.ac.uk/~mjr/cv.html,institutional_academic_cv,University of Cambridge-hosted personal CV explicitly states Date of Birth 23 June 1942.
RS_CURRENT_12269,Morgan Sheng,1958-02-23,catalogue.bnf.fr,https://catalogue.bnf.fr/ark:/12148/cb167039906,downgraded_unresolved,,,Library-authority date retained as locator evidence only; targeted non-library exact-DOB search did not identify an acceptance-grade independent source.
RS_CURRENT_12326,Stephen Sparks,1949-05-15,catalogue.bnf.fr,https://catalogue.bnf.fr/ark:/12148/cb13491806n,recovered_independent_nonlibrary,https://www.timeshighereducation.com/news/people/qa-with-stephen-sparks/2018400.article,direct_professional_interview,"Direct Q&A asks where and when he was born; Sparks answers 15 May 1949, Harpenden."
RS_CURRENT_12339,Ian Stewart,1945-09-24,d-nb.info,https://d-nb.info/gnd/124091598/about/lds,recovered_independent_nonlibrary,https://www.timeshighereducation.com/people/interview-ian-stewart-university-of-warwick,direct_professional_interview,Direct interview gives birthplace Folkestone and date 24 September 1945.
RS_CURRENT_12343,Nicholas Stern,1946-04-22,d-nb.info,https://d-nb.info/gnd/13254461X/about/lds,downgraded_unresolved,,,Library-authority date retained as locator evidence only; targeted non-library exact-DOB search did not identify an acceptance-grade independent source.
RS_CURRENT_12423,John Toland,1949-04-28,d-nb.info,https://d-nb.info/gnd/137934033/about/lds,downgraded_unresolved,,,Library-authority date retained as locator evidence only; targeted non-library exact-DOB search did not identify an acceptance-grade independent source.
RS_CURRENT_12437,Neil Trudinger,1942-06-20,d-nb.info,https://d-nb.info/gnd/122665813/about/lds,recovered_independent_nonlibrary,https://mathshistory.st-andrews.ac.uk/Biographies/Trudinger/,institutional_academic_biography,University of St Andrews MacTutor biography explicitly states Born 20 June 1942.
RS_CURRENT_12496,Robert Watson,1948-03-21,catalogue.bnf.fr,https://catalogue.bnf.fr/ark:/12148/cb12539441s,downgraded_unresolved,,,Library-authority date retained as locator evidence only; targeted non-library exact-DOB search did not identify an acceptance-grade independent source.
RS_CURRENT_12521,Simon White,1951-09-30,d-nb.info,https://d-nb.info/gnd/141750499/about/lds,downgraded_unresolved,,,Library-authority date retained as locator evidence only; targeted non-library exact-DOB search did not identify an acceptance-grade independent source.
RS_CURRENT_12553,Eric Wolff,1957-06-05,catalogue.bnf.fr,https://catalogue.bnf.fr/ark:/12148/cb13489353h,downgraded_unresolved,,,Library-authority date retained as locator evidence only; targeted non-library exact-DOB search did not identify an acceptance-grade independent source.
RS_CURRENT_12589,Andrew Zisserman,1957-06-29,d-nb.info,https://d-nb.info/gnd/138087938/about/lds,downgraded_unresolved,,,Library-authority date retained as locator evidence only; targeted non-library exact-DOB search did not identify an acceptance-grade independent source.
RS_CURRENT_13380,Wendy Bickmore,1961-07-28,catalogue.bnf.fr,https://catalogue.bnf.fr/ark:/12148/cb134916946,downgraded_unresolved,,,Library-authority date retained as locator evidence only; targeted non-library exact-DOB search did not identify an acceptance-grade independent source.
RS_CURRENT_13814,Roger Goody,1944-04-17,d-nb.info,https://d-nb.info/gnd/113690223/about/lds,downgraded_unresolved,,,Library-authority date retained as locator evidence only; targeted non-library exact-DOB search did not identify an acceptance-grade independent source.
RS_CURRENT_14128,Jack Szostak,1952-11-09,d-nb.info,https://d-nb.info/gnd/139389458/about/lds,recovered_independent_nonlibrary,https://rtmajor.chemistry.uconn.edu/past-speakers/jack-szostak/,university_official_biography,University of Connecticut Chemistry page explicitly states Born: 9 November 1952 and identifies the Nobel laureate.
RS_CURRENT_14133,Akshay Venkatesh,1981-11-21,d-nb.info,https://d-nb.info/gnd/141737441/about/lds,downgraded_unresolved,,,Library-authority date retained as locator evidence only; targeted non-library exact-DOB search did not identify an acceptance-grade independent source.
RS_CURRENT_35002,Frank Close,1945-07-24,d-nb.info,https://d-nb.info/gnd/137664575/about/lds,downgraded_unresolved,,,Library-authority date retained as locator evidence only; targeted non-library exact-DOB search did not identify an acceptance-grade independent source.
RS_CURRENT_35004,Andy Haldane,1967-08-18,catalogue.bnf.fr,https://catalogue.bnf.fr/ark:/12148/cb150129617,recovered_independent_nonlibrary,https://www.bankofengland.co.uk/-/media/boe/files/about/people/past/andy-haldane/andy-haldane-cv-2020.pdf,government_official_cv,Bank of England official CV explicitly states Date of Birth: 18 August 1967.
RS_CURRENT_36242,Philip Wadler,1956-04-08,aleph.nkp.cz,https://aleph.nkp.cz/F/?ccl_term=ica%3Dxx0007940&func=find-c&local_base=aut,downgraded_unresolved,,,Library-authority date retained as locator evidence only; targeted non-library exact-DOB search did not identify an acceptance-grade independent source.
RS_CURRENT_9696,Nick Jennings,1966-12-15,catalogue.bnf.fr,https://catalogue.bnf.fr/ark:/12148/cb13597095h,downgraded_unresolved,,,Library-authority date retained as locator evidence only; targeted non-library exact-DOB search did not identify an acceptance-grade independent source.