cohort_key,display_name,exact_dob,dob_status,provenance_source_url,provenance_source_class,provenance_note,locator_source_url,locator_source_domain
RS_CURRENT_10607,Ralf Speth,1955-09-09,exact_current_independent_nonlibrary,https://www.sec.gov/Archives/edgar/data/926042/000119312520314335/d94536dex991.htm,regulatory_filing,SEC-filed Jaguar Land Rover board disclosure explicitly states Professor Sir Ralf D. Speth Date of Birth 9 September 1955,,
RS_CURRENT_10965,Jerry Adams,1940-06-17,exact_current_independent_nonlibrary,https://www.eoas.info/biogs/P003088b.htm,secondary_authority_eligible,EOAS original biography contains same exact DOB; current-Fellow identity audit passed,,
RS_CURRENT_11027,John Ball,1948-05-19,exact_current_independent_nonlibrary,https://people.maths.ox.ac.uk/ball/Files/ballcv14.pdf,institutional_academic_eligible,corrected identity; Oxford-hosted CV explicitly states exact date and place of birth,,
RS_CURRENT_11066,Jocelyn Bell Burnell,1943-07-15,exact_current_independent_nonlibrary,https://www.esa.int/Science_Exploration/Space_Science/15_July,governmental_science_agency,ESA official history page explicitly states Susan Jocelyn Bell Burnell was born on 15 July 1943,,
RS_CURRENT_11072,Michael Berry,1941-03-14,exact_current_independent_nonlibrary,https://hoogleraren.universiteitleiden.nl/s/hoogleraren/item/1880,university_professor_catalog,Leiden University Leidse Hoogleraren record explicitly states Geboren 1941-03-14 te Surrey,,
RS_CURRENT_11091,Ewan Birney,1972-12-06,exact_current_independent_nonlibrary,https://ut.ee/en/content/john-frederick-william-birney,university_official,University of Tartu honorary-doctor page explicitly states Ewan Birney was born on 6 December 1972 in London,,
RS_CURRENT_11094,Elizabeth Blackburn,1948-11-26,exact_current_authority_locator_independently_recovered,https://www.eoas.info/biogs/P004176b.htm,academic_science_encyclopedia,"Encyclopedia of Australian Science and Innovation explicitly states Born 26 November 1948, Hobart.",https://d-nb.info/gnd/134048385/about/lds,d-nb.info
RS_CURRENT_11112,Richard Borcherds,1959-11-29,exact_current_independent_nonlibrary,https://mathshistory.st-andrews.ac.uk/Biographies/Borcherds/,institutional_academic_eligible,MacTutor/St Andrews original biography contains same exact DOB; current-Fellow identity audit passed,,
RS_CURRENT_11129,Paul Brakefield,1952-05-31,exact_current_independent_nonlibrary,https://hoogleraren.universiteitleiden.nl/s/hoogleraren/item/1262,university_professor_catalog,Leiden University Leidse Hoogleraren record explicitly states Geboren 1952-05-31 te Woking,,
RS_CURRENT_11133,Gilles Brassard,1955-04-20,exact_current_independent_nonlibrary,https://prixduquebec.gouv.qc.ca/recipiendaires/gilles-brassard/,frozen_hierarchy_eligible,eligible source + unique P569 candidate + exact date present in source page,,
RS_CURRENT_11185,Philip Candelas,1951-10-24,exact_current_authority_locator_independently_recovered,https://www.maths.ox.ac.uk/system/files/user-cvs/candelas.pdf,institutional_academic_cv,"University of Oxford-hosted CV explicitly states Date and Place of Birth: 24 October 1951, London, U.K.",https://catalogue.bnf.fr/ark:/12148/cb15538007p,catalogue.bnf.fr
RS_CURRENT_11198,Richard Catlow,1947-04-24,exact_current_authority_locator_independently_recovered,https://levana.leopoldina.org/servlets/MCRFileNodeServlet/leopoldina_derivate_00257/2021_Leopoldina_Struktur_und_Mitglieder.pdf,academy_official_cv,Leopoldina official member volume CV explicitly states Born: 24 April 1947.,https://catalogue.bnf.fr/ark:/12148/cb12332025d,catalogue.bnf.fr
RS_CURRENT_11226,Graeme Clark,1935-08-16,exact_current_independent_nonlibrary,https://www.eoas.info/biogs/P001420b.htm,secondary_authority_eligible,Encyclopedia of Australian Science and Innovation explicitly states Born 16 August 1935 Camden New South Wales Australia,,
RS_CURRENT_11253,Peter Colman,1944-04-03,exact_current_independent_nonlibrary,http://www.eoas.info/biogs/P004963b.htm,secondary_authority_eligible,EOAS original biography contains same exact DOB; current-Fellow identity audit passed,,
RS_CURRENT_11265,Suzanne Cory,1942-03-11,exact_current_independent_nonlibrary,https://www.eoas.info/biogs/P002278b.htm,secondary_authority_eligible,EOAS original biography contains same exact DOB; current-Fellow identity audit passed,,
RS_CURRENT_11301,Partha Dasgupta,1942-11-17,exact_current_authority_locator_independently_recovered,https://www.pass.va/en/academicians/former/dasgupta.html,academy_official,Pontifical Academy of Social Sciences official former-academician page explicitly states Date of birth 17 November 1942.,https://d-nb.info/gnd/120484129/about/lds,d-nb.info
RS_CURRENT_11328,Pierre Deslongchamps,1938-05-08,exact_current_independent_nonlibrary,https://prixduquebec.gouv.qc.ca/recipiendaires/pierre-deslongchamps/,frozen_hierarchy_eligible,eligible source + unique P569 candidate + exact date present in source page,,
RS_CURRENT_11343,Peter Doherty,1940-10-15,exact_current_independent_nonlibrary,https://www.nobelprize.org/prizes/medicine/1996/doherty/facts/,award_official,Nobel Prize official facts page explicitly states Born 15 October 1940 Brisbane Australia,,
RS_CURRENT_11349,Simon Donaldson,1957-08-20,exact_current_authority_locator_independently_recovered,https://mathshistory.st-andrews.ac.uk/Biographies/Donaldson/,institutional_academic_biography,University of St Andrews MacTutor biography explicitly states Born 20 August 1957.,https://d-nb.info/gnd/101382685X/about/lds,d-nb.info
RS_CURRENT_11385,Ronald Ekers,1941-09-18,exact_current_independent_nonlibrary,https://csiropedia.csiro.au/ekers-ronald-david/,institutional_archive,CSIROpedia institutional biography explicitly states Ronald David Ekers was born at Victor Harbour South Australia on 18 September 1941,,
RS_CURRENT_11412,Martin Evans,1941-01-01,exact_current_authority_locator_independently_recovered,https://embryo.asu.edu/pages/martin-john-evans-1941,university_academic_encyclopedia,Arizona State University Embryo Project Encyclopedia explicitly states Evans was born on 1 January 1941 and traces the account to his Nobel autobiography.,https://d-nb.info/gnd/133485404/about/lds,d-nb.info
RS_CURRENT_11416,Warren Ewens,1937-01-23,exact_current_independent_nonlibrary,http://www.eoas.info/biogs/P004631b.htm,secondary_authority_eligible,EOAS original biography contains same exact DOB; current-Fellow identity audit passed,,
RS_CURRENT_11422,Graham Farquhar,1947-12-08,exact_current_independent_nonlibrary,https://www.eoas.info/biogs/P004632b.htm,secondary_authority_eligible,EOAS original biography contains same exact DOB; current-Fellow identity audit passed,,
RS_CURRENT_11468,Uta Frith,1941-05-25,exact_current_independent_nonlibrary,https://www.gov.uk/government/news/david-willetts-presents-honorary-dbe-to-professor-uta-frith,government_official,UK government honorary DBE press release notes explicitly state born on 25th May 1941 in Germany,,
RS_CURRENT_11484,Andre Geim,1958-10-21,exact_current_independent_nonlibrary,http://www.nobelprize.org/nobel_prizes/physics/laureates/2010/geim-facts.html,frozen_hierarchy_eligible,eligible source + unique P569 candidate + exact date present in source page,,
RS_CURRENT_11487,Zoubin Ghahramani,1970-02-08,exact_current_independent_nonlibrary,https://www.cs.cmu.edu/afs/cs.cmu.edu/user/zoubin/www/fullcv.pdf,institutional_academic_eligible,Institution-hosted personal CV explicitly states Date of Birth 8 February 1970,,
RS_CURRENT_11521,Douglas Gough,1941-02-08,exact_current_authority_locator_independently_recovered,https://www.ast.cam.ac.uk/news/douglas-gough-awarded-crafoord-prize-astronomy,university_official_biography,University of Cambridge Institute of Astronomy page explicitly states he was born on 8 February 1941.,https://catalogue.bnf.fr/ark:/12148/cb12393981v,catalogue.bnf.fr
RS_CURRENT_11523,Timothy Gowers,1963-11-20,exact_current_independent_nonlibrary,https://mathshistory.st-andrews.ac.uk/Biographies/Gowers/,institutional_academic_eligible,MacTutor/St Andrews original biography contains same exact DOB; current-Fellow identity audit passed,,
RS_CURRENT_11540,Ben Green,1977-02-27,exact_current_independent_nonlibrary,https://www.maths.ox.ac.uk/system/files/users/cvs/bencv_0.pdf,institutional_academic_eligible,Oxford Mathematical Institute-hosted CV explicitly states Date of birth 27 February 1977,,
RS_CURRENT_11590,Marshall Hatch,1932-12-24,exact_current_independent_nonlibrary,http://www.eoas.info/biogs/P000483b.htm,secondary_authority_eligible,EOAS original biography contains same exact DOB; current-Fellow identity audit passed,,
RS_CURRENT_11607,Richard Henderson,1945-07-19,exact_current_independent_nonlibrary,https://www.nobelprize.org/prizes/chemistry/2017/henderson/biographical/,laureate_autobiography,Nobel Prize official autobiographical essay by Richard Henderson explicitly states I was born in Edinburgh Scotland on 19th July 1945,,
RS_CURRENT_11624,Geoffrey Hinton,1947-12-06,exact_current_independent_nonlibrary,https://www.nobelprize.org/laureate/1038,award_official,Nobel Prize official facts page explicitly states Born 6 December 1947 London United Kingdom,,
RS_CURRENT_11626,Nigel Hitchin,1946-08-02,exact_current_authority_locator_independently_recovered,https://mathshistory.st-andrews.ac.uk/Biographies/Hitchin/,institutional_academic_biography,University of St Andrews MacTutor biography explicitly states Born 2 August 1946.,https://d-nb.info/gnd/122017781/about/lds,d-nb.info
RS_CURRENT_11666,Tim Hunt,1943-02-19,exact_current_independent_nonlibrary,https://www.nobelprize.org/prizes/medicine/2001/hunt/cv/,frozen_hierarchy_eligible,eligible source + unique P569 candidate + exact date present in source page,,
RS_CURRENT_11712,Brian Josephson,1940-01-04,exact_current_independent_nonlibrary,https://www.nobelprize.org/prizes/physics/1973/josephson/facts/,award_official,Nobel Prize official facts page explicitly states Born 4 January 1940 Cardiff United Kingdom,,
RS_CURRENT_11726,Victoria Kaspi,1967-06-30,exact_current_independent_nonlibrary,http://www.physics.mcgill.ca/~vkaspi/cv.pdf,institutional_academic_eligible,McGill Physics-hosted CV page 1 explicitly states Born in Austin Texas; June 30 1967,,
RS_CURRENT_11731,Frank Kelly,1950-12-28,exact_current_independent_nonlibrary,https://www.statslab.cam.ac.uk/~frank/CV/cv19.pdf,institutional_academic_eligible,University of Cambridge Statistical Laboratory-hosted CV explicitly states Born 28 December 1950 London England,,
RS_CURRENT_11736,Brian Kennett,1948-05-07,exact_current_independent_nonlibrary,https://www.eoas.info/biogs/P004674b.htm,secondary_authority_eligible,Encyclopedia of Australian Science and Innovation explicitly states Born 7 May 1948 Croydon Surrey United Kingdom,,
RS_CURRENT_11750,John Kingman,1939-08-28,exact_current_authority_locator_independently_recovered,https://mathshistory.st-andrews.ac.uk/Biographies/Kingman/,institutional_academic_biography,University of St Andrews MacTutor biography explicitly states Born 28 August 1939.,https://d-nb.info/gnd/108793877/about/lds,d-nb.info
RS_CURRENT_11765,Philip Kocienski,1946-12-23,exact_current_independent_nonlibrary,https://pan.pl/czlonkowie/philip-kocienski/,academy_official,Polish Academy of Sciences member page explicitly states Data urodzenia 23 grudnia 1946,,
RS_CURRENT_11780,Kurt Lambeck,1941-09-20,exact_current_independent_nonlibrary,https://www.eoas.info/biogs/P002746b.htm,secondary_authority_eligible,EOAS original biography contains same exact DOB; current-Fellow identity audit passed,,
RS_CURRENT_11784,Robert Langlands,1936-10-06,exact_current_independent_nonlibrary,https://mathshistory.st-andrews.ac.uk/Biographies/Langlands/,institutional_academic_eligible,MacTutor/St Andrews original biography contains same exact DOB; current-Fellow identity audit passed,,
RS_CURRENT_11792,Steffen Lauritzen,1947-04-22,exact_current_independent_nonlibrary,http://web.math.ku.dk/~lauritzen/cv.html,frozen_hierarchy_eligible,eligible source + unique P569 candidate + exact date present in source page,,
RS_CURRENT_11814,Ottoline Leyser,1965-03-07,exact_current_independent_nonlibrary,https://www.leopoldina.org/fileadmin/Migrierte_Daten/Publikationen/Dokumente/Neugewaehlte_Mitglieder_2014_01.pdf,academy_official,Leopoldina official 2014 new-members volume explicitly states 7th March 1965 Bicester,,
RS_CURRENT_11845,George Lusztig,1946-05-20,exact_current_independent_nonlibrary,https://mathshistory.st-andrews.ac.uk/Biographies/Lusztig/,institutional_academic_eligible,MacTutor/St Andrews original biography contains same exact DOB; current-Fellow identity audit passed,,
RS_CURRENT_11895,Barry Marshall,1951-09-30,exact_current_authority_locator_independently_recovered,https://www.nobelprize.org/prizes/medicine/2005/marshall/facts/,award_official,Nobel Prize official facts page explicitly states Born: 30 September 1951.,https://d-nb.info/gnd/139878653/about/lds,d-nb.info
RS_CURRENT_11903,David Masser,1948-11-08,exact_current_independent_nonlibrary,https://dmi.unibas.ch/fileadmin/user_upload/dmi/Forschung/Mathematik/Zahlentheorie/CV_David_Masser_June_2023.pdf,institutional_academic_eligible,University of Basel official CV page 1 explicitly states Born 8th November 1948 in London England,,
RS_CURRENT_11906,Raghunath Mashelkar,1943-01-01,exact_current_independent_nonlibrary,https://www.csir.res.in/en/shanti-swarup-bhatnagar-prize/shanti-swarup-bhatnagar-prize-science-and-technology-1958-1998,government_eligible,authoritative fallback source + exact date explicitly present,,
RS_CURRENT_11911,Iain Mattaj,1952-10-05,exact_current_independent_nonlibrary,https://archive.embl.org/index.php/mattaj-iain-william,institutional_archive,EMBL Archive authority record explicitly gives Dates of existence 1952-10-05/,,
RS_CURRENT_11923,Dusa McDuff,1945-10-18,exact_current_independent_nonlibrary,https://mathshistory.st-andrews.ac.uk/Biographies/McDuff/,institutional_academic_eligible,MacTutor/St Andrews original biography contains same exact DOB; current-Fellow identity audit passed,,
RS_CURRENT_11924,Arthur McDonald,1943-08-29,exact_current_independent_nonlibrary,https://www.nobelprize.org/prizes/physics/2015/mcdonald/facts/,award_official,Nobel Prize official facts page explicitly states Born 29 August 1943 Sydney Nova Scotia Canada,,
RS_CURRENT_11925,Trevor McDougall,1952-07-01,exact_current_independent_nonlibrary,http://www.eoas.info/biogs/P003582b.htm,secondary_authority_eligible,EOAS original biography contains same exact DOB; current-Fellow identity audit passed,,
RS_CURRENT_11952,Gero Miesenböck,1965-07-15,exact_current_independent_nonlibrary,https://www.japanprize.jp/en/prize_prof_2023_miesenboeck.html,award_official,Japan Prize Foundation official laureate profile explicitly states Date of Birth 15 July 1965,,
RS_CURRENT_11989,James Murray,1931-01-02,exact_current_independent_nonlibrary,https://mathshistory.st-andrews.ac.uk/Biographies/Murray/,institutional_academic_eligible,corrected identity; MacTutor/St Andrews biography explicitly states exact DOB,,
RS_CURRENT_12009,Gustav Nossal,1931-06-04,exact_current_independent_nonlibrary,https://www.eoas.info/biogs/P000678b.htm,secondary_authority_eligible,Encyclopedia of Australian Science and Innovation explicitly states Born 4 June 1931 Austria,,
RS_CURRENT_12012,Paul Nurse,1949-01-25,exact_current_independent_nonlibrary,https://www.universitas.cz/en/people/4722-a-top-scientist-very-often-moves-on-the-edge-of-failure-says-nobelist-nurse,university_consortium_profile,"Universitas magazine for Czech public universities, in a profile tied to his Mendel University honorary doctorate, explicitly states born 25 January 1949 Norwich",,
RS_CURRENT_12027,Barry Osmond,1939-09-20,exact_current_independent_nonlibrary,https://www.eoas.info/biogs/P001443b.htm,secondary_authority_eligible,Encyclopedia of Australian Science and Innovation explicitly states Born 20 September 1939,,
RS_CURRENT_12042,Stuart Parkin,1955-12-09,exact_current_independent_nonlibrary,https://www-old.mpi-halle.mpg.de/exp-II/parkin-cv.pdf,institutional_academic_eligible,Max Planck Institute CV explicitly states Born December 9 1955 in Watford UK,,
RS_CURRENT_12067,John Peacock,1956-03-27,exact_current_independent_nonlibrary,https://www.roe.ac.uk/~jap/cv.pdf,institutional_academic_eligible,Royal Observatory Edinburgh-hosted CV page 1 explicitly states Date of birth 27th March 1956,,
RS_CURRENT_12076,Roger Penrose,1931-08-08,exact_current_independent_nonlibrary,https://mathshistory.st-andrews.ac.uk/Biographies/Penrose/,institutional_academic_eligible,MacTutor/St Andrews original biography contains same exact DOB; current-Fellow identity audit passed,,
RS_CURRENT_12086,Ole Petersen,1943-03-03,exact_current_independent_nonlibrary,https://mta.hu/koztestuleti_tagok?PersonId=19378,academy_official,Hungarian Academy of Sciences member page explicitly states born Copenhagen 1943.03.03,,
RS_CURRENT_12088,Richard Peto,1943-05-14,exact_current_independent_nonlibrary,https://www.news.uzh.ch/dam/jcr:ffffffff-a6a2-1e54-ffff-ffff9b446c3a/CRBBroschuere2009.pdf,university_award_material,University of Zurich award material reproduces Sir Richard Peto CV explicitly listing Date of birth 14 May 1943,,
RS_CURRENT_12104,Alan Plumb,1948-03-30,exact_current_independent_nonlibrary,https://www.issibern.ch/teams/atmoscoupling/Goncharenko_ISSI2011.pdf,scholarly_institute_hosted_cv,"ISSI-hosted project dossier includes Raymond Alan Plumb's own MIT CV, explicitly stating Born 30 March 1948; Ripon, North Yorks, England and Fellow of the Royal Society May 1998",,
RS_CURRENT_12105,John Polanyi,1929-01-23,exact_current_authority_locator_independently_recovered,https://www.pas.va/en/academicians/ordinary/polanyi.html,academy_official,Pontifical Academy of Sciences official member page explicitly states Date of birth 23 January 1929.,https://d-nb.info/gnd/137236395/about/lds,d-nb.info
RS_CURRENT_12117,Ghillean Prance,1937-07-13,exact_current_independent_nonlibrary,https://www.expo-cosmos.or.jp/english/cosmos/jyusyou/1993.html,award_official,International Cosmos Prize official prizewinner page explicitly states Born on 13 July 1937,,
RS_CURRENT_12148,Peter Ratcliffe,1954-05-14,exact_current_independent_nonlibrary,https://www.imm.ox.ac.uk/news/sir-peter-j-ratcliffe-wins-the-nobel-prize-in-medicine-2019,university_official,University of Oxford WIMM Nobel announcement explicitly states Professor Sir Peter John Ratcliffe FRS (born 14 May 1954),,
RS_CURRENT_12156,Martin Rees,1942-06-23,exact_current_authority_locator_independently_recovered,https://people.ast.cam.ac.uk/~mjr/cv.html,institutional_academic_cv,University of Cambridge-hosted personal CV explicitly states Date of Birth 23 June 1942.,https://d-nb.info/gnd/118178687/about/lds,d-nb.info
RS_CURRENT_12188,Richard Roberts,1943-09-06,exact_current_independent_nonlibrary,https://www.nobelprize.org/laureate/448,award_official,Nobel Prize official facts page explicitly states Born 6 September 1943 Derby United Kingdom,,
RS_CURRENT_12276,Joseph Silk,1942-12-03,exact_current_independent_nonlibrary,https://www.balzan.org/en/prizewinners/joseph-silk/bio-bibliography,award_official,Balzan Prize official bio-bibliography explicitly states Joseph Ivor Silk born in London on 3 December 1942,,
RS_CURRENT_12279,Leon Simon,1945-07-06,exact_current_independent_nonlibrary,https://mathshistory.st-andrews.ac.uk/Biographies/Simon/,institutional_academic_eligible,MacTutor/St Andrews original biography contains same exact DOB; current-Fellow identity audit passed,,
RS_CURRENT_12285,Stephen Simpson,1957-06-26,exact_current_independent_nonlibrary,https://www.eoas.info/biogs/P007057b.htm,secondary_authority_eligible,Encyclopedia of Australian Science and Innovation explicitly states Born 26 June 1957 Melbourne Victoria Australia,,
RS_CURRENT_12294,Julia Slingo,1950-12-13,exact_current_independent_nonlibrary,https://www.turing.ac.uk/events/turing-lecture-big-data-and-met-office-and-21st-century-problems,research_institute_official,"Alan Turing Institute official event biography explicitly states Date and Place of Birth 13 December 1950, Kenilworth, Warwickshire, England",,
RS_CURRENT_12314,Allan Snyder,1940-11-23,exact_current_independent_nonlibrary,https://www.eoas.info/biogs/P003045b.htm,secondary_authority_eligible,EOAS original biography contains same exact DOB; current-Fellow identity audit passed,,
RS_CURRENT_12320,Nahum Sonenberg,1946-12-29,exact_current_independent_nonlibrary,https://www.cdnmedhall.ca/laureates/nahumsonenberg,medical_hall_of_fame_official,Canadian Medical Hall of Fame laureate profile explicitly states Born December 29 1946 and lists 2006 Fellow of the Royal Society,,
RS_CURRENT_12326,Stephen Sparks,1949-05-15,exact_current_authority_locator_independently_recovered,https://www.timeshighereducation.com/news/people/qa-with-stephen-sparks/2018400.article,direct_professional_interview,"Direct Q&A asks where and when he was born; Sparks answers 15 May 1949, Harpenden.",https://catalogue.bnf.fr/ark:/12148/cb13491806n,catalogue.bnf.fr
RS_CURRENT_12339,Ian Stewart,1945-09-24,exact_current_authority_locator_independently_recovered,https://www.timeshighereducation.com/people/interview-ian-stewart-university-of-warwick,direct_professional_interview,Direct interview gives birthplace Folkestone and date 24 September 1945.,https://d-nb.info/gnd/124091598/about/lds,d-nb.info
RS_CURRENT_12367,Roger Summons,1946-06-11,exact_current_independent_nonlibrary,http://www.eoas.info/biogs/P003695b.htm,secondary_authority_eligible,EOAS original biography contains same exact DOB; current-Fellow identity audit passed,,
RS_CURRENT_12384,Roger Tanner,1933-07-25,exact_current_independent_nonlibrary,https://www.eoas.info/biogs/P003606b.htm,secondary_authority_eligible,EOAS original biography contains same exact DOB; current-Fellow identity audit passed,,
RS_CURRENT_12434,Scott Tremaine,1950-05-25,exact_current_independent_nonlibrary,https://dof.princeton.edu/people/scott-duncan-tremaine,institutional_academic_eligible,authoritative fallback source + exact date explicitly present,,
RS_CURRENT_12437,Neil Trudinger,1942-06-20,exact_current_authority_locator_independently_recovered,https://mathshistory.st-andrews.ac.uk/Biographies/Trudinger/,institutional_academic_biography,University of St Andrews MacTutor biography explicitly states Born 20 June 1942.,https://d-nb.info/gnd/122665813/about/lds,d-nb.info
RS_CURRENT_12451,Leslie Valiant,1949-03-28,exact_current_independent_nonlibrary,https://mathshistory.st-andrews.ac.uk/Biographies/Valiant/,institutional_academic_eligible,MacTutor/St Andrews original biography contains same exact DOB; current-Fellow identity audit passed,,
RS_CURRENT_12512,Gerald Westheimer,1924-05-13,exact_current_independent_nonlibrary,https://optometry.berkeley.edu/alumni/hall-of-fame/gerald-westheimer/,institutional_academic_eligible,eligible source + unique P569 candidate + exact date present in source page,,
RS_CURRENT_12529,Andrew Wiles,1953-04-11,exact_current_independent_nonlibrary,https://mathshistory.st-andrews.ac.uk/Biographies/Wiles/,institutional_academic_eligible,MacTutor/St Andrews original biography contains same exact DOB; current-Fellow identity audit passed,,
RS_CURRENT_12575,Magdi Yacoub,1935-11-16,exact_current_independent_nonlibrary,https://www.uc.pt/site/assets/files/1210759/cvyacoub.pdf,university_hosted_cv,University of Coimbra-hosted CV page 1 explicitly states Sir Magdi Habib Yacoub FRS born 16 November 1935 in Egypt,,
RS_CURRENT_12862,James Dunlop,1962-05-01,exact_current_independent_nonlibrary,https://www.roe.ac.uk/~jsd/CV/Dunlop_CV_2017.pdf,institutional_academic_eligible,corrected identity; Royal Observatory Edinburgh-hosted CV explicitly states exact DOB,,
RS_CURRENT_13428,Roy Taylor,1949-04-29,exact_current_independent_nonlibrary,https://doi.org/10.1098/rsbm.2017.0012,royal_society_scholarly_profile,Royal Society Biographical Memoirs author profile explicitly states James Roy Taylor was born in Carrickfergus on 29 April 1949,,
RS_CURRENT_13817,Demis Hassabis,1976-07-27,exact_current_independent_nonlibrary,https://www.nobelprize.org/laureate/1040,award_official,Nobel Prize official facts page explicitly states Born 27 July 1976 London United Kingdom,,
RS_CURRENT_14105,Roy Kerr,1934-05-16,exact_current_independent_nonlibrary,https://mathshistory.st-andrews.ac.uk/Biographies/Kerr_Roy/,institutional_academic_eligible,MacTutor/St Andrews original biography contains same exact DOB; current-Fellow identity audit passed,,
RS_CURRENT_14128,Jack Szostak,1952-11-09,exact_current_authority_locator_independently_recovered,https://rtmajor.chemistry.uconn.edu/past-speakers/jack-szostak/,university_official_biography,University of Connecticut Chemistry page explicitly states Born: 9 November 1952 and identifies the Nobel laureate.,https://d-nb.info/gnd/139389458/about/lds,d-nb.info
RS_CURRENT_25290,Timothy Behrens,1978-06-09,exact_current_independent_nonlibrary,https://users.fmrib.ox.ac.uk/~behrens/CV.html,institutional_academic_eligible,Oxford FMRIB CV explicitly states Date of Birth 9th June 1978,,
RS_CURRENT_25350,Daniel Frost,1970-11-29,exact_current_independent_nonlibrary,https://www.leopoldina.org/fileadmin/Migrierte_Daten/Publikationen/Dokumente/Neugewaehlte_Mitglieder_2018_01.pdf,academy_official,Leopoldina official 2018 new-members volume explicitly states 29.11.1970 Wolverhampton,,
RS_CURRENT_35004,Andy Haldane,1967-08-18,exact_current_authority_locator_independently_recovered,https://www.bankofengland.co.uk/-/media/boe/files/about/people/past/andy-haldane/andy-haldane-cv-2020.pdf,government_official_cv,Bank of England official CV explicitly states Date of Birth: 18 August 1967.,https://catalogue.bnf.fr/ark:/12148/cb150129617,catalogue.bnf.fr
RS_CURRENT_35026,Tom Muir,1967-06-21,exact_current_independent_nonlibrary,https://digital.sciencehistory.org/works/bzcyg7y,institutional_archive_eligible,Science History Institute oral-history collection explicitly lists Born June 21 1967 in Stranraer United Kingdom,,
RS_CURRENT_35028,Marilyn Renfree,1947-04-19,exact_current_independent_nonlibrary,http://www.eoas.info/biogs/P002743b.htm,secondary_authority_eligible,EOAS original biography contains same exact DOB; current-Fellow identity audit passed,,
RS_CURRENT_35035,Louis Taillefer,1959-10-28,exact_current_independent_nonlibrary,https://prixduquebec.gouv.qc.ca/recipiendaires/louis-taillefer/,frozen_hierarchy_eligible,eligible source + unique P569 candidate + exact date present in source page,,
RS_CURRENT_35839,Richard Robson,1937-06-04,exact_current_independent_nonlibrary,https://www.eoas.info/biogs/P003792b.htm,secondary_authority_eligible,EOAS original biography contains same exact DOB; current-Fellow identity audit passed,,
RS_CURRENT_36236,Tebello Nyokong,1951-10-20,exact_current_independent_nonlibrary,https://www.gov.za/about-government/tebello-nyokong-1951,government_eligible,authoritative fallback source + exact date explicitly present,,
RS_CURRENT_36728,Glynn Winskel,1953-05-23,exact_current_independent_nonlibrary,https://www.cl.cam.ac.uk/~gw104/TwopageCV.pdf,institutional_academic_eligible,Cambridge Computer Laboratory-hosted CV page 1 explicitly states Date and place of birth: 23.5.53 Lancaster England,,
RS_CURRENT_37377,Xiaodong Chen,1975-12-13,exact_current_independent_nonlibrary,https://onlinelibrary.wiley.com/doi/10.1002/anie.201811655,scholarly_author_profile,Angewandte Chemie Author Profile explicitly lists Date of birth December 13 1975 and NTU position,,