location,ten_god,dates,people,music,p_music_given_tengod,share_among_music,share_among_all,enrichment_ratio
month_order,比肩,39,1772,120,0.06772009029345373,0.11396011396011396,0.10864500306560393,1.048921816416173
month_order,劫财,36,1626,98,0.06027060270602706,0.09306742640075974,0.0996934396076027,0.9335361159879405
month_order,食神,36,1674,107,0.06391875746714457,0.10161443494776828,0.1026364193746168,0.9900426726392477
month_order,伤官,34,1561,99,0.06342088404868675,0.09401709401709402,0.09570815450643777,0.9823310720171706
month_order,偏财,34,1499,95,0.06337558372248166,0.09021842355175688,0.09190680564071121,0.9816294116938992
month_order,正财,34,1522,96,0.06307490144546649,0.09116809116809117,0.09331698344573881,0.9769721202047089
month_order,七杀,35,1663,109,0.06554419723391461,0.10351377018043685,0.10196198651134274,1.0152192373078321
month_order,正官,35,1652,114,0.06900726392251816,0.10826210826210826,0.10128755364806867,1.0688589502148824
month_order,偏印,36,1668,109,0.06534772182254196,0.10351377018043685,0.10226854690374004,1.0121760141744154
month_order,正印,36,1673,106,0.06335923490735207,0.100664767331434,0.10257510729613734,0.9813761836077038
